Section,Product Name,Chemical Name / Description,CAS Number,Grade / Traceability,Product Code,Pack Size,HSN Code,GST %,Other / Notes
Fine & Research Chemicals,"A,a,’-Azoisobutyronitrile",,78-67-1,Synthesis,92589,100 G,29270000,18,
Fine & Research Chemicals,Acacia gum,,9000-01-5,LR,90698,500 G,13019019,18,
Fine & Research Chemicals,Acetaldehyde diethyl acetal,,105-57-5,GC,94091,100 ML,29110000,18,
Fine & Research Chemicals,Acetaldehyde solution 20-30%,,75-07-0,LR,93075,500 ML,29121200,18,
Fine & Research Chemicals,Acetamide,,60-35-5,GC,94093,100 G,29241900,18,
Fine & Research Chemicals,Acetamide,,60-35-5,Synthesis,93308,100 G,29241900,18,
Fine & Research Chemicals,"Acetanilide, 99%",,103-84-4,LR,90901,500 G,29242910,18,
Fine & Research Chemicals,Acetic acid glacial,,64-19-7,HPLC,90001,1 L,29152100,18,
Fine & Research Chemicals,Acetic acid glacial,,64-19-7,HPLC,90001,2.5 L,29152100,18,
Fine & Research Chemicals,Acetic acid glacial,,64-19-7,GC,94048,250 ML,29152100,18,
Fine & Research Chemicals,Acetic acid glacial,,64-19-7,GC,94048,500 ML,29152100,18,
Fine & Research Chemicals,Acetic acid glacial,,64-19-7,GC,94048,1 L,29152100,18,
Fine & Research Chemicals,Acetic acid glacial,,64-19-7,ACS,91647,500 ML,29152100,18,
Fine & Research Chemicals,Acetic acid glacial,,64-19-7,AR,90101,500 ML,29152100,18,
Fine & Research Chemicals,Acetic acid glacial,,64-19-7,AR,90101,2.5 L,29152100,18,
Fine & Research Chemicals,Acetic acid glacial,,64-19-7,DRYSOLV,90729,500 ML,29152100,18,
Fine & Research Chemicals,Acetic acid glacial,,64-19-7,LR,90301,500 ML,29152100,18,
Fine & Research Chemicals,Acetic acid glacial,,64-19-7,LR,90301,2.5 L,29152100,18,
Fine & Research Chemicals,Acetic acid glacial,,64-19-7,LN,94253,2.5 L,29152100,18,
Fine & Research Chemicals,Acetic acid glacial (0.2 M) solution,,64-19-7,Solution,97027,1 L,29152100,18,
Fine & Research Chemicals,Acetic acid glacial (2.0 M) solution,,64-19-7,Solution,97178,1 L,29152100,18,
Fine & Research Chemicals,Acetic acid glacial 6 M solution,,64-19-7,Solution,97184,500 ML,29152100,18,
Fine & Research Chemicals,Aceto carmine solution,,1390-65-4,Stain,94209,100 ML,32030090,18,
Fine & Research Chemicals,Acetoin 95%,,513-86-0,LR,92837,1 KG,29141990,18,
Fine & Research Chemicals,Acetone,,67-64-1,HPLC,90002,1 L,29141100,18,
Fine & Research Chemicals,Acetone,,67-64-1,HPLC,90002,2.5 L,29141100,18,
Fine & Research Chemicals,Acetone,,67-64-1,EL,90731,2.5 L,29141100,18,
Fine & Research Chemicals,Acetone,,67-64-1,GC,94021,250 ML,29141100,18,
Fine & Research Chemicals,Acetone,,67-64-1,GC,94021,500 ML,29141100,18,
Fine & Research Chemicals,Acetone,,67-64-1,GC,94021,1 L,29141100,18,
Fine & Research Chemicals,Acetone,,67-64-1,ACS,91601,500 ML,29141100,18,
Fine & Research Chemicals,Acetone,,67-64-1,ACS,91601,1 L,29141100,18,
Fine & Research Chemicals,Acetone,,67-64-1,AR,90102,500 ML,29141100,18,
Fine & Research Chemicals,Acetone,,67-64-1,AR,90102,2.5 L,29141100,18,
Fine & Research Chemicals,Acetone,,67-64-1,DRYSOLV,90894,500 ML,29141100,18,
Fine & Research Chemicals,Acetone,,67-64-1,LR,90302,500 ML,29141100,18,
Fine & Research Chemicals,Acetone,,67-64-1,LR,90302,1 L,29141100,18,
Fine & Research Chemicals,Acetone,,67-64-1,LR,90302,2.5 L,29141100,18,
Fine & Research Chemicals,Acetone,,67-64-1,LN,94254,1 L,29141100,18,
Fine & Research Chemicals,Acetone,,67-64-1,LN,94254,2.5 L,29141100,18,
Fine & Research Chemicals,Acetone,,67-64-1,LCN™ (NMR Tested),94355,2.5 L,29141100,18,
Fine & Research Chemicals,Acetone cyanohydrin,,75-86-5,Synthesis,93391,500 ML,29269000,18,
Fine & Research Chemicals,Acetonitrile,,75-05-8,LC-MS,90005,1 L,29269000,18,
Fine & Research Chemicals,Acetonitrile,,75-05-8,LC-MS,90005,2.5 L,29269000,18,
Fine & Research Chemicals,Acetonitrile,,75-05-8,LC-MS,90005,4 L,29269000,18,
Fine & Research Chemicals,Acetonitrile,,75-05-8,Gradient Premium,90099,2.5 L,29269000,18,
Fine & Research Chemicals,Acetonitrile,,75-05-8,Gradient Premium,90099,4 L,29269000,18,
Fine & Research Chemicals,Acetonitrile,,75-05-8,Gradient,90004,1 L,29269000,18,
Fine & Research Chemicals,Acetonitrile,,75-05-8,Gradient,90004,2.5 L,29269000,18,
Fine & Research Chemicals,Acetonitrile,,75-05-8,HPLC,90003,1 L,29269000,18,
Fine & Research Chemicals,Acetonitrile,,75-05-8,HPLC,90003,2.5 L,29269000,18,
Fine & Research Chemicals,Acetonitrile,,75-05-8,HPLC,90003,4 L,29269000,18,
Fine & Research Chemicals,Acetonitrile,,75-05-8,PREP. HPLC,90066,2.5 L,29269000,18,
Fine & Research Chemicals,Acetonitrile,,75-05-8,GC-MS,99502,1 L,29269000,18,
Fine & Research Chemicals,Acetonitrile,,75-05-8,GC,94024,250 ML,29269000,18,
Fine & Research Chemicals,Acetonitrile,,75-05-8,GC,94024,500 ML,29269000,18,
Fine & Research Chemicals,Acetonitrile,,75-05-8,GC,94024,1 L,29269000,18,
Fine & Research Chemicals,Acetonitrile,,75-05-8,ACS,91625,2.5 L,29269000,18,
Fine & Research Chemicals,Acetonitrile,,75-05-8,AR,90103,500 ML,29269000,18,
Fine & Research Chemicals,Acetonitrile,,75-05-8,AR,90103,2.5 L,29269000,18,
Fine & Research Chemicals,Acetonitrile,,75-05-8,DRYSOLV,90893,500 ML,29269000,18,
Fine & Research Chemicals,Acetonitrile,,75-05-8,DRYSOLV,90893,2.5 L,29269000,18,
Fine & Research Chemicals,Acetonitrile,,75-05-8,LR,90303,500 ML,29269000,18,
Fine & Research Chemicals,Acetonitrile,,75-05-8,LR,90303,2.5 L,29269000,18,
Fine & Research Chemicals,Acetonitrile,,75-05-8,LN,94255,1 L,29269000,18,
Fine & Research Chemicals,Acetonitrile,,75-05-8,LCN™ (NMR Tested),94352,2.5 L,29269000,18,
Fine & Research Chemicals,Acetonitrile special,,75-05-8,SG,96502,2.5 L,29269000,18,
Fine & Research Chemicals,"Acetophenone, 99%",,98-86-2,LR,91872,500 ML,29147090,18,
Fine & Research Chemicals,Acetyl acetone,,123-54-6,AR,96113,500 ML,29141990,18,
Fine & Research Chemicals,"Acetyl bromide, 98%",,506-96-7,Synthesis,91972,250 ML,29159070,18,
Fine & Research Chemicals,Acetyl chloride,,75-36-5,Synthesis,92005,500 ML,29159010,18,
Fine & Research Chemicals,2-Acetyl-6-methoxy naphthalene,,3900-45-6,MolBio,92718,1 KG,29141990,18,
Fine & Research Chemicals,Acetylacetone,,123-54-6,LR,91892,500 ML,29141990,18,
Fine & Research Chemicals,Acriflavine hydrochloride,,8063-24-9,LR,91854,100 G,29333990,18,
Fine & Research Chemicals,Acriflavine hydrochloride,,8063-24-9,LR,91854,500 G,29333990,18,
Fine & Research Chemicals,"Acrylamide, 98%",,79-06-1,MolBio,92629,100 G,29241900,18,
Fine & Research Chemicals,"Acrylamide, 98%",,79-06-1,MolBio,93036,500 G,29241900,18,
Fine & Research Chemicals,"Acrylic acid, 98% (stabilized with HQ)",,79-10-7,Synthesis,92038,500 ML,29161100,18,
Fine & Research Chemicals,"Acrylonitrile, 99% (stabilized with MEHQ)",,107-13-1,LR,92424,500 ML,29261000,18,
Fine & Research Chemicals,AD CLEANSE ™,,NA,Sanitizer,97500,100 ML,34022090,18,
Fine & Research Chemicals,AD CLEANSE ™,,,Sanitizer,97500,500 ML,34022090,18,
Fine & Research Chemicals,AD CLEANSE ™,,,Sanitizer,97500,5 L,34022090,18,
Fine & Research Chemicals,AD-CLEAN-Alkaline,,,Detergent,90791,500 ML,34029019,18,
Fine & Research Chemicals,AD-CLEAN-Alkaline,,,Detergent,90791,5 L,34029019,18,
Fine & Research Chemicals,AD-CLEAN-Neutral,,,Detergent,90793,500 ML,34029019,18,
Fine & Research Chemicals,AD-CLEAN-Neutral,,,Detergent,90793,1 L,34029019,18,
Fine & Research Chemicals,AD-CLEAN-Neutral,,,Detergent,90793,5 L,34029019,18,
Fine & Research Chemicals,AD-CLEAN-Phosphate free,,,Detergent,90794,500 ML,34029019,18,
Fine & Research Chemicals,AD-CLEAN-Phosphate free,,,Detergent,90794,5 L,34029019,18,
Fine & Research Chemicals,AD-CLEAN-Power (Hi-Power),,,Detergent,90792,500 ML,34029019,18,
Fine & Research Chemicals,AD-CLEAN-Power (Hi-Power),,,Detergent,90792,5 L,34029019,18,
Fine & Research Chemicals,Adipic acid,,124-04-9,LR,90304,500 G,29171200,18,
Fine & Research Chemicals,AdSolve-C,,,HPLC,90059,1 L,29032200,18,
Fine & Research Chemicals,AdSolve-C,,,HPLC,90059,2.5 L,29032200,18,
Fine & Research Chemicals,AdSolve-C,,,GC,94041,250 ML,29032200,18,
Fine & Research Chemicals,AdSolve-C,,,GC,94041,500 ML,29032200,18,
Fine & Research Chemicals,AdSolve-C,,,GC,94041,1 L,29032200,18,
Fine & Research Chemicals,AdSolve-C,,,AR,91560,500 ML,29031400,18,
Fine & Research Chemicals,AdSolve-C,,,AR,91560,1 L,29031400,18,
Fine & Research Chemicals,AdSolve-C,,,AR,91560,2.5 L,29031400,18,
Fine & Research Chemicals,AdSolve-C,,,LR,91898,500 ML,29032200,18,
Fine & Research Chemicals,AdSolve-C,,,LR,91898,1 L,29032200,18,
Fine & Research Chemicals,AdSolve-C,,,LR,91898,2.5 L,29032200,18,
Fine & Research Chemicals,AdSolve-H,,,HPLC,90045,1 L,27101212,18,
Fine & Research Chemicals,AdSolve-H,,,HPLC,90045,2.5 L,27101212,18,
Fine & Research Chemicals,AdSolve-H,,,AR,90229,500 ML,27101212,18,
Fine & Research Chemicals,AdSolve-H,,,AR,90229,2.5 L,27101212,18,
Fine & Research Chemicals,AdSolve-H,,,LR,90524,500 ML,27101212,18,
Fine & Research Chemicals,AdSolve-H,,,LR,90524,2.5 L,27101212,18,
Fine & Research Chemicals,AdSolve-H,,,LN,94273,500 ML,27101980,18,
Fine & Research Chemicals,AdSolve-H,,,LN,94273,1 L,27101990,18,
Fine & Research Chemicals,AdSolve-H,,,LN,94273,2.5 L,27101980,18,
Fine & Research Chemicals,Agar-agar (bacteriological grade),,9002-18-0,MolBio,92625,100 G,13023100,18,
Fine & Research Chemicals,Agar-agar (bacteriological grade),,9002-18-0,MolBio,92625,500 G,13023100,18,
Fine & Research Chemicals,Agar-agar (bacteriological grade),,9002-18-0,LR,90305,250 G,13023100,18,
Fine & Research Chemicals,Agar-agar (bacteriological grade),,9002-18-0,LR,90305,500 G,13023100,18,
Fine & Research Chemicals,Agar-agar (Tissue-culture grade),,9002-18-0,LR,90598,500 G,13023100,18,
Fine & Research Chemicals,"b-Alanine methyl ester hydrochloride, 98%",,3196-73-4,MolBio,92073,25 G,29224920,18,
Fine & Research Chemicals,"b-Alanine, 99%",,107-95-9,MolBio,92072,100 G,29224920,18,
Fine & Research Chemicals,"b-Alanine, 99%",,107-95-9,MolBio,92072,500 G,29224920,18,
Fine & Research Chemicals,Albumin bovine (Fraction V),,90604-29-8,LR,92638,25 G,35029000,18,
Fine & Research Chemicals,Albumin bovine (Fraction V),,90604-29-8,LR,92638,100 G,35029000,18,
Fine & Research Chemicals,Alcalase,,9014-01-1,MolBio,90938,500 G,35079069,18,
Fine & Research Chemicals,Aldehyde dehydrogenase,,9028-88-0,Enzyme,92929,25 U,35079069,18,
Fine & Research Chemicals,Alloxan(hydrate),,02244-11-3,LR,93577,250 G,29333990,18,
Fine & Research Chemicals,"Allyl bromide, 98% (3-Bromopropene)",,106-95-6,Synthesis,91964,500 ML,29420090,18,
Fine & Research Chemicals,"Allyl chloride, 98% (3-Chloropropene)",,107-05-1,Synthesis,92009,500 ML,29032900,18,
Fine & Research Chemicals,"Allyl glycidyl ether, 99%",,106-92-3,Synthesis,91902,100 ML,29109000,18,
Fine & Research Chemicals,Aluminium ammonium sulphate dodecahydrate,,7784-26-1,AR,90104,500 G,28333090,18,
Fine & Research Chemicals,Aluminium ammonium sulphate dodecahydrate,,7784-26-1,LR,90306,500 G,28333090,18,
Fine & Research Chemicals,Aluminium chloride anhydrous,,7446-70-0,AR,90105,500 G,28273200,18,
Fine & Research Chemicals,Aluminium chloride anhydrous,,7446-70-0,LR,90307,500 G,28273200,18,
Fine & Research Chemicals,Aluminium chloride hexahydrate,,7784-13-6,LR,93313,500 G,28273200,18,
Fine & Research Chemicals,Aluminium metal,,7429-90-5,LR,90308,500 G,28051900,18,
Fine & Research Chemicals,Aluminium nitrate nonahydrate,,7784-27-2,AR,91561,500 G,28342990,18,
Fine & Research Chemicals,Aluminium nitrate nonahydrate,,7784-27-2,LR,90309,500 G,28342990,18,
Fine & Research Chemicals,Aluminium oxide active acidic,,1344-28-1,LR,90310,250 G,28182010,18,
Fine & Research Chemicals,Aluminium oxide active acidic,,1344-28-1,LR,90310,500 G,28182010,18,
Fine & Research Chemicals,Aluminium oxide active basic,,1344-28-1,LR,90311,500 G,28182010,18,
Fine & Research Chemicals,Aluminium oxide active neutral,,1344-28-1,LR,90312,500 G,28182010,18,
Fine & Research Chemicals,Aluminium potassium sulphate dodecahydrate,,7784-24-9,AR,90106,500 G,28332900,18,
Fine & Research Chemicals,Aluminium potassium sulphate dodecahydrate,,7784-24-9,LR,90314,500 G,28332900,18,
Fine & Research Chemicals,Aluminium sulphate hydrate,,17927-65-0,AR,90107,500 G,28332210,18,
Fine & Research Chemicals,Aluminium sulphate hydrate,,17927-65-0,LR,90315,500 G,28332210,18,
Fine & Research Chemicals,Aluminium sulphate hexadecahydrate,,16828-11-8,LR,93311,500 G,28332210,18,
Fine & Research Chemicals,Aluminium sulphate octadecahydrate,,7784-31-8,LR,93536,500 G,28332210,18,
Fine & Research Chemicals,2-Amino-2-methyl-1-propanol,,124-68-5,LR,92591,1 KG,29221900,18,
Fine & Research Chemicals,"4-Aminoantipyrine, 99%",,83-07-8,AR,91519,25 G,29333990,18,
Fine & Research Chemicals,"4-Aminoantipyrine, 99%",,83-07-8,AR,91519,100 G,29333990,18,
Fine & Research Chemicals,4-Aminobenzoic acid,,150-13-0,LR,93221,100 G,29224990,18,
Fine & Research Chemicals,"2-Aminoisobutyric acid, 98%",,62-57-7,MolBio,92131,25 G,29224990,18,
Fine & Research Chemicals,"2-Aminoisobutyric acid, 98%",,62-57-7,MolBio,92131,100 G,29224990,18,
Fine & Research Chemicals,"4-Aminomorpholine, 98%",,4319-49-7,Synthesis,90968,10 G,29349990,18,
Fine & Research Chemicals,"4-Aminomorpholine, 98%",,4319-49-7,Synthesis,90968,25 G,29349990,18,
Fine & Research Chemicals,"4-Aminophenol, 98%",,123-30-8,Synthesis,91912,100 G,29335990,18,
Fine & Research Chemicals,"4-Aminophenol, 98%",,123-30-8,Synthesis,91912,500 G,29335990,18,
Fine & Research Chemicals,"1-Aminopyridinium iodide, 98%",,6295-87-0,Synthesis,92409,5 G,29333919,18,
Fine & Research Chemicals,Ammonia buffer solution,,1336-21-6,LR,91717,500 ML,38220090,12,
Fine & Research Chemicals,Ammonia solution (6.0N),,1336-21-6,Solution,97185,500 ML,28142000,18,
Fine & Research Chemicals,Ammonia solution Sp. Gr. 0.91,,1336-21-6,AR,90108,500 ML,28142000,18,
Fine & Research Chemicals,Ammonia solution Sp. Gr. 0.91,,1336-21-6,AR,90108,2.5 L,28142000,18,
Fine & Research Chemicals,Ammonia solution Sp. Gr. 0.91,,1336-21-6,AR,90108,5 L,28142000,18,
Fine & Research Chemicals,Ammonia solution Sp. Gr. 0.91,,1336-21-6,LR,90316,500 ML,28142000,18,
Fine & Research Chemicals,Ammonia solution Sp. Gr. 0.91,,1336-21-6,LR,90316,2.5 L,28142000,18,
Fine & Research Chemicals,Ammonia solution Sp. Gr. 0.91,,1336-21-6,LR,90316,5 L,28142000,18,
Fine & Research Chemicals,Ammonium acetate,,631-61-8,LC-MS,98716,50 G,29152990,18,
Fine & Research Chemicals,Ammonium acetate,,631-61-8,LC-MS,98716,500 G,29152990,18,
Fine & Research Chemicals,Ammonium acetate,,631-61-8,HPLC,90007,500 G,29152990,18,
Fine & Research Chemicals,Ammonium acetate,,631-61-8,AR,90109,500 G,29152990,18,
Fine & Research Chemicals,Ammonium acetate,,631-61-8,AR,90109,1 KG,29152990,18,
Fine & Research Chemicals,Ammonium acetate,,631-61-8,LR,90317,500 G,29152990,18,
Fine & Research Chemicals,Ammonium bicarbonate,,1066-33-7,LR,90318,500 G,28369990,18,
Fine & Research Chemicals,Ammonium bifluoride,,1341-49-7,AR,90110,500 G,28261990,18,
Fine & Research Chemicals,Ammonium bifluoride,,1341-49-7,LR,90319,500 G,28261990,18,
Fine & Research Chemicals,Ammonium bromide,,12124-97-9,AR,90111,500 G,28275990,18,
Fine & Research Chemicals,Ammonium bromide,,12124-97-9,LR,90320,500 G,29239000,18,
Fine & Research Chemicals,Ammonium carbonate,,10361-29-2,AR,90112,500 G,28361000,18,
Fine & Research Chemicals,Ammonium carbonate,,10361-29-2,LR,90321,500 G,28361000,18,
Fine & Research Chemicals,Ammonium cerric nitrate,,16774-21-3,AR,90113,100 G,29342990,18,
Fine & Research Chemicals,Ammonium cerric nitrate,,16774-21-3,LR,90322,100 G,29342990,18,
Fine & Research Chemicals,Ammonium cerric sulphate dihydrate,,10378-47-9,AR,90272,100 G,38220090,18,
Fine & Research Chemicals,Ammonium cerric sulphate dihydrate,,10378-47-9,LR,90323,100 G,38220090,18,
Fine & Research Chemicals,Ammonium chloride,,12125-02-9,AR,90114,500 G,28271000,18,
Fine & Research Chemicals,Ammonium chloride,,12125-02-9,LR,90324,500 G,28271000,18,
Fine & Research Chemicals,Ammonium chloride,,12125-02-9,LR,90324,1 KG,28271000,18,
Fine & Research Chemicals,Ammonium chloride,,12125-02-9,LR,90324,5 KG,28271000,18,
Fine & Research Chemicals,Ammonium citrate tribasic,,3458-72-8,LR,90325,500 G,29181590,18,
Fine & Research Chemicals,Ammonium dichromate,,7789-09-5,LR,90326,500 G,28415090,18,
Fine & Research Chemicals,Ammonium ferric citrate,,1185-57-5,AR,91565,500 G,29130090,18,
Fine & Research Chemicals,Ammonium ferric citrate,,1185-57-5,LR,90751,500 G,29181550,18,
Fine & Research Chemicals,Ammonium ferric sulphate dodecahydrate,,7783-83-7,AR,90115,500 G,29130090,18,
Fine & Research Chemicals,Ammonium ferric sulphate dodecahydrate,,7783-83-7,LR,90327,500 G,29130090,18,
Fine & Research Chemicals,Ammonium ferrous sulphate hexahydrate,,7783-85-9,AR,90116,500 G,28332990,18,
Fine & Research Chemicals,Ammonium ferrous sulphate hexahydrate,,7783-85-9,LR,90328,500 G,28332990,18,
Fine & Research Chemicals,Ammonium ferrous sulphate hexahydrate,,7783-85-9,LR,90328,1 KG,28332990,18,
Fine & Research Chemicals,Ammonium fluoride,,12125-01-8,AR,90117,250 G,28269000,18,
Fine & Research Chemicals,Ammonium fluoride,,12125-01-8,LR,90329,500 G,28269000,18,
Fine & Research Chemicals,Ammonium formate,,540-69-2,AR,96002,500 G,29151100,18,
Fine & Research Chemicals,Ammonium formate,,540-69-2,LR,90330,250 G,29151290,18,
Fine & Research Chemicals,Ammonium formate,,540-69-2,LR,90330,500 G,29151290,18,
Fine & Research Chemicals,Ammonium heptamolybdate,,12054-85-2,LR,91900,250 G,28417090,18,
Fine & Research Chemicals,"Ammonium iodide, 99%",,12027-06-4,LR,92342,100 G,28276090,18,
Fine & Research Chemicals,"Ammonium iodide, 99%",,12027-06-4,LR,92342,250 G,28276090,18,
Fine & Research Chemicals,Ammonium metavanadate,,7803-55-6,AR,96044,500 G,28253090,18,
Fine & Research Chemicals,Ammonium metavanadate,,7803-55-6,LR,93024,500 G,28253090,18,
Fine & Research Chemicals,Ammonium molybdate tetrahydrate,,12054-85-2,AR,90118,100 G,28417090,18,
Fine & Research Chemicals,Ammonium molybdate tetrahydrate,,12054-85-2,AR,90118,500 G,28417090,18,
Fine & Research Chemicals,Ammonium molybdate tetrahydrate,,12054-85-2,AR,90118,1 KG,28417090,18,
Fine & Research Chemicals,Ammonium molybdate tetrahydrate,,12054-85-2,LR,90331,100 G,28417090,18,
Fine & Research Chemicals,Ammonium molybdate tetrahydrate,,12054-85-2,LR,90331,500 G,28417090,18,
Fine & Research Chemicals,Ammonium molybdate tetrahydrate,,12054-85-2,LR,90331,1 KG,28417090,18,
Fine & Research Chemicals,Ammonium oxalate monohydrate,,6009-70-7,LR,90332,500 G,29171190,18,
Fine & Research Chemicals,Ammonium persulphate,,7727-54-0,AR,90119,500 G,28334000,18,
Fine & Research Chemicals,Ammonium persulphate,,7727-54-0,LR,90333,500 G,28334000,18,
Fine & Research Chemicals,Ammonium persulphate Ammonium phosphate dibasic,,7727-54-0,LR,90333,5 KG,28334000,18,
Fine & Research Chemicals,(Diammonium hydrogen orthophosphate) Ammonium phosphate dibasic,,7783-28-0,AR,90120,500 G,28352990,18,
Fine & Research Chemicals,(Diammonium hydrogen orthophosphate) Ammonium phosphate monobasic,,7783-28-0,LR,90334,500 G,28352990,18,
Fine & Research Chemicals,(Ammonium dihydrogen orthophosphate) Ammonium phosphate monobasic,,7722-76-1,HPLC,90008,500 G,28352990,18,
Fine & Research Chemicals,(Ammonium dihydrogen orthophosphate) Ammonium phosphate monobasic,,7722-76-1,AR,90121,500 G,28352990,18,
Fine & Research Chemicals,(Ammonium dihydrogen orthophosphate),,7722-76-1,LR,90335,500 G,31053000,18,
Fine & Research Chemicals,Ammonium purpurate (Murexide),,3051-09-0,AR,91530,25 G,29252090,18,
Fine & Research Chemicals,Ammonium purpurate (Murexide),,3051-09-0,AR,91530,100 G,29252090,18,
Fine & Research Chemicals,Ammonium sulphate,,7783-20-2,AR,90122,500 G,28332990,18,
Fine & Research Chemicals,Ammonium sulphate,,7783-20-2,LR,90336,500 G,28332990,18,
Fine & Research Chemicals,Ammonium sulphide 20% solution in water,,12135-76-1,Solution,93613,500 ML,28309010,18,
Fine & Research Chemicals,Ammonium thiocyanate,,1762-95-4,AR,90123,500 G,28372090,18,
Fine & Research Chemicals,Ammonium thiocyanate,,1762-95-4,LR,90337,500 G,28372090,18,
Fine & Research Chemicals,n-Amyl-alcohol (mixed isomers),,71-41-0,LR,90638,500 ML,29051990,18,
Fine & Research Chemicals,"Aniline, 99%",,62-53-3,GC,99025,500 ML,29214110,18,
Fine & Research Chemicals,"Aniline, 99%",,62-53-3,AR,91544,500 ML,29033990,5,
Fine & Research Chemicals,"Aniline, 99%",,62-53-3,AR,91544,2.5 L,29033990,5,
Fine & Research Chemicals,"Aniline, 99%",,62-53-3,LR,91868,500 ML,29214110,18,
Fine & Research Chemicals,"Aniline, 99%",,62-53-3,LR,91868,2.5 L,29214110,18,
Fine & Research Chemicals,Anisole,,100-66-3,LR,93133,500 ML,29420090,18,
Fine & Research Chemicals,Anisole,,100-66-3,LR,93133,1 L,29093090,18,
Fine & Research Chemicals,Anisole,,100-66-3,LR,93133,2.5 L,29093012,18,
Fine & Research Chemicals,Anthraquinone,,84-65-1,Synthesis,91913,500 G,29146100,18,
Fine & Research Chemicals,Anthrone,,90-44-8,LR,93450,25 G,29143920,18,
Fine & Research Chemicals,Antimony Trichloride,,10025-91-9,LR,93383,500 G,28273990,18,
Fine & Research Chemicals,Antimony(III) oxide,,1309-64-4,LR,93086,500 G,13023100,18,
Fine & Research Chemicals,Arsenic trioxide,,1327-53-3,LR,93111,500 G,32041342,18,
Fine & Research Chemicals,Atropine sulphate monohydrate,,5908-99-6,Synthesis,96006,25 G,38220090,12,
Fine & Research Chemicals,Azure B for microscopy,,531-55-3,LR,92648,25 G,32049000,18,
Fine & Research Chemicals,"Barbituric acid, 99%",,67-52-7,Synthesis,91935,100 G,29335210,18,
Fine & Research Chemicals,"Barbituric acid, 99%",,67-52-7,Synthesis,91935,500 G,29335210,18,
Fine & Research Chemicals,Barium acetate,,543-80-6,LR,93074,500 G,29152990,18,
Fine & Research Chemicals,Barium carbonate,,513-77-9,LR,90338,500 G,28366000,18,
Fine & Research Chemicals,Barium carbonate,,513-77-9,LR,90338,5 KG,28366000,18,
Fine & Research Chemicals,Barium chloride dihydrate,,10326-27-9,AR,90124,500 G,28273990,18,
Fine & Research Chemicals,Barium chloride dihydrate,,10326-27-9,LR,90339,500 G,28273990,18,
Fine & Research Chemicals,Barium chromate,,10294-40-3,LR,93159,100 G,28164000,18,
Fine & Research Chemicals,Barium diphenylamine-4-sulphonate,,6211-24-1,LR,90340,5 G,29214490,18,
Fine & Research Chemicals,Barium diphenylamine-4-sulphonate,,6211-24-1,LR,90340,25 G,29214490,18,
Fine & Research Chemicals,Barium hydroxide octahydrate,,12230-71-6,AR,90125,500 G,28164000,18,
Fine & Research Chemicals,Barium hydroxide octahydrate,,12230-71-6,LR,90341,500 G,28164000,18,
Fine & Research Chemicals,Barium hydroxide octahydrate,,12230-71-6,LR,90341,5 KG,28164000,18,
Fine & Research Chemicals,Barium nitrate,,10022-31-8,AR,90126,500 G,28342930,18,
Fine & Research Chemicals,Barium nitrate,,10022-31-8,LR,90342,500 G,28342930,18,
Fine & Research Chemicals,Barium nitrate,,10022-31-8,LR,90342,5 KG,28342930,18,
Fine & Research Chemicals,Barium sulphate,,7727-43-7,AR,91513,500 G,28332700,18,
Fine & Research Chemicals,Barium sulphate,,7727-43-7,LR,90343,500 G,28332700,18,
Fine & Research Chemicals,Barium Sulphate (special battery grade),,7727-43-7,LR,90614,500 G,28332700,18,
Fine & Research Chemicals,Beef extract,,68990-09-0,MolBio,92636,500 G,29339900,18,
Fine & Research Chemicals,Beef extract,,68990-09-0,MolBio,92636,1 KG,29339900,18,
Fine & Research Chemicals,Benedict's Reagent (Qualitative),,63126-89-6,LR,91718,500 ML,38220090,18,
Fine & Research Chemicals,Benedict's Reagent (Qualitative),,63126-89-6,LR,91718,5 L,38220090,18,
Fine & Research Chemicals,Benedict's Reagent (Quantitative),,63126-89-6,LR,91719,500 ML,38220090,18,
Fine & Research Chemicals,Benedict's Reagent (Quantitative),,63126-89-6,LR,91719,5 L,38220090,18,
Fine & Research Chemicals,Bentonite powder,,1302-78-9,Synthesis,92895,500 G,25081090,5,
Fine & Research Chemicals,"Benzaldehyde, 99%",,100-52-7,AR,91520,500 ML,29122100,18,
Fine & Research Chemicals,"Benzaldehyde, 99%",,100-52-7,LR,91803,500 ML,29122100,18,
Fine & Research Chemicals,"Benzaldehyde, 99%",,100-52-7,GC,99044,250 ML,29122100,18,
Fine & Research Chemicals,Benzalkonium chloride 50%,,63449-41-2,LR,90752,500 ML,29239000,18,
Fine & Research Chemicals,Benzalkonium chloride 50%,,63449-41-2,LR,90752,5 L,29239000,18,
Fine & Research Chemicals,Benzalkonium chloride 80%,,63449-41-2,LR,91891,500 ML,29239000,18,
Fine & Research Chemicals,"Benzamide, 98%",,55-21-0,LR,91869,100 G,29239000,18,
Fine & Research Chemicals,Benzene,,71-43-2,HPLC,90009,1 L,29022000,18,
Fine & Research Chemicals,Benzene,,71-43-2,HPLC,90009,2.5 L,29022000,18,
Fine & Research Chemicals,Benzene,,71-43-2,GC,94022,250 ML,29022000,18,
Fine & Research Chemicals,Benzene,,71-43-2,GC,94022,500 ML,29022000,18,
Fine & Research Chemicals,Benzene,,71-43-2,GC,94022,1 L,29022000,18,
Fine & Research Chemicals,Benzene,,71-43-2,AR,90127,500 ML,29022000,18,
Fine & Research Chemicals,Benzene,,71-43-2,AR,90127,1 L,29022000,18,
Fine & Research Chemicals,Benzene,,71-43-2,AR,90127,2.5 L,29022000,18,
Fine & Research Chemicals,Benzene,,71-43-2,Drysolv,90898,500 ML,29022000,18,
Fine & Research Chemicals,Benzene,,71-43-2,LR,90344,500 ML,29022000,18,
Fine & Research Chemicals,Benzene,,71-43-2,LR,90344,2.5 L,29022000,18,
Fine & Research Chemicals,Benzene,,71-43-2,LN,94256,500 ML,29022000,18,
Fine & Research Chemicals,Benzene (Sulphur free),,71-43-2,HP,93054,2.5 L,29022000,18,
Fine & Research Chemicals,"Benzethonium chloride, 98%",,121-54-0,AR,91571,100 G,29222190,18,
Fine & Research Chemicals,Benzoic acid,,65-85-0,ACS,91603,100 G,29163110,18,
Fine & Research Chemicals,Benzoic acid,,65-85-0,AR,90128,500 G,29163110,18,
Fine & Research Chemicals,Benzoic acid,,65-85-0,LR,90345,500 G,29163110,18,
Fine & Research Chemicals,Benzophenone,,119-61-9,LR,92827,500 G,29143930,18,
Fine & Research Chemicals,"1,4-Benzoquinone, 98%",,106-51-4,LR,93079,500 G,29147090,18,
Fine & Research Chemicals,Benzoyl chloride,,98-88-4,HP,90770,500 ML,29163200,18,
Fine & Research Chemicals,Benzoyl chloride,,98-88-4,LR,93578,2.5 L,29163200,18,
Fine & Research Chemicals,Benzoyl chloride,,98-88-4,SG,94108,500 ML,29163200,18,
Fine & Research Chemicals,Benzoyl peroxide,,94-36-0,LR,93118,500 G,29163200,18,
Fine & Research Chemicals,Benzyl acetate,,140-11-4,LR,93444,500 ML,29153910,18,
Fine & Research Chemicals,Benzyl alcohol,,100-51-6,HPLC,90010,1 L,29062100,18,
Fine & Research Chemicals,Benzyl alcohol,,100-51-6,HPLC,90010,2.5 L,29062100,18,
Fine & Research Chemicals,Benzyl alcohol,,100-51-6,GC-HS,90720,500 ML,29062100,18,
Fine & Research Chemicals,Benzyl alcohol,,100-51-6,GC-HS,90720,1 L,29062100,18,
Fine & Research Chemicals,Benzyl alcohol,,100-51-6,GC,94025,250 ML,29062100,18,
Fine & Research Chemicals,Benzyl alcohol,,100-51-6,GC,94025,500 ML,29062100,18,
Fine & Research Chemicals,Benzyl alcohol,,100-51-6,GC,94025,1 L,29062100,18,
Fine & Research Chemicals,Benzyl alcohol,,100-51-6,AR,90129,500 ML,29062100,18,
Fine & Research Chemicals,Benzyl alcohol,,100-51-6,AR,90129,2.5 L,29062100,18,
Fine & Research Chemicals,Benzyl alcohol,,100-51-6,LR,90346,500 ML,29062100,18,
Fine & Research Chemicals,Benzyl alcohol,,100-51-6,LR,90346,2.5 L,29062100,18,
Fine & Research Chemicals,Benzyl benzoate,,120-51-4,LR,93286,1 L,29163120,18,
Fine & Research Chemicals,"Benzyl bromide, 98%",,100-39-0,Synthesis,91981,250 ML,29039980,18,
Fine & Research Chemicals,"Benzyl bromide, 98%",,100-39-0,Synthesis,91981,1 L,29039980,18,
Fine & Research Chemicals,"Benzyl chloride, 98%",,100-44-7,LR,91838,500 ML,29093090,18,
Fine & Research Chemicals,"Benzylamine, 99%",,100-46-9,Synthesis,91940,500 ML,29225090,18,
Fine & Research Chemicals,"Benzylamine, 99%",,100-46-9,Synthesis,91940,2.5 L,29225090,18,
Fine & Research Chemicals,"6-Benzylaminopurine, 98%",,1214-39-7,Synthesis,92447,1 G,29333990,18,
Fine & Research Chemicals,"6-Benzylaminopurine, 98%",,1214-39-7,Synthesis,92447,5 G,29333990,18,
Fine & Research Chemicals,"6-Benzylaminopurine, 98%",,1214-39-7,Synthesis,92447,250 G,29333990,18,
Fine & Research Chemicals,"Benzylcetyldimethylammonium chloride, 95% Benzyldimethyltetradecylammonium",,122-18-9,Synthesis,92333,100 G,29239000,18,
Fine & Research Chemicals,"chloride hydrate, 98% Benzyldimethyltetradecylammonium",,139-08-2,Synthesis,92334,25 G,29239000,18,
Fine & Research Chemicals,"chloride hydrate, 98% Benzyldodecyldimethylammonium",,139-08-2,Synthesis,92334,100 G,29239000,18,
Fine & Research Chemicals,"bromide, 97% Benzyldodecyldimethylammonium",,7281-04-1,Synthesis,92332,25 G,29239000,18,
Fine & Research Chemicals,"bromide, 97%",,7281-04-1,Synthesis,92332,100 G,29239000,18,
Fine & Research Chemicals,"Benzyltributylammonium bromide, 98%",,25316-59-0,Synthesis,92301,100 G,29239000,18,
Fine & Research Chemicals,"Benzyltributylammonium chloride, 98%",,23616-79-7,Synthesis,92302,100 G,29239000,18,
Fine & Research Chemicals,"Benzyltributylammonium chloride, 98%",,23616-79-7,Synthesis,92302,500 G,29239000,18,
Fine & Research Chemicals,"Benzyltriethylammonium bromide, 98%",,5197-95-5,Synthesis,92303,25 G,29239000,18,
Fine & Research Chemicals,"Benzyltriethylammonium bromide, 98%",,5197-95-5,Synthesis,92303,100 G,29239000,18,
Fine & Research Chemicals,"Benzyltriethylammonium chloride, 98%",,56-37-1,Synthesis,92304,500 G,29239000,18,
Fine & Research Chemicals,"Benzyltrimethylammonium bromide, 98%",,5350-41-4,Synthesis,92305,25 G,29239000,18,
Fine & Research Chemicals,"Benzyltrimethylammonium chloride, 98%",,56-93-9,Synthesis,92306,500 G,29239000,18,
Fine & Research Chemicals,"Benzyltrimethylammonium dichloroiodate,",,114971-52-7,97% Synthesis,92307,5 G,29239000,18,
Fine & Research Chemicals,"Benzyltrimethylammonium dichloroiodate,",,114971-52-7,97% Synthesis,92307,25 G,29239000,18,
Fine & Research Chemicals,"Benzyltrimethylammonium iodide, 98%",,4525-46-6,Synthesis,92308,25 G,29239000,18,
Fine & Research Chemicals,"Benzyltrimethylammonium tribromide, 97%",,111865-47-5,Synthesis,92309,5 G,29239000,18,
Fine & Research Chemicals,"Benzyltrimethylammonium tribromide, 97% BES buffer {N,N-Bis[2-hydroxyethyl]-",,111865-47-5,Synthesis,92309,25 G,29239000,18,
Fine & Research Chemicals,2-aminoethanesulphonic acid},,10191-18-1,Synthesis,92434,100 G,29221980,12,
Fine & Research Chemicals,"2,2-Bipyridyl, 98% Bis(ethylenediamine)copper(II)",,366-18-7,AR,91537,25 G,29333990,18,
Fine & Research Chemicals,"hydroxide solution, 1.0 M in H2O Bis(ethylenediamine)copper(II)",,14552-35-3,Synthesis,91738,500 ML,29212990,5,
Fine & Research Chemicals,"hydroxide solution, 1.0 M in H2O Bis(ethylenediamine)copper(II)",,14552-35-3,Synthesis,91738,1 L,29212990,5,
Fine & Research Chemicals,"hydroxide solution, 0.5 M in H2O",,14552-35-3,Solution,97186,250 ML,29212990,5,
Fine & Research Chemicals,"1,3-Bis(hydroxymethyl)urea",,140-95-4,Synthesis,90950,100 G,31021010,18,
Fine & Research Chemicals,"1,3-Bis(hydroxymethyl)urea",,140-95-4,Synthesis,90950,500 G,31021010,18,
Fine & Research Chemicals,"[Bis(trifluoroacetoxy)iodo]benzene, 97%",,2712-78-9,Synthesis,92386,10 G,29152990,18,
Fine & Research Chemicals,"[Bis(trifluoroacetoxy)iodo]benzene, 97%",,2712-78-9,Synthesis,92386,50 G,29152990,18,
Fine & Research Chemicals,"3,5-bisctrifluoromethyl benzonitrile 97%",,27126-93-8,Synthesis,92735,25 G,29269090,18,
Fine & Research Chemicals,Bismuth (iii) oxide,,1304-76-3,AR,91595,100 G,28259090,18,
Fine & Research Chemicals,Bismuth nitrate pentahydrate,,10035-06-0,LR,90347,100 G,29214390,18,
Fine & Research Chemicals,Bismuth subnitrate,,10361-46-3,AR,96086,500 G,28529090,18,
Fine & Research Chemicals,Blue tetrazolium chloride,,1871-22-3,MolBio,91910,1 G,29333990,18,
Fine & Research Chemicals,Blue tetrazolium chloride,,1871-22-3,MolBio,91910,5 G,29333990,18,
Fine & Research Chemicals,BOP reagent*,,56602-33-6,MolBio,92055,5 G,38220090,18,
Fine & Research Chemicals,BOP reagent*,,56602-33-6,MolBio,92055,25 G,38220090,18,
Fine & Research Chemicals,BOP-Cl,,68641-49-6,MolBio,92056,5 G,38220090,18,
Fine & Research Chemicals,BOP-Cl,,68641-49-6,MolBio,92056,25 G,38220090,18,
Fine & Research Chemicals,Borane ammonia complex,,13774-81-7,LR,93563,10 G,28539090,18,
Fine & Research Chemicals,Borax (Sodium tetraborate decahydrate),,1303-96-4,AR,90130,500 G,28100010,18,
Fine & Research Chemicals,Borax (Sodium tetraborate decahydrate),,1303-96-4,LR,90348,500 G,28100010,18,
Fine & Research Chemicals,Boric acid,,10043-35-3,MolBio,92614,500 G,28100020,18,
Fine & Research Chemicals,Boric acid (granular),,10043-35-3,AR,90131,500 G,28100020,18,
Fine & Research Chemicals,Boric acid (granular),,10043-35-3,AR,90131,5 KG,28100020,18,
Fine & Research Chemicals,Boric acid (granular),,10043-35-3,LR,90349,500 G,28100020,18,
Fine & Research Chemicals,Boric acid (granular),,10043-35-3,LR,90349,5 KG,28100020,18,
Fine & Research Chemicals,Boric acid (powder),,10043-35-3,AR,90132,500 G,28100020,18,
Fine & Research Chemicals,Boric acid (powder),,10043-35-3,LR,90350,500 G,28100020,18,
Fine & Research Chemicals,Boric acid (powder),,10043-35-3,LR,90350,5 KG,28100020,18,
Fine & Research Chemicals,Bovine Serum Albumin (BSA),,9048-46-8,Synthesis,92429,100 G,38220090,18,
Fine & Research Chemicals,Brij 35 (Polyoxyethylene Lauryl Ether),,9002-92-0,LR,90695,500 G,34029099,18,
Fine & Research Chemicals,Brilliant blue R 250,,6104-59-2,Synthesis,94197,25 G,32041399,18,
Fine & Research Chemicals,Brilliant blue G powder,,6104-58-1,LR,94186,25 G,32041200,18,
Fine & Research Chemicals,Brilliant cresyl blue,,81029-05-2,Synthesis,94195,25 G,32041359,18,
Fine & Research Chemicals,Brilliant green indicator powder,,633-03-4,Indicator,91771,25 G,32041399,18,
Fine & Research Chemicals,Brilliant green indicator powder,,633-03-4,Indicator,91771,100 G,32041399,18,
Fine & Research Chemicals,"Bromine solution, 5%",,7726-95-6,LR,90629,5 L,28013020,18,
Fine & Research Chemicals,"Bromine, 99%",,7726-95-6,LR,91848,100 ML,28013090,18,
Fine & Research Chemicals,"Bromine, 99%",,7726-95-6,LR,91848,500 ML,28013090,18,
Fine & Research Chemicals,Bromo cresol purple powder,,115-40-2,AR,13489,25 G,29349990,18,
Fine & Research Chemicals,4-Bromo-2-chloropyridine,,73583-37-6,Synthesis,92559,10 G,29339090,18,
Fine & Research Chemicals,"1-Bromo-2-ethylhexane, 95% (Isooctyl bromide)",,18908-66-2,Synthesis,91965,100 G,29033036,18,
Fine & Research Chemicals,"1-Bromo-2-ethylhexane, 95% (Isooctyl bromide)",,18908-66-2,Synthesis,91965,500 G,29033036,18,
Fine & Research Chemicals,"4-Bromo-2-iodoaniline, 97%",,66416-72-6,Synthesis,92399,5 G,29214990,18,
Fine & Research Chemicals,"6-Bromo-2-methoxynaphthalene, 97% 2-Bromo-2-methylpropane, 98%",,5111-65-9,Synthesis,92492,100 G,29094900,18,
Fine & Research Chemicals,(tert-Butyl bromide),,507-19-7,Synthesis,91971,100 ML,29033919,18,
Fine & Research Chemicals,"(tert-Butyl bromide) 1-Bromo-2-methylpropane, 99%",,507-19-7,Synthesis,91971,500 ML,29033919,18,
Fine & Research Chemicals,(Isobutyl bromide),,78-77-3,Synthesis,91958,500 G,29033919,18,
Fine & Research Chemicals,"6-Bromo-2-naphthol, 97%",,15231-91-1,Synthesis,92483,25 G,29081900,18,
Fine & Research Chemicals,"1-Bromo-3-chloropropane, 99% 1-Bromo-3-methylbutane, 96%",,109-70-6,Synthesis,91957,500 ML,29037930,18,
Fine & Research Chemicals,"(Isopentyl bromide) 1-Bromo-3-methylbutane, 96%",,107-82-4,Synthesis,91970,250 G,29033919,18,
Fine & Research Chemicals,(Isopentyl bromide),,107-82-4,Synthesis,91970,1 KG,29033919,18,
Fine & Research Chemicals,"1-Bromo-3-nitrobenzene, 97%",,585-79-5,Synthesis,91977,100 G,29049900,18,
Fine & Research Chemicals,"1-Bromo-4-chlorobenzene, 99%",,106-39-8,Synthesis,92025,100 G,29039980,18,
Fine & Research Chemicals,"1-Bromo-4-chlorobenzene, 99%",,106-39-8,Synthesis,92025,500 G,29039980,18,
Fine & Research Chemicals,1-Bromo-4-chlorobutane,,6940-78-9,LR,92021,500 G,29037900,18,
Fine & Research Chemicals,"1-Bromo-4-fluorobenzene, 97%",,460-00-4,Synthesis,91998,100 G,29039980,18,
Fine & Research Chemicals,"1-Bromo-4-fluorobenzene, 97%",,460-00-4,Synthesis,91998,500 G,29039980,18,
Fine & Research Chemicals,"1-Bromo-4-iodobenzene, 98%",,589-87-7,Synthesis,92392,5 G,29039990,18,
Fine & Research Chemicals,"1-Bromo-4-iodobenzene, 98%",,589-87-7,Synthesis,92392,25 G,29039990,18,
Fine & Research Chemicals,"Bromoacetic acid, 98%",,79-08-3,Synthesis,92030,100 G,29159070,18,
Fine & Research Chemicals,"Bromoacetic acid, 98%",,79-08-3,Synthesis,92030,500 G,29159070,18,
Fine & Research Chemicals,Bromoacetyl bromide,,598-21-0,Synthesis,91973,100 G,29159070,18,
Fine & Research Chemicals,Bromoacetyl bromide,,598-21-0,Synthesis,91973,500 G,29159070,18,
Fine & Research Chemicals,"4-Bromoaniline, 97%",,106-40-1,Synthesis,90964,100 G,29214200,18,
Fine & Research Chemicals,"4-Bromoaniline, 97%",,106-40-1,Synthesis,90964,500 G,29214200,18,
Fine & Research Chemicals,"3-Bromoanisole, 98%",,2398-37-0,Synthesis,91976,100 G,29093038,18,
Fine & Research Chemicals,"3-Bromoanisole, 98%",,2398-37-0,Synthesis,91976,500 G,29093038,18,
Fine & Research Chemicals,"Bromobenzene, 99%",,108-86-1,Synthesis,92023,250 ML,29039980,18,
Fine & Research Chemicals,"Bromobenzene, 99%",,108-86-1,Synthesis,92023,1 L,29039980,18,
Fine & Research Chemicals,"1-Bromobutane, 98% (n-Butyl bromide)",,109-65-9,Synthesis,91959,250 ML,29033919,18,
Fine & Research Chemicals,"1-Bromobutane, 98% (n-Butyl bromide)",,109-65-9,Synthesis,91959,1 L,29033919,18,
Fine & Research Chemicals,"2-Bromobutane, 98% (sec-Butyl bromide)",,78-76-2,Synthesis,91956,100 G,29033919,18,
Fine & Research Chemicals,"2-Bromobutane, 98% (sec-Butyl bromide)",,78-76-2,Synthesis,91956,500 G,29033919,18,
Fine & Research Chemicals,Bromocresol green powder,,76-60-8,Indicator,91782,25 G,29349900,18,
Fine & Research Chemicals,Bromocresol green solution,,76-60-8,Indicator,91779,125 ML,29349900,18,
Fine & Research Chemicals,"Bromocyclohexane, 98%",,108-85-0,Synthesis,92027,500 G,29038980,18,
Fine & Research Chemicals,"Bromocyclopentane, 98%",,137-43-9,Synthesis,92028,100 G,29038980,18,
Fine & Research Chemicals,"Bromocyclopentane, 98%",,137-43-9,Synthesis,92028,500 G,29038980,18,
Fine & Research Chemicals,"1-Bromodecane, 98% (Decyl bromide)",,112-29-8,Synthesis,92019,100 G,29033020,18,
Fine & Research Chemicals,"1-Bromodecane, 98% (Decyl bromide)",,112-29-8,Synthesis,92019,500 G,29033020,18,
Fine & Research Chemicals,"Bromoethane, 99% (Ethyl bromide)",,74-96-4,Synthesis,91962,250 ML,29033919,18,
Fine & Research Chemicals,"Bromoethane, 99% (Ethyl bromide)",,74-96-4,Synthesis,91962,1 L,29033919,18,
Fine & Research Chemicals,Bromoform (for Mineral separation),,75-25-2,LR,90645,250 ML,29033020,18,
Fine & Research Chemicals,"1-Bromoheptane, 98% (Heptyl bromide)",,629-04-9,Synthesis,91967,250 ML,29033919,18,
Fine & Research Chemicals,"1-Bromohexane, 98% (Hexyl bromide)",,111-25-1,Synthesis,91966,250 ML,29033919,18,
Fine & Research Chemicals,"1-Bromohexane, 98% (Hexyl bromide)",,111-25-1,Synthesis,91966,500 ML,29033919,18,
Fine & Research Chemicals,"2-Bromoiodobenzene, 98%",,583-55-1,Synthesis,92372,5 G,29039990,18,
Fine & Research Chemicals,"2-Bromoiodobenzene, 98% 2-Bromoisobutyric acid, 98%",,583-55-1,Synthesis,92372,25 G,29039990,18,
Fine & Research Chemicals,"(2-Bromo-2-methylpropionic acid) 2-Bromoisobutyric acid, 98%",,2052-01-9,Synthesis,92011,100 G,29335990,18,
Fine & Research Chemicals,(2-Bromo-2-methylpropionic acid),,2052-01-9,Synthesis,92011,500 G,29335990,18,
Fine & Research Chemicals,"1-Bromonaphthalene, 97%",,90-11-9,Synthesis,92026,100 ML,29039980,18,
Fine & Research Chemicals,"1-Bromonaphthalene, 97%",,90-11-9,Synthesis,92026,500 ML,29039980,18,
Fine & Research Chemicals,"1-Bromooctane, 98% (Octyl bromide)",,111-83-1,Synthesis,91968,250 ML,29033919,18,
Fine & Research Chemicals,"1-Bromopentane, 98% (Pentyl bromide)",,110-53-2,Synthesis,91969,250 ML,29033919,18,
Fine & Research Chemicals,Bromophenol blue (indicator) Powder,,115-39-9,Indicator,91795,5 G,29349900,18,
Fine & Research Chemicals,Bromophenol blue (indicator) Powder,,115-39-9,Indicator,91795,25 G,29349900,18,
Fine & Research Chemicals,Bromophenol blue powder (indicator),,115-39-9,ACS,91604,25 G,29349990,18,
Fine & Research Chemicals,"3-Bromophenol, 98%",,591-20-8,Synthesis,91978,100 G,29081900,18,
Fine & Research Chemicals,"4-Bromophenol, 98%",,106-41-2,Synthesis,91979,100 G,29081900,18,
Fine & Research Chemicals,"4-Bromophenol, 98%",,106-41-2,Synthesis,91979,500 G,29081900,18,
Fine & Research Chemicals,"2-Bromopropane, 99% (Isopropyl bromide)",,75-26-3,Synthesis,91960,250 ML,29033919,18,
Fine & Research Chemicals,"2-Bromopropane, 99% (Isopropyl bromide)",,75-26-3,Synthesis,91960,1 L,29033919,18,
Fine & Research Chemicals,"1-Bromopropane, 99% (n-Propyl bromide)",,106-94-5,Synthesis,91961,250 ML,29033919,18,
Fine & Research Chemicals,"1-Bromopropane, 99% (n-Propyl bromide)",,106-94-5,Synthesis,91961,1 L,29033919,18,
Fine & Research Chemicals,"2-Bromopropionic acid, 98%",,598-72-1,Synthesis,92034,100 G,29159070,18,
Fine & Research Chemicals,"2-Bromopropionic acid, 98%",,598-72-1,Synthesis,92034,500 G,29159070,18,
Fine & Research Chemicals,Bromothymol blue 0.1% solution,,76-59-5,Solution,94220,125 ML,29349900,18,
Fine & Research Chemicals,Bromothymol blue powder (indicator),,76-59-5,AR,91545,25 G,29349100,18,
Fine & Research Chemicals,"4-Bromotoluene, 98%",,106-38-7,Synthesis,91980,100 G,29039980,18,
Fine & Research Chemicals,"4-Bromotoluene, 98%",,106-38-7,Synthesis,91980,500 G,29039980,18,
Fine & Research Chemicals,Buffer capsules (pH 4.0),,,LR,90781,10 CAP,29051500,12,
Fine & Research Chemicals,Buffer capsules (pH 7.0),,,LR,90782,10 CAP,29051500,12,
Fine & Research Chemicals,Buffer capsules (pH 9.2),,,LR,90783,10 CAP,29051500,12,
Fine & Research Chemicals,Buffer solution (pH 10.0),,,LR,97169,500 ML,38220090,12,
Fine & Research Chemicals,Buffer solution (pH 10.0),,,LR,97169,1 L,38220090,12,
Fine & Research Chemicals,Buffer solution (pH 4.0),,,LR,91743,500 ML,38220090,12,
Fine & Research Chemicals,Buffer solution (pH 4.0),,,LR,91743,1 L,38220090,12,
Fine & Research Chemicals,Buffer solution (pH 6.8),,,Synthesis,97018,500 ML,38220090,12,
Fine & Research Chemicals,Buffer solution (pH 7.0),,,LR,91744,500 ML,38220090,12,
Fine & Research Chemicals,Buffer solution (pH 7.0),,,LR,91744,1 L,38220090,12,
Fine & Research Chemicals,Buffer solution (pH 9.0),,,LR,91745,500 ML,38220090,12,
Fine & Research Chemicals,Buffer solution (pH 9.0),,,LR,91745,1 L,38220090,12,
Fine & Research Chemicals,Buffer solution (pH 9.2),,,LR,97191,500 ML,38220090,12,
Fine & Research Chemicals,Buffer solution (pH 9.2),,,LR,97191,1 L,38220090,12,
Fine & Research Chemicals,Bushnell-haas broth,,,LR,92646,500 G,98020000,18,
Fine & Research Chemicals,Bushnell-haas broth,,,LR,92646,5 KG,98020000,18,
Fine & Research Chemicals,1-Butane sulphonic acid sodium salt anhydrous,,2386-54-1,HPLC,90073,25 G,29041090,18,
Fine & Research Chemicals,1-Butane sulphonic acid sodium salt anhydrous,,2386-54-1,HPLC,90073,100 G,29041090,18,
Fine & Research Chemicals,"1,2-Butanediol",,584-03-2,GC,99120,100 ML,29161400,18,
Fine & Research Chemicals,"1,4-Butanediol, 98%",,110-63-4,Synthesis,92715,500 ML,29161200,18,
Fine & Research Chemicals,"1,4-Butanediol, 99.5%",,110-63-4,AR,93243,2.5 L,29053990,18,
Fine & Research Chemicals,1-Butanol (n-Butanol),,71-36-3,GC,94055,250 ML,29051300,18,
Fine & Research Chemicals,1-Butanol (n-Butanol),,71-36-3,GC,94055,500 ML,29051300,18,
Fine & Research Chemicals,1-Butanol (n-Butanol),,71-36-3,GC,94055,1 L,29051300,18,
Fine & Research Chemicals,1-Butanol (n-Butanol),,71-36-3,AR,91522,500 ML,29051300,18,
Fine & Research Chemicals,1-Butanol (n-Butanol),,71-36-3,AR,91522,2.5 L,29051300,18,
Fine & Research Chemicals,1-Butanol (n-Butanol),,71-36-3,LR,91809,500 ML,29051300,18,
Fine & Research Chemicals,1-Butanol (n-Butanol),,71-36-3,LR,91809,1 L,29051300,18,
Fine & Research Chemicals,1-Butanol (n-Butanol),,71-36-3,LR,91809,2.5 L,29051300,18,
Fine & Research Chemicals,1-Butanol (n-Butanol),,71-36-3,HPLC,90090,500 ML,29051300,18,
Fine & Research Chemicals,1-Butanol (n-Butanol),,71-36-3,HPLC,90090,1 L,29051490,18,
Fine & Research Chemicals,1-Butanol (n-Butanol),,71-36-3,HPLC,90090,2.5 L,29051300,18,
Fine & Research Chemicals,2-Butanol,,78-92-2,GC,94083,500 ML,29051490,18,
Fine & Research Chemicals,2-Butoxy ethyl acetate,,112-07-2,LR,93169,1 L,29153990,18,
Fine & Research Chemicals,"(1-Butyl)trimethylammonium bromide, 98%",,13028-69-8,Synthesis,92310,100 G,29239000,18,
Fine & Research Chemicals,Butyl-4-hydroxybenzoate,,94-26-8,Synthesis,92792,100 G,29182990,18,
Fine & Research Chemicals,"Butylamine, 98%",,109-73-9,Synthesis,92455,500 ML,29211999,18,
Fine & Research Chemicals,Butylated hydroxyanisole (BHA),,121-00-6,LR,90351,100 G,29095090,18,
Fine & Research Chemicals,Butylated hydroxyanisole (BHA),,121-00-6,LR,90351,500 G,29095090,18,
Fine & Research Chemicals,Butylated hydroxytoluene (BHT),,128-37-0,LR,90352,500 G,29071990,18,
Fine & Research Chemicals,Butylated hydroxytoluene (BHT),,128-37-0,LR,90352,5 KG,29071990,18,
Fine & Research Chemicals,"g-Butyrolactone, 98%",,96-48-0,Synthesis,92413,500 G,29329900,18,
Fine & Research Chemicals,"Butyryl chloride, 98%",,141-75-3,Synthesis,92008,500 ML,29159070,18,
Fine & Research Chemicals,Cadmium carbonate,,513-78-0,LR,91804,500 G,28369990,18,
Fine & Research Chemicals,Cadmium chloride hemi(pentahydrate),,7790-78-5,AR,90133,100 G,28273990,18,
Fine & Research Chemicals,Cadmium chloride monohydrate,,35658-65-2,AR,90134,100 G,28273990,18,
Fine & Research Chemicals,Cadmium nitrate tetrahydrate,,10022-68-1,LR,93293,250 G,28342990,18,
Fine & Research Chemicals,Cadmium nitrate tetrahydrate,,10022-68-1,LR,93293,500 G,28342990,18,
Fine & Research Chemicals,Cadmium oxide,,1306-19-0,LR,93540,500 G,28258010,18,
Fine & Research Chemicals,"Caffeine, 98%",,58-08-2,Synthesis,92421,100 G,21012090,18,
Fine & Research Chemicals,Calamine,,8011-96-9,LR,93077,500 G,28369990,18,
Fine & Research Chemicals,Calcium acetate,,114460-21-8,AR,91501,500 G,29152990,18,
Fine & Research Chemicals,Calcium acetate,,114460-21-8,LR,93470,500 G,29152990,18,
Fine & Research Chemicals,Calcium acetate monohydrate,,5743-26-0,AR,91548,500 G,29152990,18,
Fine & Research Chemicals,Calcium acetate monohydrate,,5743-26-0,LR,91807,500 G,29152990,18,
Fine & Research Chemicals,Calcium carbonate (precipitated),,471-34-1,AR,90135,500 G,28365000,18,
Fine & Research Chemicals,Calcium carbonate (precipitated),,471-34-1,LR,90353,500 G,28365000,18,
Fine & Research Chemicals,Calcium chloride (fused),,10043-52-4,LR,90354,500 G,28272000,18,
Fine & Research Chemicals,Calcium chloride anhydrous,,10043-52-4,AR,96040,500 G,28272000,18,
Fine & Research Chemicals,Calcium chloride anhydrous,,10043-52-4,LR,91885,500 G,28272000,18,
Fine & Research Chemicals,Calcium chloride dihydrate,,10035-04-8,AR,90136,500 G,28272000,18,
Fine & Research Chemicals,Calcium chloride dihydrate,,10035-04-8,LR,90355,500 G,28272000,18,
Fine & Research Chemicals,Calcium chloride dihydrate,,10035-04-8,LR,90355,5 KG,28272000,18,
Fine & Research Chemicals,Calcium D-pantothenate,,137-08-6,MolBio,90959,100 G,29362400,18,
Fine & Research Chemicals,Calcium hydroxide powder,,1305-62-0,AR,91543,500 G,28259040,18,
Fine & Research Chemicals,Calcium hypochlorite,,7778-54-3,LR,90356,500 G,28281090,18,
Fine & Research Chemicals,"Calcium iodate, 99%",,7789-80-2,LR,92359,100 G,28299003,18,
Fine & Research Chemicals,Calcium lactate,,5743-47-5,LR,93389,500 G,29181100,18,
Fine & Research Chemicals,Calcium nitrate tetrahydrate,,13477-34-4,AR,91552,500 G,28342990,18,
Fine & Research Chemicals,Calcium nitrate tetrahydrate,,13477-34-4,LR,90357,500 G,28342990,18,
Fine & Research Chemicals,Calcium oxide,,1305-78-8,LR,91861,500 G,28259090,18,
Fine & Research Chemicals,Calcium stearate,,1592-23-0,LR,93370,500 G,29159090,18,
Fine & Research Chemicals,Calcium sulphate dihydrate,,10101-41-4,AR,90137,500 G,28332990,18,
Fine & Research Chemicals,Calcium sulphate dihydrate,,10101-41-4,LR,90358,500 G,28332990,18,
Fine & Research Chemicals,Canada balsam,,8007-47-4,Synthesis,93195,500 ML,98020000,18,
Fine & Research Chemicals,"Caproyl chloride, 97% (Hexanoyl chloride)",,142-61-0,Synthesis,92007,100 ML,29159070,18,
Fine & Research Chemicals,"Caproyl chloride, 97% (Hexanoyl chloride)",,142-61-0,Synthesis,92007,500 ML,29159070,18,
Fine & Research Chemicals,Carbazole,,86-74-8,LR,93334,25 G,29339900,18,
Fine & Research Chemicals,Carbol fuchsin,,,Stain,94193,100 ML,38220090,18,
Fine & Research Chemicals,Carbon disulphide,,75-15-0,HPLC,90064,500 ML,28131000,18,
Fine & Research Chemicals,Carbon disulphide,,75-15-0,AR,96029,500 ML,28131000,18,
Fine & Research Chemicals,Carbon disulphide,,75-15-0,LR,93041,500 ML,28131000,18,
Fine & Research Chemicals,Celite (Diatomaceous Earth),,61790-53-2,LR,93058,500 G,25120000,18,
Fine & Research Chemicals,Celite (Diatomaceous Earth),,61790-53-2,LR,93058,1 KG,25120000,18,
Fine & Research Chemicals,Cellulose acetate butyrate,,9004-36-8,Synthesis,93350,1 KG,39121110,18,
Fine & Research Chemicals,Cellulose microcrystalline,,9004-34-6,LR,93585,500 G,39129090,18,
Fine & Research Chemicals,Ceric(IV) sulphate,,13590-82-4,AR,91535,25 G,28461090,18,
Fine & Research Chemicals,Cerium(III) nitrate hexahydrate,,10294-41-4,AR,91534,500 G,28461010,18,
Fine & Research Chemicals,Cesium bromide,,7787-69-1,AR,90274,10 G,28273990,18,
Fine & Research Chemicals,Cesium bromide,,7787-69-1,AR,90274,50 G,28273990,18,
Fine & Research Chemicals,Cesium carbonate,,534-17-8,LR,90359,100 G,28369920,18,
Fine & Research Chemicals,Cesium chloride,,7647-17-8,AR,90279,25 G,28273985,18,
Fine & Research Chemicals,Cesium chloride,,7647-17-8,AR,90279,100 G,28273985,18,
Fine & Research Chemicals,Cesium chloride,,7647-17-8,LR,90360,25 G,28273985,18,
Fine & Research Chemicals,Cesium chloride,,7647-17-8,LR,90360,100 G,28273985,18,
Fine & Research Chemicals,"Cesium iodide, 99%",,7789-17-5,Synthesis,92387,10 G,28276090,18,
Fine & Research Chemicals,"Cesium iodide, 99%",,7789-17-5,Synthesis,92387,50 G,28276090,18,
Fine & Research Chemicals,Cetrimide,,8044-71-1,AR,90361,500 G,29239000,18,
Fine & Research Chemicals,"Cetylethyldimethylammonium bromide, 98%",,124-03-8,Synthesis,92335,25 G,38220090,18,
Fine & Research Chemicals,"Cetylethyldimethylammonium bromide, 98%",,124-03-8,Synthesis,92335,100 G,38220090,18,
Fine & Research Chemicals,Cetyltrimethyl ammonium chloride,,112-02-7,LR,93621,500 G,29239000,12,
Fine & Research Chemicals,"Cetyltrimethylammonium bromide, 98%",,57-09-0,AR,90138,500 G,29239000,18,
Fine & Research Chemicals,"Cetyltrimethylammonium bromide, 98%",,57-09-0,LR,90362,500 G,29239000,18,
Fine & Research Chemicals,"Cetyltrimethylammonium bromide, 99% Cetyltrimethylammonium",,57-09-0,MolBio,92630,100 G,29239000,18,
Fine & Research Chemicals,"p-toluenesulphonate, 98%",,138-32-9,Synthesis,92336,25 G,29239000,18,
Fine & Research Chemicals,CGS solution,,,Solution,91761,5 L,38220090,18,
Fine & Research Chemicals,Charcoal activated,,7440-44-0,AR,91564,500 G,38021000,18,
Fine & Research Chemicals,Charcoal activated,,7440-44-0,LR,90363,500 G,38021000,18,
Fine & Research Chemicals,Charcoal activated,,7440-44-0,LR,90363,5 KG,38021000,18,
Fine & Research Chemicals,Chitosan,,9012-76-4,Synthesis,92481,500 G,35079090,18,
Fine & Research Chemicals,Chloramine trihydrate,,7080-50-4,Synthesis,93566,25 G,28350090,18,
Fine & Research Chemicals,Chlorhexidine di-gluconate solution 20%,,18472-51-0,LR,92912,5 KG,30049069,18,
Fine & Research Chemicals,"3-chloro-2-fluorotoluene 2-Chloro-2-methylpropane, 98%",,85089-31-2,Synthesis,92883,25 G,29335990,18,
Fine & Research Chemicals,(tert-Butyl chloride),,507-20-0,Synthesis,91985,500 ML,29031900,18,
Fine & Research Chemicals,4-Chloro-3-methylphenol,,59-50-7,LR,93338,500 G,29081900,18,
Fine & Research Chemicals,"4-Chloroacetanilide, 97%",,539-03-7,Synthesis,92491,25 G,29242970,18,
Fine & Research Chemicals,"4-Chloroacetanilide, 97%",,539-03-7,Synthesis,92491,100 G,29242970,18,
Fine & Research Chemicals,"4-Chloroacetanilide, 97%",,539-03-7,Synthesis,92491,500 G,29242970,18,
Fine & Research Chemicals,"Chloroacetyl chloride, 98%",,79-04-9,Synthesis,92006,500 ML,29159070,18,
Fine & Research Chemicals,"4-Chloroaniline, 98%",,106-47-8,LR,93106,500 ML,29215990,18,
Fine & Research Chemicals,2-Chlorobenzaldehyde,,89-98-5,LR,93141,500 ML,29130090,18,
Fine & Research Chemicals,"Chlorobenzene, 99%",,108-90-7,GC,99005,250 ML,29039110,18,
Fine & Research Chemicals,"Chlorobenzene, 99%",,108-90-7,GC,99005,1 L,29039110,18,
Fine & Research Chemicals,"Chlorobenzene, 99%",,108-90-7,AR,90139,500 ML,29039110,18,
Fine & Research Chemicals,"Chlorobenzene, 99%",,108-90-7,AR,90139,2.5 L,29039110,18,
Fine & Research Chemicals,"Chlorobenzene, 99%",,108-90-7,LR,90365,500 ML,29039110,18,
Fine & Research Chemicals,"Chlorobenzene, 99%",,108-90-7,LR,90365,2.5 L,29039110,18,
Fine & Research Chemicals,4-Chlorobenzyl cyanide,,140-53-4,GC,99125,250 ML,29215990,18,
Fine & Research Chemicals,2-Chlorobenzyl cyanide,,2856-63-5,Synthesis,91937,100 G,29039990,18,
Fine & Research Chemicals,2-Chlorobenzyl cyanide,,140-53-4,Synthesis,91936,100 G,29269000,18,
Fine & Research Chemicals,"1-Chlorobutane, 98% (n-Butyl chloride)",,109-69-3,Synthesis,91984,100 ML,29321300,18,
Fine & Research Chemicals,"1-Chlorobutane, 98% (n-Butyl chloride)",,109-69-3,Synthesis,91984,500 ML,29321300,18,
Fine & Research Chemicals,"2-Chlorobutane, 98% (sec-Butyl chloride)",,78-86-4,Synthesis,91866,100 ML,29031900,18,
Fine & Research Chemicals,2-Chlorobutyric acid,,4170-24-5,Synthesis,92891,25 ML,29239000,18,
Fine & Research Chemicals,4-Chlorobutyryl chloride,,4635-59-0,Synthesis,92004,250 G,29159090,18,
Fine & Research Chemicals,4-Chlorobutyryl chloride,,4635-59-0,Synthesis,92004,1 KG,29159090,18,
Fine & Research Chemicals,"Chlorocyclopentane, 98%",,930-28-9,Synthesis,92037,100 ML,29038980,18,
Fine & Research Chemicals,2-Chloroethanol,,107-07-3,GC,94070,500 ML,29051990,18,
Fine & Research Chemicals,"2-Chloroethanol, 98%",,107-07-3,Synthesis,92464,500 ML,29051990,18,
Fine & Research Chemicals,"2-(2-Chloroethoxy)ethanol, 95%",,628-89-7,LR,92587,500 G,29094400,18,
Fine & Research Chemicals,Chloroform,,67-66-3,HPLC,90013,500 ML,29031300,18,
Fine & Research Chemicals,Chloroform,,67-66-3,HPLC,90013,1 L,29031300,18,
Fine & Research Chemicals,Chloroform,,67-66-3,HPLC,90013,2.5 L,29031300,18,
Fine & Research Chemicals,Chloroform,,67-66-3,GC,94035,250 ML,29031300,18,
Fine & Research Chemicals,Chloroform,,67-66-3,GC,94035,500 ML,29031300,18,
Fine & Research Chemicals,Chloroform,,67-66-3,GC,94035,1 L,29031300,18,
Fine & Research Chemicals,Chloroform,,67-66-3,DRYSOLV,90899,500 ML,29031300,18,
Fine & Research Chemicals,Chloroform,,67-66-3,DRYSOLV,90899,1 L,29031300,18,
Fine & Research Chemicals,Chloroform,,67-66-3,ACS,91634,500 ML,29031300,18,
Fine & Research Chemicals,Chloroform,,67-66-3,ACS,91634,1 L,29031300,18,
Fine & Research Chemicals,Chloroform,,67-66-3,ACS,91634,2.5 L,29031300,18,
Fine & Research Chemicals,Chloroform,,67-66-3,MolBio,92618,100 ML,29031300,18,
Fine & Research Chemicals,Chloroform (amylene stabilized),,67-66-3,LN,94257,2.5 L,29031300,18,
Fine & Research Chemicals,Chloroform,,67-66-3,LCN™ Tested)94359-2.5,L,,29031300,18,
Fine & Research Chemicals,Chloroform (alcohol stablized),,67-66-3,SG,94113,500 ML,29031300,18,
Fine & Research Chemicals,Chloroform (amylene stabilized),,67-66-3,AR,90291,500 ML,29031300,18,
Fine & Research Chemicals,Chloroform (amylene stabilized),,67-66-3,AR,90291,1 L,29031300,18,
Fine & Research Chemicals,Chloroform (amylene stabilized),,67-66-3,AR,90291,2.5 L,29031300,18,
Fine & Research Chemicals,Chloroform (amylene stabilized),,67-66-3,LR,90366,500 ML,29031300,18,
Fine & Research Chemicals,Chloroform (amylene stabilized),,67-66-3,LR,90366,2.5 L,29031300,18,
Fine & Research Chemicals,Chloroform (ethanol stabilized),,67-66-3,AR,90140,500 ML,29031300,18,
Fine & Research Chemicals,Chloroform (ethanol stabilized),,67-66-3,AR,90140,1 L,29031300,18,
Fine & Research Chemicals,Chloroform (ethanol stabilized),,67-66-3,AR,90140,2.5 L,29031300,18,
Fine & Research Chemicals,Chloroform (ethanol stabilized),,67-66-3,LR,90367,500 ML,29031300,18,
Fine & Research Chemicals,Chloroform (ethanol stabilized),,67-66-3,LR,90367,2.5 L,29031300,18,
Fine & Research Chemicals,Chloroform (stabilized),,67-66-3,HPLC,90089,2.5 L,29031300,18,
Fine & Research Chemicals,Chloroform-d,,865-49-6,,94002,25 G,29031300,18,
Fine & Research Chemicals,Chloroform-d,,865-49-6,,94002,100 G,29031300,18,
Fine & Research Chemicals,"Chloroform-d, contains 0.03%(v/v)TMS",,865-49-6,,94001,25 G,29031300,18,
Fine & Research Chemicals,"Chloroform-d, contains 0.03%(v/v)TMS",,865-49-6,,94001,50 G,29031300,18,
Fine & Research Chemicals,"Chloroform-d, contains 0.03%(v/v)TMS",,67-66-3,,94001,100 G,29031300,18,
Fine & Research Chemicals,"4-Chloroiodobenzene, 99%",,637-87-6,Synthesis,92405,25 G,29039990,18,
Fine & Research Chemicals,"4-Chloroiodobenzene, 99%",,637-87-6,Synthesis,92405,100 G,29039990,18,
Fine & Research Chemicals,"Chloroiodomethane, 97%",,593-71-5,Synthesis,92360,25 G,29031900,18,
Fine & Research Chemicals,"Chloroiodomethane, 97%",,593-71-5,Synthesis,92360,100 G,29031900,18,
Fine & Research Chemicals,1-Chloronaphthalene,,90-13-1,LR,93349,500 ML,29039980,18,
Fine & Research Chemicals,Chloroplatinic acid hexahydrate,,18497-13-7,LR,90368,1 G,28439000,18,
Fine & Research Chemicals,"2-Chloropropionyl chloride, 97%",,7623-09-8,Synthesis,93080,500 ML,29159090,18,
Fine & Research Chemicals,Chlorosulphonic acid,,7790-94-5,Synthesis,92045,500 ML,28062000,18,
Fine & Research Chemicals,Chlorosulphonic acid,,7790-94-5,Synthesis,92045,2.5 L,28062000,18,
Fine & Research Chemicals,"Chlorotrimethylsilane, 98%",,75-77-4,Synthesis,90902,1 L,29319000,18,
Fine & Research Chemicals,Cholestrol,,57-88-5,AR,96011,100 G,29061310,18,
Fine & Research Chemicals,"Cholic acid, 98%",,81-25-4,MolBio,92430,25 G,29181930,18,
Fine & Research Chemicals,"Cholic acid, 98%",,81-25-4,MolBio,92430,100 G,29181930,18,
Fine & Research Chemicals,Choline chloride,,67-48-1,LR,93505,1 KG,23099010,0,
Fine & Research Chemicals,Chondroitin sodium sulphate,,9082-07-9,LR,90932,100 G,29420090,18,
Fine & Research Chemicals,Chromium (III) chloride hexahydrate,,10060-12-5,LR,93003,500 G,28273990,18,
Fine & Research Chemicals,Chromium metal powder,,7440-47-3,LR,90370,500 G,81122100,18,
Fine & Research Chemicals,Chromium sulphate basic,,39380-78-4,LR,93572,500 G,28332300,18,
Fine & Research Chemicals,Chromium(III) oxide,,1308-38-9,AR,90142,500 G,28199000,18,
Fine & Research Chemicals,Chromium(III) oxide,,1308-38-9,LR,90371,500 G,28199000,18,
Fine & Research Chemicals,Chromium(VI) oxide,,1333-82-0,AR,90141,500 G,28191000,18,
Fine & Research Chemicals,Chromium(VI) oxide,,1333-82-0,LR,90369,500 G,28191000,18,
Fine & Research Chemicals,Chromotropic acid disodium salt dihydrate,,5808-22-0,AR,91598,25 G,29089990,18,
Fine & Research Chemicals,Cinnamaldehyde,,104-55-2,LR,92570,250 ML,29122910,18,
Fine & Research Chemicals,Cinnamic acid,,140-10-3,LR,93412,500 G,29163910,18,
Fine & Research Chemicals,Citraconic anhydride,,616-02-4,LR,92724,300 ML,29173200,18,
Fine & Research Chemicals,Citric acid anhydrous,,77-92-9,AR,91570,500 G,29181400,18,
Fine & Research Chemicals,Citric acid anhydrous,,77-92-9,LR,90372,500 G,29181400,18,
Fine & Research Chemicals,Citric acid monohydrate,,5949-29-1,AR,90143,500 G,29181400,18,
Fine & Research Chemicals,Citric acid monohydrate,,5949-29-1,LR,90753,500 G,29181400,18,
Fine & Research Chemicals,Cobaltous acetate tetrahydrate,,6147-53-1,LR,90373,500 G,29152300,18,
Fine & Research Chemicals,Cobaltous carbonate,,12602-23-2,LR,93420,100 G,28369990,18,
Fine & Research Chemicals,Cobaltous carbonate,,12602-23-2,LR,93420,250 G,28369990,18,
Fine & Research Chemicals,Cobaltous carbonate,,12602-23-2,LR,93420,500 G,28369990,18,
Fine & Research Chemicals,Cobaltous carbonate,,12602-23-2,LR,93420,1 KG,28369990,18,
Fine & Research Chemicals,Cobaltous chloride hexahydrate,,7791-13-1,AR,91503,500 G,28273400,18,
Fine & Research Chemicals,Cobaltous chloride hexahydrate,,7791-13-1,LR,90374,100 G,28273990,18,
Fine & Research Chemicals,Cobaltous chloride hexahydrate,,7791-13-1,LR,90374,500 G,28273990,18,
Fine & Research Chemicals,Cobaltous nitrate hexahydrate,,10026-22-9,AR,90144,100 G,28342990,18,
Fine & Research Chemicals,Cobaltous nitrate hexahydrate,,10026-22-9,LR,90375,100 G,28342990,18,
Fine & Research Chemicals,Cobaltous nitrate hexahydrate,,10026-22-9,LR,90375,500 G,28342990,18,
Fine & Research Chemicals,Cobaltous oxide,,1307-96-6,LR,90376,500 G,28220010,18,
Fine & Research Chemicals,Cobaltous sulphate heptahydrate,,10026-24-1,LR,90377,100 G,28332990,18,
Fine & Research Chemicals,Cobaltous sulphate heptahydrate,,10026-24-1,LR,90377,500 G,28332990,18,
Fine & Research Chemicals,COD reagent,,7664-93-9,LR,97193,1 L,38220090,12,
Fine & Research Chemicals,Congo red indicator solution,,573-58-0,Indicator,94230,125 ML,38220090,12,
Fine & Research Chemicals,Copper (II) chloride (Cupric chloride anhydrous),,7447-39-4,AR,96087,500 G,28273990,18,
Fine & Research Chemicals,Copper (II) chloride (Cupric chloride anhydrous),,7447-39-4,LR,93098,500 G,28273990,18,
Fine & Research Chemicals,Copper (I)bromide 98%,,7787-70-4,LR,93366,500 G,28275990,18,
Fine & Research Chemicals,Copper metal,,7440-50-8,LR,90383,500 G,28051900,18,
Fine & Research Chemicals,Copper metal powder,,7440-50-8,AR,96035,500 G,74061000,18,
Fine & Research Chemicals,Copper metal powder,,7440-50-8,LR,91846,500 G,74061000,18,
Fine & Research Chemicals,Copper(I) chloride (Cuprous chloride),,7758-89-6,AR,90145,500 G,28276090,18,
Fine & Research Chemicals,Copper(I) chloride (Cuprous chloride),,7758-89-6,LR,90378,500 G,28273940,18,
Fine & Research Chemicals,"Copper(I) iodide, 99%",,7681-65-4,LR,92358,100 G,28274190,18,
Fine & Research Chemicals,"Copper(I) iodide, 99%",,7681-65-4,LR,92358,500 G,28274190,18,
Fine & Research Chemicals,Copper(II) carbonate (Cupric carbonate basic) Copper(II) chloride dihydrate,,12069-69-1,LR,90379,500 G,28369990,18,
Fine & Research Chemicals,(Cupric chloride dihydrate) Copper(II) chloride dihydrate,,10125-13-0,AR,90146,500 G,28273990,18,
Fine & Research Chemicals,(Cupric chloride dihydrate),,10125-13-0,LR,90380,500 G,28273990,18,
Fine & Research Chemicals,Copper(II) nitrate trihydrate,,10031-43-3,LR,93073,500 G,28342990,18,
Fine & Research Chemicals,Copper oxide (Cupric oxide),,1317-38-0,AR,91596,25 G,28255000,18,
Fine & Research Chemicals,Copper oxide (Cupric oxide),,1317-38-0,AR,91596,500 G,28255000,18,
Fine & Research Chemicals,Copper oxide (Cupric oxide) Copper sulphate pentahydrate,,1317-38-0,LR,90381,500 G,28255000,18,
Fine & Research Chemicals,(Cupric sulphate pentahydrate) Copper sulphate pentahydrate,,7758-99-8,AR,90147,500 G,28332500,18,
Fine & Research Chemicals,(Cupric sulphate pentahydrate) Copper sulphate pentahydrate,,7758-99-8,LR,90382,500 G,28332500,18,
Fine & Research Chemicals,(Cupric sulphate pentahydrate),,7758-99-8,LR,90382,5 KG,28332500,18,
Fine & Research Chemicals,"Creatinine anhydrous, 98%",,60-27-5,MolBio,91916,25 G,29333990,18,
Fine & Research Chemicals,"Creatinine anhydrous, 98%",,60-27-5,MolBio,91916,100 G,29333990,18,
Fine & Research Chemicals,"Crotonaldehyde, 98%",,123-73-9,Synthesis,91908,500 ML,29121990,18,
Fine & Research Chemicals,"Crotonic acid, 99%",,107-93-7,Synthesis,92416,500 G,29121990,18,
Fine & Research Chemicals,Crystal violet,,548-62-9,Stain,91791,25 G,32049000,18,
Fine & Research Chemicals,Crystal violet solution,,548-62-9,Stain,94219,125 ML,38220090,18,
Fine & Research Chemicals,"Cyanoacetic acid, 98%",,372-09-8,Synthesis,91932,250 G,29269070,18,
Fine & Research Chemicals,2-Cyanopropan-2-yl dodecyl carbonotrithioate,,870196-83-1,Synthesis,92876,10 G,29309098,18,
Fine & Research Chemicals,Cyclohexane,,110-82-7,HPLC,90014,1 L,29021100,18,
Fine & Research Chemicals,Cyclohexane,,110-82-7,HPLC,90014,2.5 L,29021100,18,
Fine & Research Chemicals,Cyclohexane,,110-82-7,GC,94049,250 ML,29021100,18,
Fine & Research Chemicals,Cyclohexane,,110-82-7,GC,94049,500 ML,29021100,18,
Fine & Research Chemicals,Cyclohexane,,110-82-7,GC,94049,1 L,29021100,18,
Fine & Research Chemicals,Cyclohexane,,110-82-7,AR,90148,500 ML,29021100,18,
Fine & Research Chemicals,Cyclohexane,,110-82-7,AR,90148,2.5 L,29021100,18,
Fine & Research Chemicals,Cyclohexane,,110-82-7,LR,90384,500 ML,29021100,18,
Fine & Research Chemicals,Cyclohexane,,110-82-7,LR,90384,2.5 L,29021100,18,
Fine & Research Chemicals,Cyclohexane,,110-82-7,LCN™ Tested)94358-2.5,L,,29021100,18,
Fine & Research Chemicals,Cyclohexanone,,108-94-1,AR,90149,500 ML,29142200,18,
Fine & Research Chemicals,Cyclohexanone,,108-94-1,AR,90149,2.5 L,29142200,18,
Fine & Research Chemicals,Cyclohexanone,,108-94-1,LR,90385,500 ML,29142200,18,
Fine & Research Chemicals,Cyclohexanone,,108-94-1,LR,90385,2.5 L,29142200,18,
Fine & Research Chemicals,2-(1-Cyclohexenyl) ethylamine,,3399-73-3,GC,99123,250 ML,29420090,18,
Fine & Research Chemicals,"Cyclohexylamine, 99%",,108-91-8,Synthesis,91941,250 ML,29213010,18,
Fine & Research Chemicals,"Cyclohexylamine, 99%",,108-91-8,Synthesis,91941,1 L,29213010,18,
Fine & Research Chemicals,Cyclopentyl chloride (Chlorocyclopentane),,930-28-9,GC,99126,250 ML,29038900,18,
Fine & Research Chemicals,Cyclopropylamine,,765-30-0,GC,99014,500 ML,29339900,18,
Fine & Research Chemicals,D-(-) Ribose,,50-69-1,MolBio,92634,100 G,29329900,18,
Fine & Research Chemicals,D-(-)-Fructose,,57-48-7,AR,91525,500 G,13023100,18,
Fine & Research Chemicals,D-(-)-Fructose,,57-48-7,LR,90386,100 G,13023100,18,
Fine & Research Chemicals,D-(-)-Fructose,,57-48-7,LR,90386,500 G,13023100,18,
Fine & Research Chemicals,"D-(-)-Tartaric acid D-(-)-a-Phenylglycinol, 98%",,147-71-7,LR,90635,500 G,29181200,18,
Fine & Research Chemicals,"[(R)-(-)-2-Amino-2-phenylethanol] D-(-)-a-Phenylglycinol, 98%",,56613-80-0,MolBio,92280,5 G,29224990,18,
Fine & Research Chemicals,[(R)-(-)-2-Amino-2-phenylethanol],,56613-80-0,MolBio,92280,25 G,29224990,18,
Fine & Research Chemicals,D-(+) Xylose,,58-86-6,AR,91541,500 G,38220090,18,
Fine & Research Chemicals,D-(+)-Galactose,,59-23-4,LR,90649,500 G,29400000,18,
Fine & Research Chemicals,D-(+)-Lactose,,63-42-3,LR,90650,500 G,17021990,18,
Fine & Research Chemicals,D-(+)-Maltose monohydrate,,6363-53-7,LR,90651,100 G,17029010,18,
Fine & Research Chemicals,D-(+)-Trehalose dihydrate,,6138-23-4,LR,93387,500 G,29420090,18,
Fine & Research Chemicals,D-(+)-Trehalose dihydrate,,6138-23-4,MolBio,93387,100 G,29181200,18,
Fine & Research Chemicals,"D-(+)-Tryptophanol, 97%",,52485-52-6,MolBio,92286,1 G,29339900,18,
Fine & Research Chemicals,D-(+)-Xylose,,58-86-6,LR,90653,100 G,38220090,18,
Fine & Research Chemicals,"D-2-Aminobutyric acid, 98%",,2623-91-8,MolBio,92130,1 G,29224990,18,
Fine & Research Chemicals,"D-2-Aminobutyric acid, 98%",,2623-91-8,MolBio,92130,5 G,29224990,18,
Fine & Research Chemicals,"D-Alanine methyl ester hydrochloride, 98%",,14316-06-4,MolBio,92069,25 G,29420090,18,
Fine & Research Chemicals,"D-Alanine, 99%",,338-69-2,MolBio,92068,5 G,29224990,18,
Fine & Research Chemicals,"D-Alanine, 99%",,338-69-2,MolBio,92068,25 G,29224990,18,
Fine & Research Chemicals,"D-Alaninol, 98% [(R)-(-)-2-Amino-1-propanol]",,35320-23-1,MolBio,92270,1 G,29335990,18,
Fine & Research Chemicals,"D-Alaninol, 98% [(R)-(-)-2-Amino-1-propanol]",,35320-23-1,MolBio,92270,5 G,29335990,18,
Fine & Research Chemicals,"D-Arginine monohydrochloride, 98%",,627-75-8,MolBio,92076,1 G,29252990,12,
Fine & Research Chemicals,"D-Arginine monohydrochloride, 98%",,627-75-8,MolBio,92076,5 G,29252990,12,
Fine & Research Chemicals,"D-Arginine, 98%",,157-06-2,MolBio,92075,5 G,29252990,12,
Fine & Research Chemicals,"D-Biotin, 98%",,58-85-5,Synthesis,92451,1 G,29362950,18,
Fine & Research Chemicals,"D-Citrulline, 98% Decaethylene glycol monododecyl ether",,13594-51-9,MolBio,92133,1 G,29241900,18,
Fine & Research Chemicals,(Polyoxyethylene 10 lauryl ether) Decaethylene glycol monododecyl ether,,9002-92-0,Synthesis,93124,500 G,39072090,18,
Fine & Research Chemicals,(Polyoxyethylene 10 lauryl ether),,9002-92-0,Synthesis,93124,1 KG,29094900,18,
Fine & Research Chemicals,Decaline,,91-17-8,LR,92844,500 ML,29021900,18,
Fine & Research Chemicals,1-Decane sulphonic acid sodium salt anhydrous,,13419-61-9,HPLC,90015,25 G,29041090,18,
Fine & Research Chemicals,1-Decane sulphonic acid sodium salt anhydrous 1-Decane sulphonic acid sodium salt,,13419-61-9,HPLC,90015,100 G,29041090,18,
Fine & Research Chemicals,monohydrate 1-Decane sulphonic acid sodium salt,,26942-26-1,HPLC,90016,25 G,29041090,18,
Fine & Research Chemicals,monohydrate,,26942-26-1,HPLC,90016,100 G,29041090,18,
Fine & Research Chemicals,"Decanoic acid, 98%",,334-48-5,Synthesis,92475,100 G,29159070,18,
Fine & Research Chemicals,Denatonium benzoate,,3734-33-6,LR,93131,10 G,29211190,18,
Fine & Research Chemicals,"Dess-Martin periodinane, 97%",,87413-09-0,Synthesis,92395,25 G,29349900,18,
Fine & Research Chemicals,"Dess-Martin periodinane, 97%",,87413-09-0,Synthesis,92395,100 G,29349900,18,
Fine & Research Chemicals,Deuterium oxide (D2O),,7789-20-0,Deuterated,94008,10 ML,28451000,18,
Fine & Research Chemicals,Deuterium oxide (D2O),,7789-20-0,Deuterated,94008,1 ML x 10,28451000,18,
Fine & Research Chemicals,Deuterium oxide (D2O),,7789-20-0,Deuterated,94008,25 ML,28451000,18,
Fine & Research Chemicals,Devarda's alloy,,8049-11-4,AR,91575,1 KG,74032900,18,
Fine & Research Chemicals,Devarda's alloy,,8049-11-4,LR,93025,1 KG,74032900,18,
Fine & Research Chemicals,Dextrin white,,9004-53-9,Synthesis,92894,500 G,35051090,18,
Fine & Research Chemicals,Dextrose anhydrous,,50-99-7,AR,90150,500 G,17023020,18,
Fine & Research Chemicals,Dextrose anhydrous,,50-99-7,LR,90387,500 G,17023020,18,
Fine & Research Chemicals,Dextrose monohydrate,,5996-10-1,LR,90388,500 G,17023020,18,
Fine & Research Chemicals,"D-Glutamic acid, 98%",,6893-26-1,MolBio,92078,5 G,29224990,18,
Fine & Research Chemicals,"D-Glutamine, 99%",,5959-95-5,MolBio,92077,1 G,29224990,18,
Fine & Research Chemicals,"D-Glutamine, 99%",,5959-95-5,MolBio,92077,5 G,29224990,18,
Fine & Research Chemicals,"D-Histidine, 98%",,351-50-8,MolBio,92085,5 G,29339900,18,
Fine & Research Chemicals,"D-Histidine, 98%",,351-50-8,MolBio,92085,25 G,29339900,18,
Fine & Research Chemicals,"D-Homophenylalanine, 98%",,82795-51-5,MolBio,92125,1 G,29224990,18,
Fine & Research Chemicals,"D-Homophenylalanine, 98%",,82795-51-5,MolBio,92125,5 G,29224990,18,
Fine & Research Chemicals,Bis(2-ethylhexyl) phthalate,,117-81-7,AR,92783,25 G,29239000,18,
Fine & Research Chemicals,Diacetin (Mixtures of isomers),,25395-31-7,LR,98072,25 G,29153990,18,
Fine & Research Chemicals,"1,4-Diazabicyclo[2,2,2]octane, 98%",,280-57-9,Synthesis,90988,100 G,29335920,18,
Fine & Research Chemicals,"1,4-Diazabicyclo[2,2,2]octane, 98%",,280-57-9,Synthesis,90988,500 G,29335920,18,
Fine & Research Chemicals,"1,8-Diazabicyclo[5.4.0]undec-7-ene",,6674-22-2,GC,94090,100 ML,29339990,18,
Fine & Research Chemicals,Dibenzothiophene,,132-65-0,LR,92508,100 G,29349900,18,
Fine & Research Chemicals,"1,6-Dibromo-2-naphthol, 97%",,16239-18-2,Synthesis,92484,25 G,29335990,18,
Fine & Research Chemicals,"1,3-Dibromo-5-fluoro-2-iodobenzene, 98%",,62720-29-0,Synthesis,92407,5 G,29039990,18,
Fine & Research Chemicals,"1,2-Dibromobenzene",,583-53-9,LR,93335,100 G,29339900,18,
Fine & Research Chemicals,"1,4-Dibromobenzene",,106-37-6,Synthesis,92024,100 G,29339900,18,
Fine & Research Chemicals,"1,4-Dibromobenzene",,106-37-6,Synthesis,92024,500 G,29339900,18,
Fine & Research Chemicals,"1,4-Dibromobutane, 98%",,110-52-1,Synthesis,91954,250 ML,29033919,18,
Fine & Research Chemicals,"1,2-Dibromoethane, 98%",,106-93-4,Synthesis,91952,500 ML,38220090,18,
Fine & Research Chemicals,"1,2-Dibromoethane, 98%",,106-93-4,Synthesis,91952,1 L,38220090,18,
Fine & Research Chemicals,"1,6-Dibromohexane, 98%",,629-03-8,Synthesis,92020,100 G,29033919,18,
Fine & Research Chemicals,"1,6-Dibromohexane, 98%",,629-03-8,Synthesis,92020,500 G,29033919,18,
Fine & Research Chemicals,"1,5-Dibromopentane, 98%",,111-24-0,Synthesis,91955,100 G,29033919,18,
Fine & Research Chemicals,"1,5-Dibromopentane, 98%",,111-24-0,Synthesis,91955,500 G,29033919,18,
Fine & Research Chemicals,"1,2-Dibromopropane, 97%",,78-75-1,Synthesis,91953,100 G,29033919,18,
Fine & Research Chemicals,"1,3-Dibromopropane, 99%",,109-64-8,Synthesis,90981,1 KG,29033919,18,
Fine & Research Chemicals,Dibutylammonium phosphate (1.0 M) solution,,30044-28-5,Solution,97030,1 L,31054000,18,
Fine & Research Chemicals,Dicalcium phosphate anhydrous,,7757-93-9,LR,93306,100 G,28352690,18,
Fine & Research Chemicals,"2,4-Dichloroaniline",,554-00-7,LR,92524,100 G,29214290,18,
Fine & Research Chemicals,"1,2-Dichlorobenzene",,95-50-1,LR,93229,1 L,29039130,18,
Fine & Research Chemicals,"1,4-Dichlorobutane, 98%",,110-56-5,Synthesis,91983,100 ML,29031900,18,
Fine & Research Chemicals,"1,4-Dichlorobutane, 98%",,110-56-5,Synthesis,91983,500 ML,29031900,18,
Fine & Research Chemicals,Dichlorodimethylsilane,,75-78-5,AR,92506,1 L,29420090,18,
Fine & Research Chemicals,"1,2-Dichloroethane",,107-06-2,HPLC,90072,1 L,29039990,5,
Fine & Research Chemicals,Dichloromethane,,75-09-2,HPLC,90017,500 ML,29031200,18,
Fine & Research Chemicals,Dichloromethane,,75-09-2,HPLC,90017,1 L,29031200,18,
Fine & Research Chemicals,Dichloromethane,,75-09-2,HPLC,90017,2.5 L,29031200,18,
Fine & Research Chemicals,Dichloromethane,,75-09-2,LC-MS,1 L,,29031200,18,
Fine & Research Chemicals,Dichloromethane,,75-09-2,PRA,90709,500 ML,29031200,18,
Fine & Research Chemicals,Dichloromethane,,75-09-2,PRA,90709,1 L,29031200,18,
Fine & Research Chemicals,Dichloromethane,,75-09-2,PREP.HPLC,98705,2.5 L,29031200,18,
Fine & Research Chemicals,Dichloromethane,,75-09-2,GC-MS,99501,100 ML,29031200,18,
Fine & Research Chemicals,Dichloromethane,,75-09-2,GC-MS,99501,500 ML,29031200,18,
Fine & Research Chemicals,Dichloromethane,,75-09-2,GC-MS,99501,1 L,29031200,18,
Fine & Research Chemicals,Dichloromethane,,75-09-2,GC-HS,90711,100 ML,29031200,18,
Fine & Research Chemicals,Dichloromethane,,75-09-2,GC-HS,90711,1 L,29031200,18,
Fine & Research Chemicals,Dichloromethane,,75-09-2,GC,94023,250 ML,29031200,18,
Fine & Research Chemicals,Dichloromethane,,75-09-2,GC,94023,500 ML,29031200,18,
Fine & Research Chemicals,Dichloromethane,,75-09-2,GC,94023,1 L,29031200,18,
Fine & Research Chemicals,Dichloromethane,,75-09-2,ACS,91643,500 ML,29031200,18,
Fine & Research Chemicals,Dichloromethane,,75-09-2,AR,90151,500 ML,29031200,18,
Fine & Research Chemicals,Dichloromethane,,75-09-2,AR,90151,2.5 L,29031200,18,
Fine & Research Chemicals,Dichloromethane,,75-09-2,DRYSOLV,90721,500 ML,29031200,18,
Fine & Research Chemicals,Dichloromethane,,75-09-2,DRYSOLV,90721,2.5 L,29031200,18,
Fine & Research Chemicals,Dichloromethane,,75-09-2,LR,90389,500 ML,29031200,18,
Fine & Research Chemicals,Dichloromethane,,75-09-2,LR,90389,2.5 L,29031200,18,
Fine & Research Chemicals,Dichloromethane,,75-09-2,LN,94258,500 ML,29031200,18,
Fine & Research Chemicals,Dichloromethane,,75-09-2,LN,94258,1 L,29031200,18,
Fine & Research Chemicals,Dichloromethane,,75-09-2,LN,94258,2.5 L,29031200,18,
Fine & Research Chemicals,Dichloromethane,,75-09-2,LCN™ Tested)94356-2.5,L,,29031200,18,
Fine & Research Chemicals,"1,3-Dichloropropane, 98%",,142-28-9,Synthesis,91982,100 G,38220090,18,
Fine & Research Chemicals,Dichlroacetic acid,,79-43-6,LR,93280,2.5 L,29031200,18,
Fine & Research Chemicals,"Didecyldimethylammonium bromide, 98%",,2390-68-3,Synthesis,92337,5 G,29239000,18,
Fine & Research Chemicals,Diethanolamine,,111-42-2,AR,96069,500 ML,29221100,18,
Fine & Research Chemicals,Diethanolamine,,111-42-2,AR,96069,2.5 L,29221200,18,
Fine & Research Chemicals,Diethanolamine,,111-42-2,LR,90390,500 ML,29221200,18,
Fine & Research Chemicals,Diethanolamine,,111-42-2,LR,90390,2.5 L,29221200,18,
Fine & Research Chemicals,"Diethyl carbonate, 99%",,105-58-8,Synthesis,91943,250 ML,29209010,18,
Fine & Research Chemicals,"Diethyl carbonate, 99%",,105-58-8,Synthesis,91943,1 L,29209010,18,
Fine & Research Chemicals,Diethyl ether,,60-29-7,HPLC,90018,1 L,29091100,18,
Fine & Research Chemicals,Diethyl ether,,60-29-7,GC,94050,250 ML,29091100,18,
Fine & Research Chemicals,Diethyl ether,,60-29-7,GC,94050,500 ML,29091100,18,
Fine & Research Chemicals,Diethyl ether,,60-29-7,GC,94050,1 L,29091100,18,
Fine & Research Chemicals,Diethyl ether,,60-29-7,AR,90152,500 ML,29091100,18,
Fine & Research Chemicals,Diethyl ether,,60-29-7,AR,90152,2.5 L,29091100,18,
Fine & Research Chemicals,Diethyl ether,,60-29-7,DRYSOLV,90722,500 ML,29091100,18,
Fine & Research Chemicals,Diethyl ether,,60-29-7,DRYSOLV,90722,2.5 L,29091100,18,
Fine & Research Chemicals,Diethyl ether,,60-29-7,LR,90391,500 ML,29091100,18,
Fine & Research Chemicals,Diethyl ether,,60-29-7,LR,90391,2.5 L,29091100,18,
Fine & Research Chemicals,Diethyl ether,,60-29-7,LN,94259,2.5 L,29091100,18,
Fine & Research Chemicals,Diethyl ether,,60-29-7,SG,96519,500 ML,29091100,18,
Fine & Research Chemicals,"Diethyl malonate, 99%",,105-53-3,Synthesis,91928,500 ML,29171910,18,
Fine & Research Chemicals,"Diethyl malonate, 99%",,105-53-3,Synthesis,91928,2.5 L,29171910,18,
Fine & Research Chemicals,"Diethyl oxalate, 99%",,95-92-1,Synthesis,91942,500 ML,29171100,18,
Fine & Research Chemicals,"Diethyl phthalate, 99%",,84-66-2,LR,93011,500 ML,29173990,18,
Fine & Research Chemicals,Diethylamine,,109-89-7,HPLC,98721,1 L,29215990,18,
Fine & Research Chemicals,Diethylamine,,109-89-7,AR,91516,500 ML,29215990,18,
Fine & Research Chemicals,Diethylamine,,109-89-7,AR,91516,2.5 L,29215990,18,
Fine & Research Chemicals,Diethylamine 99+%,,109-89-7,GC,99042,500 ML,29211200,18,
Fine & Research Chemicals,Diethylene glycol,,111-46-6,GC,94085,500 ML,29094900,18,
Fine & Research Chemicals,Diethylene glycol,,111-46-6,AR,90153,500 ML,29094900,18,
Fine & Research Chemicals,Diethylene glycol,,111-46-6,LR,90392,500 ML,29094900,18,
Fine & Research Chemicals,"Diethylene glycol dimethyl ether, 98% (Diglyme)",,111-96-6,Synthesis,92476,2.5 L,29053900,18,
Fine & Research Chemicals,"Diethylene glycol dimethyl ether, 98% (Diglyme)",,111-96-6,LR,93474,2.5 L,29094900,18,
Fine & Research Chemicals,Diethylenetriamine,,111-40-0,LR,93255,100 G,29212990,5,
Fine & Research Chemicals,"Diethylentriaminepentaacetic acid, 98%",,67-43-6,LR,91897,500 G,29224990,18,
Fine & Research Chemicals,"2,4-Difluoroaniline, 99%",,367-25-9,Synthesis,91989,100 G,29214200,18,
Fine & Research Chemicals,"1,3-Difluorobenzene, 99%",,372-18-9,Synthesis,90983,100 ML,29269000,18,
Fine & Research Chemicals,"1,3-Difluorobenzene, 99%",,372-18-9,Synthesis,90983,500 ML,29269000,18,
Fine & Research Chemicals,"1,3-Dihydroxyacetone dimer",,62147-49-3,Synthesis,92463,25 G,29329900,18,
Fine & Research Chemicals,"2,4-dihydroxyacetophenone 98%",,89-84-9,Synthesis,92898,500 G,29145000,18,
Fine & Research Chemicals,"2,7-Dihydroxynaphthalene",,582-17-2,AR,92814,25 G,29072900,18,
Fine & Research Chemicals,"1,3-Diiodobenzene, 98%",,626-00-6,Synthesis,92403,5 G,29039990,18,
Fine & Research Chemicals,"1,3-Diiodobenzene, 98%",,626-00-6,Synthesis,92403,25 G,29039990,18,
Fine & Research Chemicals,"1,4-Diiodobenzene, 98%",,624-38-4,Synthesis,92364,25 G,29039980,18,
Fine & Research Chemicals,"1,4-Diiodobenzene, 98%",,624-38-4,Synthesis,92364,100 G,29039980,18,
Fine & Research Chemicals,"1,4-Diiodobutane, 98%",,628-21-7,Synthesis,92394,25 G,29033990,18,
Fine & Research Chemicals,"1,4-Diiodobutane, 98%",,628-21-7,Synthesis,92394,100 G,29033990,18,
Fine & Research Chemicals,"1,2-Diiodoethane, 97%",,624-73-7,Synthesis,92388,25 G,29033919,18,
Fine & Research Chemicals,"1,2-Diiodoethane, 97%",,624-73-7,Synthesis,92388,100 G,29033919,18,
Fine & Research Chemicals,"Diiodomethane 99%, stabilized with copper",,75-11-6,98% Synthesis,90903,500 G,29331990,18,
Fine & Research Chemicals,"1,3-Diiodopropane, 98%",,627-31-6,Synthesis,92371,25 G,29033080,18,
Fine & Research Chemicals,"1,3-Diiodopropane, 98%",,627-31-6,Synthesis,92371,100 G,29033080,18,
Fine & Research Chemicals,"3,5-Diiodosalicylic acid, 98%",,133-91-5,Synthesis,92381,25 G,29182900,18,
Fine & Research Chemicals,Di-isobutyl ketone,,108-83-8,LR,93168,2.5 L,29142990,18,
Fine & Research Chemicals,"Diisopropyl ether, 98%",,108-20-3,GC,94081,250 ML,29091900,18,
Fine & Research Chemicals,"Diisopropyl ether, 98%",,108-20-3,GC,94081,500 ML,29091900,18,
Fine & Research Chemicals,"Diisopropyl ether, 98%",,108-20-3,GC,94081,1 L,29091900,18,
Fine & Research Chemicals,"Diisopropyl ether, 98%",,108-20-3,AR,93466,500 ML,29091900,18,
Fine & Research Chemicals,"Diisopropyl ether, 98%",,108-20-3,AR,93466,2.5 L,29091900,18,
Fine & Research Chemicals,"Diisopropyl ether, 98%",,108-20-3,LR,91857,500 ML,29091900,18,
Fine & Research Chemicals,"Diisopropyl ether, 98%",,108-20-3,LR,91857,2.5 L,29091900,18,
Fine & Research Chemicals,"Diisopropyl malonate, 99%",,13195-64-7,Synthesis,91930,100 ML,29171990,18,
Fine & Research Chemicals,"Diisopropyl malonate, 99%",,13195-64-7,Synthesis,91930,500 ML,29171990,18,
Fine & Research Chemicals,Diisopropylamine,,108-18-9,GC,99118,250 ML,29211990,18,
Fine & Research Chemicals,Diisopropylamine,,108-18-9,AR,91600,500 ML,29211990,18,
Fine & Research Chemicals,Diisopropylamine,,108-18-9,AR,91600,1 L,29211990,18,
Fine & Research Chemicals,Diisopropylamine,,108-18-9,AR,91600,2.5 L,29211990,18,
Fine & Research Chemicals,"Dimethyl Polysiloxane (Silicon Oil) 500 CST 1,2-Dimethoxyethane, 99%",,9006-65-9,LR,93560,500 ML,39100020,18,
Fine & Research Chemicals,"(Ethylene glycol dimethyl ether) 1,2-Dimethoxyethane, 99%",,110-71-4,Synthesis,92014,500 ML,29093090,18,
Fine & Research Chemicals,(Ethylene glycol dimethyl ether),,110-71-4,Synthesis,92014,2.5 L,29093090,18,
Fine & Research Chemicals,Dimethoxymethane (Methylal),,109-87-5,LR,93428,1 L,29110090,18,
Fine & Research Chemicals,"4,4'-Dimethoxytrityl chloride, 98% [DMT-Cl]",,40615-36-9,MolBio,92293,25 G,29094900,18,
Fine & Research Chemicals,"4,4'-Dimethoxytrityl chloride, 98% [DMT-Cl]",,40615-36-9,MolBio,92293,100 G,29094900,18,
Fine & Research Chemicals,Dimethyl carbonate,,616-38-6,GC,94077,100 ML,29209099,18,
Fine & Research Chemicals,Dimethyl carbonate,,616-38-6,GC,94077,250 ML,29209010,18,
Fine & Research Chemicals,Dimethyl carbonate,,616-38-6,LR,93228,2.5 L,29209099,18,
Fine & Research Chemicals,"Dimethyl malonate, 99%",,108-59-8,Synthesis,91929,500 ML,29171910,18,
Fine & Research Chemicals,"Dimethyl sulphate, 98%",,77-78-1,LR,93048,500 ML,28402090,18,
Fine & Research Chemicals,"Dimethyl sulphate, 98%",,77-78-1,LR,93048,1 L,28402090,18,
Fine & Research Chemicals,Dimethyl sulphide,,75-18-3,LR,93053,500 ML,29309099,18,
Fine & Research Chemicals,Dimethyl sulphoxide,,67-68-5,HPLC,90019,1 L,29309060,18,
Fine & Research Chemicals,Dimethyl sulphoxide,,67-68-5,PRA,90708,500 ML,29041090,18,
Fine & Research Chemicals,Dimethyl sulphoxide,,67-68-5,PRA,90708,1 L,29041090,18,
Fine & Research Chemicals,Dimethyl sulphoxide,,67-68-5,GC-HS Premium,97334,250 ML,29041090,18,
Fine & Research Chemicals,Dimethyl sulphoxide,,67-68-5,GC-HS Premium,97334,1 L,29041090,18,
Fine & Research Chemicals,Dimethyl sulphoxide,,67-68-5,GC-HS,90712,100 ML,29041090,18,
Fine & Research Chemicals,Dimethyl sulphoxide,,67-68-5,GC-HS,90712,200 ML,29041090,18,
Fine & Research Chemicals,Dimethyl sulphoxide,,67-68-5,GC-HS,90712,500 ML,29041090,18,
Fine & Research Chemicals,Dimethyl sulphoxide,,67-68-5,GC-HS,90712,1 L,29041090,18,
Fine & Research Chemicals,Dimethyl sulphoxide,,67-68-5,GC,94040,250 ML,29309060,18,
Fine & Research Chemicals,Dimethyl sulphoxide,,67-68-5,GC,94040,500 ML,29309060,18,
Fine & Research Chemicals,Dimethyl sulphoxide,,67-68-5,GC,94040,1 L,29309060,18,
Fine & Research Chemicals,Dimethyl sulphoxide,,67-68-5,AR,90287,500 ML,29041090,18,
Fine & Research Chemicals,Dimethyl sulphoxide,,67-68-5,AR,90287,1 L,29041090,18,
Fine & Research Chemicals,Dimethyl sulphoxide,,67-68-5,AR,90287,2.5 L,29041090,18,
Fine & Research Chemicals,Dimethyl sulphoxide,,67-68-5,DRYSOLV,90892,500 ML,29141990,18,
Fine & Research Chemicals,Dimethyl sulphoxide,,67-68-5,MolBio,92616,100 ML,29309060,18,
Fine & Research Chemicals,Dimethyl sulphoxide,,67-68-5,MolBio,92616,500 ML,29309060,18,
Fine & Research Chemicals,Dimethyl sulphoxide,,67-68-5,LR,90393,500 ML,29309060,18,
Fine & Research Chemicals,Dimethyl sulphoxide,,67-68-5,LR,90393,2.5 L,29309060,18,
Fine & Research Chemicals,Dimethyl yellow pH indicator,,60-11-7,Indicator,91792,100 G,29241900,18,
Fine & Research Chemicals,"2,9-dimethyl-1-10-phenanthroline",,484-11-7,Synthesis,92805,100 MG,29339900,18,
Fine & Research Chemicals,"1,3-Dimethyl-2-imidazolidinone",,80-73-9,GC-HS,94162,500 ML,29332990,18,
Fine & Research Chemicals,"1,3-Dimethyl-2-imidazolidinone",,80-73-9,GC-HS,94162,1 L,29332990,18,
Fine & Research Chemicals,"1,3-Dimethyl-2-imidazolidinone",,80-73-9,GC,99054,1 L,29332990,18,
Fine & Research Chemicals,"1,3-Dimethyl-2-imidazolidinone",,80-73-9,LR,93501,500 ML,29332990,18,
Fine & Research Chemicals,"1,3-Dimethyl-2-imidazolidinone",,80-73-9,LR,93501,1 L,29332990,18,
Fine & Research Chemicals,Dimethylamine 40% Solution,,124-40-3,Solution,93538,500 ML,29211190,18,
Fine & Research Chemicals,Dimethylamine 40% Solution,,124-40-3,Solution,93538,2.5 L,29211190,18,
Fine & Research Chemicals,Dimethylamine hydrochloride,,506-59-2,LR,93346,500 G,29211190,18,
Fine & Research Chemicals,4-Dimethylamino banzaldehyde,,100-10-7,Synthesis,92816,1 KG,29121990,18,
Fine & Research Chemicals,4-(Dimethylamino)benzaldehyde,,100-10-7,AR,96064,100 G,29223900,18,
Fine & Research Chemicals,"4-Dimethylaminopyridine (DMAP), 99%",,1122-58-3,Synthesis,92060,100 G,29333990,18,
Fine & Research Chemicals,"4-Dimethylaminopyridine (DMAP), 99%",,1122-58-3,Synthesis,92060,500 G,29333990,18,
Fine & Research Chemicals,"2,4-Dimethylaniline",,95-68-1,LR,93336,500 ML,29214910,18,
Fine & Research Chemicals,3-3-Dimethylglutaric acid,,4839-46-7,Synthesis,93317,10 G,29171990,18,
Fine & Research Chemicals,Dimethylglyoxime,,95-45-4,AR,90154,100 G,29051400,18,
Fine & Research Chemicals,Dimethylglyoxime,,95-45-4,LR,90394,100 G,29280090,18,
Fine & Research Chemicals,"Dimethylmalonic acid, 98%",,595-46-0,LR,93125,25 G,29171990,18,
Fine & Research Chemicals,"3,5-Dimethylpyridine, 99%",,591-22-0,Synthesis,90904,250 ML,29333999,18,
Fine & Research Chemicals,"2,5-Dimetyl-2,4-hexadiene (BHT stabilized)",,764-13-6,AR,93598,500 ML,29339900,18,
Fine & Research Chemicals,Dimidium bromide,,518-67-2,AR,91577,100 MG,29339900,18,
Fine & Research Chemicals,Dimidium bromide,,518-67-2,AR,91577,1 G,29339900,18,
Fine & Research Chemicals,Di-n-butyl phthalate,,84-74-2,AR,90155,500 ML,29173910,18,
Fine & Research Chemicals,Di-n-butyl phthalate,,84-74-2,LR,90395,500 ML,29173910,18,
Fine & Research Chemicals,Di-n-butyl phthalate,,84-74-2,LR,90395,2.5 L,29173910,18,
Fine & Research Chemicals,"3,5-dinitro salisylic acid",,609-99-4,Synthesis,91523,100 G,29182190,18,
Fine & Research Chemicals,"2,4-Dinitrophenyl hydrazine 2,4-Dinitrophenyl hydrazine solution",,119-26-6,LR,91865,25 G,29280090,18,
Fine & Research Chemicals,(brady's solution),,119-26-6,LR,97035,5 L,29280090,18,
Fine & Research Chemicals,Di-n-propylamine,,142-84-7,Synthesis,92472,100 G,98020000,18,
Fine & Research Chemicals,Dioctyl sodium sulfosuccinate,,577-11-7,Synthesis,90905,500 G,29171990,18,
Fine & Research Chemicals,"1,4-Dioxane",,123-91-1,HPLC,90020,1 L,29092000,18,
Fine & Research Chemicals,"1,4-Dioxane",,123-91-1,HPLC,90020,2.5 L,29092000,18,
Fine & Research Chemicals,"1,4-Dioxane",,123-91-1,GC,94030,250 ML,29092000,18,
Fine & Research Chemicals,"1,4-Dioxane",,123-91-1,GC,94030,500 ML,29092000,18,
Fine & Research Chemicals,"1,4-Dioxane",,123-91-1,GC,94030,1 L,29092000,18,
Fine & Research Chemicals,"1,4-Dioxane",,123-91-1,AR,90156,500 ML,29092000,18,
Fine & Research Chemicals,"1,4-Dioxane",,123-91-1,AR,90156,1 L,29092000,18,
Fine & Research Chemicals,"1,4-Dioxane",,123-91-1,AR,90156,2.5 L,29092000,18,
Fine & Research Chemicals,"1,4-Dioxane",,123-91-1,DRYSOLV,90723,500 ML,29092000,18,
Fine & Research Chemicals,"1,4-Dioxane",,123-91-1,DRYSOLV,90723,1 L,29092000,18,
Fine & Research Chemicals,"1,4-Dioxane",,123-91-1,LR,90396,500 ML,29092000,18,
Fine & Research Chemicals,"1,4-Dioxane",,123-91-1,LR,90396,2.5 L,29092000,18,
Fine & Research Chemicals,Diphenyl ether,,101-84-8,GC,94092,1 L,29093090,18,
Fine & Research Chemicals,"4,7-Diphenyl-1,10-phenanthroline",,1662-01-7,Synthesis,92914,100 MG,29339900,18,
Fine & Research Chemicals,Diphenylamine,,122-39-4,AR,96025,100 G,2921.49.00,18,
Fine & Research Chemicals,Diphenylamine,,122-39-4,LR,90397,250 G,29214410,18,
Fine & Research Chemicals,Diphenylmethanimine,,1013-88-3,GC,99127,250 ML,29252990,0,
Fine & Research Chemicals,"Dipicolinic acid (2,6-Pyridinedicarboxylic acid)",,499-83-2,LR,92586,100 G,29333990,18,
Fine & Research Chemicals,Dipotassium hydrogen phosphate trihydrate,,16788-57-1,LR,93610,250 G,28352400,18,
Fine & Research Chemicals,Di-propylene glycol monomethyl ether Disodium dihydrogen pyrophosphate,,34590-94-8,LR,93259,2.5 L,29094900,18,
Fine & Research Chemicals,(sapp)(Disodium Pyrrophosphate Dibasci),,7758-16-9,LR,93421,100 G,28353100,18,
Fine & Research Chemicals,Di-Sodium tartrate anhydrous,,868-18-8,AR,96104,100 G,29181390,18,
Fine & Research Chemicals,"Di-tert-butyl dicarbonate (Boc-anhydride),",,24424-99-5,97% Synthesis,90960,500 G,29209099,18,
Fine & Research Chemicals,Dithizone,,60-10-6,Synthesis,94183,25 G,29309090,18,
Fine & Research Chemicals,"DL-Alanine, 99%",,302-72-7,MolBio,92070,100 G,29222990,18,
Fine & Research Chemicals,"DL-Alanine, 99%",,302-72-7,MolBio,92070,500 G,29222990,18,
Fine & Research Chemicals,"DL-Dithiothreitol, 98%",,3483-12-3,Synthesis,92719,25 G,29309090,18,
Fine & Research Chemicals,"D-Leucine, 99%",,328-38-1,MolBio,92087,5 G,29224985,18,
Fine & Research Chemicals,"D-Leucine, 99%",,328-38-1,MolBio,92087,25 G,29224985,18,
Fine & Research Chemicals,"D-Leucinol, 97% [(R)-(-)-Leucinol]",,53448-09-2,MolBio,92273,1 G,30049090,18,
Fine & Research Chemicals,"DL-Homoserine, 98%",,1927-25-9,MolBio,92128,1 G,29225090,18,
Fine & Research Chemicals,"DL-Homoserine, 98%",,1927-25-9,MolBio,92128,5 G,29225090,18,
Fine & Research Chemicals,DL-Malic acid,,617-48-1,LR,93261,500 G,29171990,18,
Fine & Research Chemicals,"DL-Methionine, 99%",,59-51-8,MolBio,92095,100 G,29304010,18,
Fine & Research Chemicals,"DL-Methionine, 99% DL-Methioninol, 97%",,59-51-8,MolBio,92095,500 G,29304010,18,
Fine & Research Chemicals,"[4-Methylmercapto-2-amino-1-butanol] DL-Methioninol, 97%",,16720-80-2,MolBio,92276,1 G,29309090,18,
Fine & Research Chemicals,[4-Methylmercapto-2-amino-1-butanol],,16720-80-2,MolBio,92276,5 G,29309090,18,
Fine & Research Chemicals,"DL-Norleucine, 98%",,616-06-8,MolBio,92141,5 G,29224990,18,
Fine & Research Chemicals,"DL-Norleucine, 98%",,616-06-8,MolBio,92141,25 G,29224990,18,
Fine & Research Chemicals,"DL-Phenylalanine, 99%",,150-30-1,MolBio,92101,25 G,29222990,18,
Fine & Research Chemicals,"DL-Phenylalanine, 99%",,150-30-1,MolBio,92101,100 G,29222990,18,
Fine & Research Chemicals,"DL-Phenylglycine, 99%",,2835-06-5,MolBio,92144,25 G,29420090,18,
Fine & Research Chemicals,"DL-Phenylglycine, 99%",,2835-06-5,MolBio,92144,100 G,29420090,18,
Fine & Research Chemicals,"DL-Proline, 99%",,609-36-9,MolBio,92104,5 G,29335990,18,
Fine & Research Chemicals,"DL-Proline, 99%",,609-36-9,MolBio,92104,25 G,29335990,18,
Fine & Research Chemicals,"DL-Serine, 99%",,302-84-1,MolBio,92109,25 G,29221990,18,
Fine & Research Chemicals,"DL-Serine, 99%",,302-84-1,MolBio,92109,100 G,29221990,18,
Fine & Research Chemicals,"DL-Threonine, 99%",,80-68-2,MolBio,92111,25 G,29221990,18,
Fine & Research Chemicals,"DL-Threonine, 99%",,80-68-2,MolBio,92111,100 G,29221990,18,
Fine & Research Chemicals,"DL-Tryptophan, 99%",,54-12-6,MolBio,92113,25 G,29339900,18,
Fine & Research Chemicals,"DL-Tryptophan, 99%",,54-12-6,MolBio,92113,100 G,29339900,18,
Fine & Research Chemicals,"DL-Tyrosine, 99%",,556-03-6,MolBio,92117,5 G,29224990,18,
Fine & Research Chemicals,"DL-Tyrosine, 99%",,556-03-6,MolBio,92117,25 G,29224990,18,
Fine & Research Chemicals,"DL-Valine, 99%",,516-06-3,MolBio,92121,25 G,29224990,18,
Fine & Research Chemicals,"DL-Valine, 99%",,516-06-3,MolBio,92121,100 G,29224990,18,
Fine & Research Chemicals,"D-Lysine monohydrochloride, 98% DL-a-Phenylglycinol, 98%",,7274-88-6,MolBio,92092,5 G,29224990,18,
Fine & Research Chemicals,"[2-Amino-2-phenylethanol] DL-a-Phenylglycinol, 98%",,7568-92-5,MolBio,92281,5 G,29224990,18,
Fine & Research Chemicals,[2-Amino-2-phenylethanol],,7568-92-5,MolBio,92281,25 G,29224990,18,
Fine & Research Chemicals,D-Mannitol,,69-65-8,AR,90157,500 G,29054300,18,
Fine & Research Chemicals,D-Mannitol,,69-65-8,LR,90400,500 G,29054300,18,
Fine & Research Chemicals,"D-Methionine, 99%",,348-67-4,MolBio,92096,5 G,29304010,18,
Fine & Research Chemicals,"D-Methionine, 99%",,348-67-4,MolBio,92096,25 G,29304010,18,
Fine & Research Chemicals,"D-Methioninol, 97% [(R)-(+)-Methioninol]",,87206-44-8,MolBio,92275,1 G,29309090,18,
Fine & Research Chemicals,"D-Methioninol, 97% [(R)-(+)-Methioninol]",,87206-44-8,MolBio,92275,5 G,29309090,18,
Fine & Research Chemicals,"D-Norleucine, 98%",,327-56-0,MolBio,92140,1 G,29224990,18,
Fine & Research Chemicals,"D-Norleucine, 98%",,327-56-0,MolBio,92140,5 G,29224990,18,
Fine & Research Chemicals,"1-Dodecane, 99%",,112-40-3,AR,92482,500 ML,29012990,18,
Fine & Research Chemicals,1-Dodecene 95%,,112-41-4,LR,93084,1 L,29051490,18,
Fine & Research Chemicals,Dodecylamine (Dodecyldimethyl-2-phenoxyethyl)ammonium,,124-22-1,LR,93353,500 G,29012990,18,
Fine & Research Chemicals,"bromide, 98% [Domiphen bromide] (Dodecyldimethyl-2-phenoxyethyl)ammonium",,538-71-6,Synthesis,92338,25 G,29239000,18,
Fine & Research Chemicals,"bromide, 98% [Domiphen bromide]",,538-71-6,Synthesis,92338,100,29239000,18,
Fine & Research Chemicals,"Dodecyltrimethylammonium bromide, 98%",,1119-94-4,Synthesis,90945,100 G,29239000,18,
Fine & Research Chemicals,"Dodecyltrimethylammonium chloride, 98%",,112-00-5,Synthesis,90906,500 G,29239000,18,
Fine & Research Chemicals,Phenyl acetic Acid,,103-82-2,LR,91931,1 KG,29163400,18,
Fine & Research Chemicals,"D-Phenylalanine, 99%",,673-06-3,MolBio,92100,25 G,29221990,18,
Fine & Research Chemicals,"D-Phenylalanine, 99% D-Phenylalaninol, 98%",,673-06-3,MolBio,92100,100 G,29221990,18,
Fine & Research Chemicals,[(R)-(+)-2-Amino-3-phenyl-1-propanol],,5267-64-1,MolBio,92278,1 G,29221990,18,
Fine & Research Chemicals,[(R)-(+)-2-Amino-3-phenyl-1-propanol],,5267-64-1,MolBio,92278,5 G,29221990,18,
Fine & Research Chemicals,"D-Phenylglycine, 99%",,875-74-1,MolBio,92143,25 G,29420015,18,
Fine & Research Chemicals,"D-Phenylglycine, 99%",,875-74-1,MolBio,92143,100 G,29420015,18,
Fine & Research Chemicals,"D-Proline, 99%",,344-25-2,MolBio,92103,25 G,29333990,18,
Fine & Research Chemicals,"D-Proline, 99%",,344-25-2,MolBio,92103,100 G,29333990,18,
Fine & Research Chemicals,"D-Prolinol, 98% [(R)-(-)-2-Pyrrolidinemethanol]",,68832-13-3,MolBio,92283,1 G,29333990,18,
Fine & Research Chemicals,"D-Prolinol, 98% [(R)-(-)-2-Pyrrolidinemethanol]",,68832-13-3,MolBio,92283,5 G,29333990,18,
Fine & Research Chemicals,DPX mountant for Histology,,,LR,91895,250 ML,38220090,18,
Fine & Research Chemicals,DPX mountant for Histology,,,LR,91895,500 ML,38220090,18,
Fine & Research Chemicals,"D-Serine, 99%",,312-84-5,MolBio,92108,5 G,29225090,18,
Fine & Research Chemicals,"D-Serine, 99%",,312-84-5,MolBio,92108,25 G,29225090,18,
Fine & Research Chemicals,D-Sorbitol,,50-70-4,LR,90652,500 G,29054400,18,
Fine & Research Chemicals,"D-Threonine, 99%",,632-20-2,MolBio,92110,5 G,29225090,18,
Fine & Research Chemicals,"D-Threonine, 99%",,632-20-2,MolBio,92110,25 G,29225090,18,
Fine & Research Chemicals,"D-Tryptophan methyl ester hydrocloride, 99%",,14907-27-8,MolBio,92115,5 G,29339900,18,
Fine & Research Chemicals,"D-Tryptophan, 99%",,153-94-6,MolBio,92112,5 G,29339900,18,
Fine & Research Chemicals,"D-Tryptophan, 99%",,153-94-6,MolBio,92112,25 G,29339900,18,
Fine & Research Chemicals,"D-Tyrosine methyl ester hydrochloride, 98%",,3728-20-9,MolBio,92119,5 G,29339900,18,
Fine & Research Chemicals,"D-Tyrosine, 99%",,556-02-5,MolBio,92116,5 G,29339900,18,
Fine & Research Chemicals,"D-Tyrosinol, 97%",,58889-64-8,MolBio,92288,1 G,29224990,18,
Fine & Research Chemicals,"D-Valine methyl ester hydrochloride, 99%",,7146-15-8,MolBio,92123,1 G,29224990,18,
Fine & Research Chemicals,"D-Valine methyl ester hydrochloride, 99%",,7146-15-8,MolBio,92123,5 G,29224990,18,
Fine & Research Chemicals,"D-Valine, 99%",,640-68-6,MolBio,92120,5 G,29224990,18,
Fine & Research Chemicals,"D-Valine, 99% D-Valinol, 98%",,640-68-6,MolBio,92120,25 G,29224990,18,
Fine & Research Chemicals,"[(R)-(-)-2-Amino-3-methyl-1-butanol] D-Valinol, 98%",,4276-09-9,MolBio,92290,1 G,29224990,18,
Fine & Research Chemicals,[(R)-(-)-2-Amino-3-methyl-1-butanol],,4276-09-9,MolBio,92290,5 G,29224990,18,
Fine & Research Chemicals,"D-a-Tocopherol succinate, 95%",,4345-03-3,MolBio,90989,100 MG,29362990,18,
Fine & Research Chemicals,Egg albumin powder,,9006-59-1,LR,92635,500 G,35021100,18,
Fine & Research Chemicals,Electrolytic iron powder (300 MESH),,7439-89-6,LR,90404,500 G,28051900,18,
Fine & Research Chemicals,Electrolytic iron powder (300 MESH),,7439-89-6,LR,90404,5 KG,28051900,18,
Fine & Research Chemicals,Eosin (Water soluble Yellowish),,1737-87-1,LR,91784,25 G,38220090,18,
Fine & Research Chemicals,Eosin (Water soluble Yellowish),,1737-87-1,LR,91784,100 G,38220090,18,
Fine & Research Chemicals,Eosin stain solution,,548-24-3,LR,91785,125 ML,38220090,18,
Fine & Research Chemicals,"Epichlorohydrin, 99%",,106-89-8,Synthesis,91945,500 ML,29103000,18,
Fine & Research Chemicals,Erichrome black-T (EBT) indicator powder,,1787-61-7,Indicator,91780,25 G,29270090,18,
Fine & Research Chemicals,Erichrome black-T (EBT) indicator powder,,1787-61-7,Indicator,91780,100 G,29270090,18,
Fine & Research Chemicals,Erioglaucine disodium salt,,3844-45-9,Indicator,90778,25 G,32049000,18,
Fine & Research Chemicals,Eschka's mixture,,8007-09-08,AR,91821,250 G,38220090,18,
Fine & Research Chemicals,Eschka's mixture,,8007-09-08,AR,91821,500 G,38220090,18,
Fine & Research Chemicals,"1,2-Ethanedithiol, 99%",,540-63-6,Synthesis,92061,25 ML,29309098,18,
Fine & Research Chemicals,"1,2-Ethanedithiol, 99%",,540-63-6,Synthesis,92061,100 ML,29309098,18,
Fine & Research Chemicals,Ethanolamine,,141-43-5,GC,99045,1 L,29221110,18,
Fine & Research Chemicals,Ethanolamine,,141-43-5,AR,90161,500 ML,29221100,18,
Fine & Research Chemicals,Ethanolamine,,141-43-5,LR,90405,500 ML,29221110,18,
Fine & Research Chemicals,Ethanolamine,,141-43-5,LR,90405,2.5 L,29221110,18,
Fine & Research Chemicals,1-Ethoxy-2-propanol,,1569-02-4,LR,93258,500 ML,29094900,18,
Fine & Research Chemicals,"2-Ethoxyethanol, 98%",,110-80-5,AR,91524,500 ML,29153990,18,
Fine & Research Chemicals,"2-Ethoxyethanol, 98%",,110-80-5,LR,93468,500 ML,29153990,18,
Fine & Research Chemicals,"2-Ethoxyethanol, 99+%",,110-80-5,GC,99027,1 L,29094900,18,
Fine & Research Chemicals,"Ethyl 2-bromobutyrate, 99%",,533-68-6,Synthesis,92033,100 G,29159070,18,
Fine & Research Chemicals,"Ethyl 2-bromopropionate, 98%",,535-11-5,Synthesis,92035,100 G,29159070,18,
Fine & Research Chemicals,"Ethyl 2-bromopropionate, 98%",,535-11-5,Synthesis,92035,500 G,29159070,18,
Fine & Research Chemicals,Ethyl acetate,,141-78-6,HPLC,90021,1 L,29153100,18,
Fine & Research Chemicals,Ethyl acetate,,141-78-6,HPLC,90021,2.5 L,29153100,18,
Fine & Research Chemicals,Ethyl acetate,,141-78-6,PREP.HPLC,98702,2.5 L,29153100,18,
Fine & Research Chemicals,Ethyl acetate,,141-78-6,GC,94029,250 ML,29153100,18,
Fine & Research Chemicals,Ethyl acetate,,141-78-6,GC,94029,500 ML,29153100,18,
Fine & Research Chemicals,Ethyl acetate,,141-78-6,GC,94029,1 L,29153100,18,
Fine & Research Chemicals,Ethyl acetate,,141-78-6,ACS,91632,2.5 L,29153100,18,
Fine & Research Chemicals,Ethyl acetate,,141-78-6,AR,90162,500 ML,29153100,18,
Fine & Research Chemicals,Ethyl acetate,,141-78-6,AR,90162,2.5 L,29153100,18,
Fine & Research Chemicals,Ethyl acetate,,141-78-6,DRYSOLV,90891,500 ML,29153100,18,
Fine & Research Chemicals,Ethyl acetate,,141-78-6,LR,90406,500 ML,29153100,18,
Fine & Research Chemicals,Ethyl acetate,,141-78-6,LR,90406,2.5 L,29153100,18,
Fine & Research Chemicals,Ethyl acetate,,141-78-6,LN,94262,500 ML,29153100,18,
Fine & Research Chemicals,Ethyl acetate,,141-78-6,LN,94262,1 L,29153100,18,
Fine & Research Chemicals,Ethyl acetate,,141-78-6,LN,94262,2.5 L,29091100,18,
Fine & Research Chemicals,Ethyl acetate,,141-78-6,LCN™ Tested)94357-2.5,L,,29153100,18,
Fine & Research Chemicals,Ethyl acetoacetate,,141-97-9,GC,99129,250 ML,29182990,18,
Fine & Research Chemicals,"Ethyl acetoacetate, 99%",,141-97-9,Synthesis,91946,250 ML,29183040,18,
Fine & Research Chemicals,Ethyl acrylate,,140-88-5,GC,99046,100 ML,29161290,18,
Fine & Research Chemicals,"Ethyl acrylate, 99% (stabilized)",,140-88-5,Synthesis,91950,500 ML,29161200,18,
Fine & Research Chemicals,Ethyl arachidate,,18281-05-5,GC,99032,5 G,29159090,18,
Fine & Research Chemicals,"Ethyl benzene, 98%",,100-41-4,LR,91871,500 ML,29026000,18,
Fine & Research Chemicals,Ethyl benzoate,,93-89-0,LR,92572,1 L,29163190,18,
Fine & Research Chemicals,"Ethyl bromoacetate, 96%",,105-36-2,Synthesis,91947,100 G,29159070,18,
Fine & Research Chemicals,"Ethyl bromoacetate, 96%",,105-36-2,Synthesis,91947,500 G,29159070,18,
Fine & Research Chemicals,Ethyl cellulose low viscosity,,9004-57-3,LR,93521,500 G,39123912,18,
Fine & Research Chemicals,"Ethyl chloroformate, 97%",,541-41-3,LR,93485,100 G,29159090,18,
Fine & Research Chemicals,"Ethyl cyanoacetate, 98%",,105-56-6,Synthesis,91933,500 G,29269070,18,
Fine & Research Chemicals,Ethyl formate,,109-94-4,GC,94051,250 ML,29151290,18,
Fine & Research Chemicals,Ethyl formate,,109-94-4,GC,94051,500 ML,29151290,18,
Fine & Research Chemicals,Ethyl formate,,109-94-4,GC,94051,1 L,29151290,18,
Fine & Research Chemicals,Ethyl formate,,109-94-4,LR,93494,500 ML,29151290,18,
Fine & Research Chemicals,Ethyl formate,,109-94-4,LR,93494,1 L,29151300,18,
Fine & Research Chemicals,Ethyl magnesium bromide 1 M in THF,,925-90-6,LR,92522,1 L,29319090,18,
Fine & Research Chemicals,Ethyl methyl ketone,,78-93-3,HPLC,90022,1 L,29141200,18,
Fine & Research Chemicals,Ethyl methyl ketone,,78-93-3,HPLC,90022,2.5 L,29141200,18,
Fine & Research Chemicals,Ethyl methyl ketone,,78-93-3,GC,94028,250 ML,29141200,18,
Fine & Research Chemicals,Ethyl methyl ketone,,78-93-3,GC,94028,500 ML,29141200,18,
Fine & Research Chemicals,Ethyl methyl ketone,,78-93-3,GC,94028,1 L,29141200,18,
Fine & Research Chemicals,Ethyl methyl ketone,,78-93-3,ACS,91665,500 ML,29141200,18,
Fine & Research Chemicals,Ethyl methyl ketone,,78-93-3,ACS,91665,2.5 L,29141300,18,
Fine & Research Chemicals,Ethyl methyl ketone,,78-93-3,ACS,91665,4 L,29141200,18,
Fine & Research Chemicals,Ethyl methyl ketone,,78-93-3,AR,90163,500 ML,29141200,18,
Fine & Research Chemicals,Ethyl methyl ketone,,78-93-3,AR,90163,2.5 L,29141200,18,
Fine & Research Chemicals,Ethyl methyl ketone,,78-93-3,LR,90407,500 ML,29141200,18,
Fine & Research Chemicals,Ethyl methyl ketone,,78-93-3,LR,90407,2.5 L,29141200,18,
Fine & Research Chemicals,Ethyl oleate,,111-62-6,LR,93440,100 ML,29161590,18,
Fine & Research Chemicals,Ethyl oleate,,111-62-6,LR,93440,500 ML,29161590,18,
Fine & Research Chemicals,Ethyl oleate,,111-62-6,LR,93440,1 L,29161590,18,
Fine & Research Chemicals,Ethyl oleate,,111-62-6,LR,93440,2.5 L,29161590,18,
Fine & Research Chemicals,Ethyl paraben-4-hydroxybenzoic acid,,35285-68-8,LR,93481,500 G,29162900,18,
Fine & Research Chemicals,"Ethyl pyruvate, 97%",,617-35-6,LR,93446,500 G,29189900,18,
Fine & Research Chemicals,1-Ethyl-2-pyrrolidone,,2687-91-4,LR,93193,1 L,29331990,18,
Fine & Research Chemicals,1-Ethyl-2-pyrrolidone,,2687-91-4,LR,93193,2.5 L,29331990,18,
Fine & Research Chemicals,Ethylene dichloride,,107-06-2,GC,94042,250 ML,29031500,18,
Fine & Research Chemicals,Ethylene dichloride,,107-06-2,GC,94042,500 ML,29031500,18,
Fine & Research Chemicals,Ethylene dichloride,,107-06-2,GC,94042,1 L,29031500,18,
Fine & Research Chemicals,Ethylene dichloride,,107-06-2,AR,91566,500 ML,29031500,18,
Fine & Research Chemicals,Ethylene dichloride,,107-06-2,AR,91566,2.5 L,29031500,18,
Fine & Research Chemicals,Ethylene dichloride,,107-06-2,LR,90597,500 ML,29031500,18,
Fine & Research Chemicals,Ethylene dichloride,,107-06-2,LR,90597,1 L,29031500,18,
Fine & Research Chemicals,Ethylene dichloride,,107-06-2,LR,90597,2.5 L,29031500,18,
Fine & Research Chemicals,Ethylene glycol,,107-21-1,GC,94084,500 ML,29053100,18,
Fine & Research Chemicals,Ethylene glycol,,107-21-1,EL,90740,2.5 L,29053100,18,
Fine & Research Chemicals,Ethylene glycol,,107-21-1,AR,90164,500 ML,29053100,18,
Fine & Research Chemicals,Ethylene glycol,,107-21-1,AR,90164,2.5 L,29053100,18,
Fine & Research Chemicals,Ethylene glycol,,107-21-1,LR,90408,500 ML,29053100,18,
Fine & Research Chemicals,Ethylene glycol,,107-21-1,LR,90408,2.5 L,29053100,18,
Fine & Research Chemicals,Ethylene urea,,120-93-4,LR,93488,500 G,29332990,18,
Fine & Research Chemicals,Ethylenediamine,,107-15-3,AR,90907,500 ML,29212100,18,
Fine & Research Chemicals,Ethylenediaminetetraacetic acid (EDTA),,60-00-4,AR,93467,100 G,29224090,18,
Fine & Research Chemicals,Ethylenediaminetetraacetic acid (EDTA),,60-00-4,AR,93467,500 G,29224090,18,
Fine & Research Chemicals,Ethylenediaminetetraacetic acid (EDTA),,60-00-4,LR,90401,100 G,29224090,18,
Fine & Research Chemicals,Ethylenediaminetetraacetic acid (EDTA),,60-00-4,LR,90401,500 G,29224090,18,
Fine & Research Chemicals,E.D.T.A. dipotassium salt dihydrate,,25102-12-9,AR,90158,100 G,29224990,18,
Fine & Research Chemicals,E.D.T.A. dipotassium salt dihydrate,,25102-12-9,AR,90158,500 G,29224990,18,
Fine & Research Chemicals,E.D.T.A. dipotassium salt dihydrate,,25102-12-9,LR,90402,100 G,29224990,18,
Fine & Research Chemicals,E.D.T.A. dipotassium salt dihydrate,,25102-12-9,LR,90402,500 G,29224990,18,
Fine & Research Chemicals,E.D.T.A. disodium magnesium salt,,14402-88-1,LR,93297,500 G,29181500,18,
Fine & Research Chemicals,E.D.T.A. disodium magnesium salt,,14402-88-1,LR,93297,5 KG,29181500,18,
Fine & Research Chemicals,E.D.T.A. disodium salt dihydrate,,6381-92-6,AR,90159,100 G,29212100,18,
Fine & Research Chemicals,E.D.T.A. disodium salt dihydrate,,6381-92-6,AR,90159,500 G,29212100,18,
Fine & Research Chemicals,E.D.T.A. disodium salt dihydrate,,6381-92-6,AR,90159,5 KG,29212100,18,
Fine & Research Chemicals,E.D.T.A. disodium salt dihydrate,,6381-92-6,LR,90403,100 G,29212100,18,
Fine & Research Chemicals,E.D.T.A. disodium salt dihydrate,,6381-92-6,LR,90403,500 G,29212100,18,
Fine & Research Chemicals,E.D.T.A. disodium salt dihydrate,,6381-92-6,LR,90403,5 KG,29212100,18,
Fine & Research Chemicals,E.D.T.A. 1 M solution,,6381-92-6,Solution,90669,500 ML,29212100,18,
Fine & Research Chemicals,E.D.T.A. M/20 (0.05 M) solution,,6381-92-6,Solution,97189,500 ML,38220090,18,
Fine & Research Chemicals,E.D.T.A. N/10 CVS,,6381-92-6,CVS,97013,3 AMP,29212100,18,
Fine & Research Chemicals,E.D.T.A. N/10 CVS,,6381-92-6,CVS,97013,6 AMP,29212100,18,
Fine & Research Chemicals,E.D.T.A. N/10 solution,,6381-92-6,Solution,91733,500 ML,29212100,18,
Fine & Research Chemicals,E.D.T.A. N/50 solution (0.02 N),,6381-92-6,Solution,90670,500 ML,29212100,18,
Fine & Research Chemicals,E.D.T.A. Ferric Sodium Salt,,15708-41-5,LR,93246,5 KG,29181600,18,
Fine & Research Chemicals,E.D.T.A. tripotassium salt dihydrate,,65501-24-8,AR,90160,500 G,29159090,18,
Fine & Research Chemicals,"Ethylhexadecyldimethylammonium bromide,",,124-03-8,98% MolBio,90949,100 G,29239000,18,
Fine & Research Chemicals,"Ethylhexadecyldimethylammonium bromide,",,124-03-8,98% MolBio,90949,500 G,29239000,18,
Fine & Research Chemicals,"2-Ethylhexanol, 98%",,104-76-7,LR,93060,500 ML,29051610,18,
Fine & Research Chemicals,"Ethyltriphenylphosphonium iodide, 95%",,4736-60-1,Synthesis,92353,100 G,29239000,18,
Fine & Research Chemicals,Eucalyptus oil,,8000-48-4,LR,93532,500 ML,33012942,18,
Fine & Research Chemicals,Fast Blue B salt,,14263-94-6,MolBio,92576,100 G,32129090,18,
Fine & Research Chemicals,Fast Green FCF (for microscopy),,2353-45-9,MolBio,90947,25 G,32041900,18,
Fine & Research Chemicals,Fehling's solution A,,,Indicator,90748,500 ML,29310090,18,
Fine & Research Chemicals,Fehling's solution B,,,Indicator,90749,500 ML,29310090,18,
Fine & Research Chemicals,Ferric chloride anhydrous,,7705-08-0,AR,90165,500 G,28273300,18,
Fine & Research Chemicals,Ferric chloride anhydrous,,7705-08-0,LR,90409,500 G,28273300,18,
Fine & Research Chemicals,Ferric chloride anhydrous,,7705-08-0,LR,90409,1 KG,28273300,18,
Fine & Research Chemicals,Ferric chloride hexahydrate,,10025-77-1,AR,90283,500 G,28273300,18,
Fine & Research Chemicals,Ferric chloride hexahydrate,,10025-77-1,AR,90283,1 KG,28273300,18,
Fine & Research Chemicals,Ferric nitrate nonahydrate,,7782-61-8,AR,96034,500 G,28342990,18,
Fine & Research Chemicals,Ferric nitrate nonahydrate,,7782-61-8,LR,90410,500 G,28342990,18,
Fine & Research Chemicals,Ferric oxide red,,1309-37-1,LR,93375,500 G,28211010,18,
Fine & Research Chemicals,Ferroin indicator solution,,,Indicator,94188,100 ML,38220000,18,
Fine & Research Chemicals,Ferromolybdenum 60%,,12382-30-8,LR,90627,1 KG,72027000,18,
Fine & Research Chemicals,Ferroniobium 65%,,11108-69-3,LR,90615,1 KG,72029300,18,
Fine & Research Chemicals,Ferrous chloride anhydrous,,7758-94-3,LR,93207,5 KG,28273990,18,
Fine & Research Chemicals,Ferrous sulphate heptahydrate,,7782-63-0,AR,90166,500 G,28332990,18,
Fine & Research Chemicals,Ferrous sulphate heptahydrate,,7782-63-0,LR,90411,500 G,28332990,18,
Fine & Research Chemicals,Ferrous sulphide powder,,1317-37-9,LR,91801,500 G,28332910,18,
Fine & Research Chemicals,Ferrous sulphide sticks,,1317-37-9,LR,90412,1 KG,28309010,18,
Fine & Research Chemicals,Ferrovanadium 80% Powder,,12604-58-9,LR,90596,1 KG,72029200,18,
Fine & Research Chemicals,"Ferrovanadium 80%, 1-3 mm",,12604-58-9,AR,93105,1 KG,72029200,18,
Fine & Research Chemicals,Ferulic acid,,1135-24-6,Synthesis,92888,100 G,29153990,18,
Fine & Research Chemicals,Field's stain A,,,Stain,90779,25 G,32049000,18,
Fine & Research Chemicals,Field's stain B,,,Stain,90780,25 G,32049000,18,
Fine & Research Chemicals,Flavin adenine dinucleotide sodium salt,,84366-81-4,Synthesis,92534,100 MG,29349900,18,
Fine & Research Chemicals,"9-Fluorenylmethanol, 99%",,24324-17-2,Synthesis,92295,25 G,29420090,18,
Fine & Research Chemicals,"9-Fluorenylmethanol, 99%",,24324-17-2,Synthesis,92295,100 G,29420090,18,
Fine & Research Chemicals,"9-Fluorenylmethyl carbamate, 98% [Fmoc-NH2]",,84418-43-9,Synthesis,92297,1 G,29224990,18,
Fine & Research Chemicals,"9-Fluorenylmethyl chloroformate, 98% [Fmoc-Cl]",,28920-43-6,Synthesis,92296,25 G,29159090,18,
Fine & Research Chemicals,"9-Fluorenylmethyl chloroformate, 98% [Fmoc-Cl]",,28920-43-6,Synthesis,92296,100 G,29159090,18,
Fine & Research Chemicals,"1-Fluoro-2-nitrobenzene, 98%",,1493-27-2,Synthesis,91986,100 G,29049095,18,
Fine & Research Chemicals,"1-Fluoro-2-nitrobenzene, 98%",,1493-27-2,Synthesis,91986,250 G,29049095,18,
Fine & Research Chemicals,"1-Fluoro-4-nitrobenzene, 98%",,350-46-9,Synthesis,91994,100 G,29049090,18,
Fine & Research Chemicals,"1-Fluoro-4-nitrobenzene, 98%",,350-46-9,Synthesis,91994,500 G,29049090,18,
Fine & Research Chemicals,2-Fluoroaniline,,348-54-9,Synthesis,90982,100 G,29214200,18,
Fine & Research Chemicals,2-Fluoroaniline,,348-54-9,Synthesis,90982,500 G,29214200,18,
Fine & Research Chemicals,"4-Fluoroaniline, 98%",,371-40-4,Synthesis,91987,100 G,29214200,18,
Fine & Research Chemicals,"4-Fluoroaniline, 98%",,371-40-4,Synthesis,91987,500 G,29214200,18,
Fine & Research Chemicals,"4-Fluorobenzaldehyde, 98%",,459-57-4,Synthesis,90962,100 G,29130000,18,
Fine & Research Chemicals,"Fluorobenzene, 99%",,462-06-6,Synthesis,91990,250 ML,29039980,18,
Fine & Research Chemicals,"Fluorobenzene, 99%",,462-06-6,Synthesis,91990,1 L,29039980,18,
Fine & Research Chemicals,"4-Fluorobenzoic acid, 98%",,456-22-4,Synthesis,91991,100 G,29163990,18,
Fine & Research Chemicals,"4-Fluorobenzoic acid, 98%",,456-22-4,Synthesis,91991,500 G,29163990,18,
Fine & Research Chemicals,"4-Fluorobenzoyl chloride, 98%",,403-43-0,Synthesis,90970,25 G,29163990,18,
Fine & Research Chemicals,"4-Fluorobenzoyl chloride, 98%",,403-43-0,Synthesis,90970,100 G,29163990,18,
Fine & Research Chemicals,"4-Fluorobenzylamine, 97%",,140-75-0,Synthesis,91997,25 G,29214990,18,
Fine & Research Chemicals,"4-Fluorobenzylamine, 97%",,140-75-0,Synthesis,91997,100 G,29214990,18,
Fine & Research Chemicals,"4-Fluoroiodobenzene, 98%",,352-34-1,Synthesis,92384,25 G,29039990,18,
Fine & Research Chemicals,"4-Fluoroiodobenzene, 98%",,352-34-1,Synthesis,92384,100 G,29039990,18,
Fine & Research Chemicals,"4-Fluorophenol, 99%",,371-41-5,Synthesis,91988,100 G,29081900,18,
Fine & Research Chemicals,"2-Fluoropyridine, 98%",,372-48-5,Synthesis,91996,100 G,29333999,18,
Fine & Research Chemicals,"2-Fluorotoluene, 99%",,95-52-3,Synthesis,91993,100 G,29039980,18,
Fine & Research Chemicals,"2-Fluorotoluene, 99%",,95-52-3,Synthesis,91993,500 G,29039980,18,
Fine & Research Chemicals,"4-Fluorotoluene, 99%",,352-32-9,Synthesis,91995,100 G,29039980,18,
Fine & Research Chemicals,"4-Fluorotoluene, 99%",,352-32-9,Synthesis,91995,500 G,29039980,18,
Fine & Research Chemicals,"1-Fluro-2,4-dinitrobenzene",,70-34-8,AR,96012,100 ML,29049990,18,
Fine & Research Chemicals,Folin & Ciocalteu's phenol reagent,,,LR,93406,1 L,38220090,18,
Fine & Research Chemicals,Folin & WU'S phosphate molybdate solution,,,Solution,93546,100 ML,38220090,18,
Fine & Research Chemicals,Folin & WU'S phosphate molybdate solution,,,Solution,93546,200 ML,38220090,18,
Fine & Research Chemicals,Formaldehyde solution 37-41% w/v,,50-00-0,MolBio,92613,500 ML,29121100,18,
Fine & Research Chemicals,Formaldehyde solution 37-41% w/v,,50-00-0,AR,90167,500 ML,29121100,18,
Fine & Research Chemicals,Formaldehyde solution 37-41% w/v,,50-00-0,AR,90167,1 L,29121100,18,
Fine & Research Chemicals,Formaldehyde solution 37-41% w/v,,50-00-0,AR,90167,2.5 L,29121100,18,
Fine & Research Chemicals,Formaldehyde solution 37-41% w/v,,50-00-0,AR,90167,5 L,29121100,18,
Fine & Research Chemicals,Formaldehyde solution 37-41% w/v,,50-00-0,LR,90413,500 ML,29121100,18,
Fine & Research Chemicals,Formaldehyde solution 37-41% w/v,,50-00-0,LR,90413,2.5 L,29121100,18,
Fine & Research Chemicals,Formaldehyde solution 37-41% w/v,,50-00-0,LR,90413,5 L,29121100,18,
Fine & Research Chemicals,Formamide,,75-12-7,MolBio,92660,500 ML,29211190,18,
Fine & Research Chemicals,Formamide,,75-12-7,LR,93434,500 ML,29211110,18,
Fine & Research Chemicals,Formamide,,75-12-7,GC,94064,1 L,29121100,18,
Fine & Research Chemicals,Formic acid,,64-18-6,LC-MS,90086,25 ML,29151100,18,
Fine & Research Chemicals,Formic acid,,64-18-6,LC-MS,90086,50 ML,29151100,18,
Fine & Research Chemicals,Formic acid,,64-18-6,LC-MS,90086,100 ML,29151100,18,
Fine & Research Chemicals,Formic acid,,64-18-6,LC-MS,90086,500 ML,29151100,18,
Fine & Research Chemicals,Formic acid,,64-18-6,HPLC,90085,25 ML,29151100,18,
Fine & Research Chemicals,Formic acid,,64-18-6,HPLC,90085,50 ML,29151100,18,
Fine & Research Chemicals,Formic acid,,64-18-6,HPLC,90085,100 ML,29151100,18,
Fine & Research Chemicals,Formic acid,,64-18-6,HPLC,90085,250 ML,29151100,18,
Fine & Research Chemicals,Formic acid,,64-18-6,HPLC,90085,500 ML,29151100,18,
Fine & Research Chemicals,Formic acid,,64-18-6,AR,90289,500 ML,29151100,18,
Fine & Research Chemicals,Formic acid (ampoules),,64-18-6,LC-MS,90086,5X1 ML,29151100,18,
Fine & Research Chemicals,Formic acid 8%,,64-18-6,LR,93570,1 L,29151100,18,
Fine & Research Chemicals,Formic acid 90%,,64-18-6,AR,91508,500 ML,29151100,18,
Fine & Research Chemicals,Formic acid anhydrous,,64-18-6,LR,93264,500 ML,29151100,18,
Fine & Research Chemicals,Fuchsin acid,,3244-88-0,Synthesis,94194,25 G,32049000,18,
Fine & Research Chemicals,Fuchsin basic,,632-99-5,LR,94190,25 G,32041343,18,
Fine & Research Chemicals,Fuchsin basic,,632-99-5,LR,94190,100 G,32041343,18,
Fine & Research Chemicals,Fuller's earth (china clay),,8031-18-3,LR,90414,500 G,25050000,18,
Fine & Research Chemicals,Fumaric acid,,110-17-8,LR,93266,500 G,29171950,18,
Fine & Research Chemicals,"2,5-Furandicarboxylic acid",,3238-40-2,LR,92567,100 G,29321990,18,
Fine & Research Chemicals,"Furfuryl alcohol, 98%",,98-00-0,Synthesis,91948,500 ML,29321300,18,
Fine & Research Chemicals,Fusion mixture,,,LR,90415,500 G,28369990,18,
Fine & Research Chemicals,Gallic acid monohydrate,,5995-86-8,MolBio,93404,100 G,29072990,18,
Fine & Research Chemicals,Gelatin,,9000-70-8,AR,92917,500 G,38220090,12,
Fine & Research Chemicals,Gentamicin sulphate,,1405-41-0,Synthesis,92558,500 G,29419040,18,
Fine & Research Chemicals,Gibberellic acid,,77-06-5,Synthesis,92444,10 G,38089330,18,
Fine & Research Chemicals,Gibberellic acid,,77-06-5,Synthesis,92444,100 G,38089330,18,
Fine & Research Chemicals,Giemsa stain powder for microscopy,,51811-82-6,MolBio,91786,25 G,38220090,18,
Fine & Research Chemicals,Giemsa's stain solution,,51811-82-6,Stain,94212,125 ML,32041949,18,
Fine & Research Chemicals,"Glutaraldehyde solution, 2% in water",,111-30-8,LR,90743,500 ML,29121990,18,
Fine & Research Chemicals,"Glutaraldehyde solution, 25% in water",,111-30-8,AR,96085,500 ML,29121990,18,
Fine & Research Chemicals,"Glutaraldehyde solution, 25% in water",,111-30-8,LR,90612,500 ML,29121990,18,
Fine & Research Chemicals,"Glutaraldehyde solution, 25% in water",,111-30-8,LR,90612,5 L,29121990,18,
Fine & Research Chemicals,"Glutaraldehyde solution, 50% in water",,111-30-8,LR,93220,250 ML,29121990,18,
Fine & Research Chemicals,Glycerol,,56-81-5,GC,99033,1 L,29153990,18,
Fine & Research Chemicals,Glycerol,,56-81-5,AR,90168,500 ML,29153990,18,
Fine & Research Chemicals,Glycerol,,56-81-5,AR,90168,2.5 L,29153990,18,
Fine & Research Chemicals,Glycerol,,56-81-5,AR,90168,5 L,29153990,18,
Fine & Research Chemicals,Glycerol,,56-81-5,MolBio,92617,500 ML,29153990,18,
Fine & Research Chemicals,Glycerol,,56-81-5,LR,90416,500 ML,29054500,18,
Fine & Research Chemicals,Glycerol,,56-81-5,LR,90416,2.5 L,29054500,18,
Fine & Research Chemicals,Glycerol,,56-81-5,LR,90416,5 L,29054500,18,
Fine & Research Chemicals,"Glycerol triacetate, 99% (Triacetin)",,102-76-1,MolBio,92018,500 ML,29153940,18,
Fine & Research Chemicals,"Glycerol tributyrate, 98%",,60-01-5,MolBio,90990,100 ML,29159090,18,
Fine & Research Chemicals,"Glycerol tributyrate, 98%",,60-01-5,MolBio,90990,500 ML,29159090,18,
Fine & Research Chemicals,Glycinamide hydrochloride 98%,,1668-10-6,MolBio,92747,1 KG,29224910,18,
Fine & Research Chemicals,Glycine,,56-40-6,AR,91526,100 G,29224910,18,
Fine & Research Chemicals,Glycine,,56-40-6,AR,91526,500 G,29224910,18,
Fine & Research Chemicals,Glycine,,56-40-6,MolBio,92621,500 G,29224910,18,
Fine & Research Chemicals,Glycine benzyl ester p-toluenesulphonate,,1738-76-7,"salt, 98% MolBio",92081,25 G,38220090,18,
Fine & Research Chemicals,"Glycine methyl ester hydrochloride, 99%",,5680-79-5,MolBio,92079,100 G,29224990,18,
Fine & Research Chemicals,"Glycine methyl ester hydrochloride, 99%",,5680-79-5,MolBio,92079,500 G,29224990,18,
Fine & Research Chemicals,"Glycine tert-butyl ester hydrochloride, 99%",,27532-96-3,MolBio,92082,25 G,29224990,18,
Fine & Research Chemicals,"Glycine tert-butyl ester hydrochloride, 99%",,27532-96-3,MolBio,92082,100 G,29224990,18,
Fine & Research Chemicals,"Glycine, 99%",,56-40-6,LR,90417,500 G,29224910,18,
Fine & Research Chemicals,Glycofural,,31692-85-0,LR,93640,250 ML,39072990,18,
Fine & Research Chemicals,Glycolic acid,,79-14-1,Synthesis,93167,25 G,29157090,18,
Fine & Research Chemicals,Glycolic acid 70%,,79-14-1,LR,91759,500 ML,29181990,18,
Fine & Research Chemicals,"Glyoxal solution, 40 wt% in water",,107-22-2,Synthesis,91904,500 ML,29121930,18,
Fine & Research Chemicals,Godolinium(III) nitrate hexahydrate,,19598-90-4,LR,92848,1 KG,28469090,5,
Fine & Research Chemicals,Gold (III) chloride,,16903-35-8,LR,93102,1 G,28439019,18,
Fine & Research Chemicals,Grams safranin solution,,477-73-6,Stain,94211,125 ML,32041399,18,
Fine & Research Chemicals,Grams safranine O (Biological stain),,477-73-6,Stain,94210,25 G,32041399,18,
Fine & Research Chemicals,Griess reagent for nitrite,,,LR,92578,100 ML,38229090,18,
Fine & Research Chemicals,Guaiacol (2-methoxyphenol),,90-05-1,Synthesis,92890,250 G,29252990,18,
Fine & Research Chemicals,"Guanidine hydrochloride, 98%",,50-01-1,MolBio,92604,500 G,29252900,18,
Fine & Research Chemicals,Guanidinium thiocyanate,,593-84-0,MolBio,92653,1 KG,29221990,18,
Fine & Research Chemicals,Guar gum,,9000-30-0,LR,93415,500 G,13023230,18,
Fine & Research Chemicals,"HATU, 97%*",,148893-10-1,MolBio,92058,1 G,29339900,18,
Fine & Research Chemicals,"HATU, 97%* 2-(2H-Benzotriazol-2-yl)-",,148893-10-1,MolBio,92058,5 G,29339900,18,
Fine & Research Chemicals,"4,6-Bis(1-methyl-1-phenylethyl)phenol HBTU [O-(Benzotriazol-1-yl)-N,N,N’,N’-",,70321-86-7,Synthesis,92665,25 G,29214990,18,
Fine & Research Chemicals,tetramethyluronium hexafluorophosphate],,94790-37-1,MolBio,90972,25 G,29339990,18,
Fine & Research Chemicals,Hematoxylin powder,,,Stain,94184,5 G,32030090,18,
Fine & Research Chemicals,Hematoxylin solution,,,Stain,94204,125 ML,32030090,18,
Fine & Research Chemicals,"Heptafluorobutyric acid, 98%",,375-22-4,Synthesis,90908,100 G,29159090,18,
Fine & Research Chemicals,Heptane,,142-82-5,LR,90418,500 ML,29011000,18,
Fine & Research Chemicals,Heptane,,142-82-5,LR,90418,2.5 L,29011000,18,
Fine & Research Chemicals,Heptane,,142-82-5,LN,94272,1 L,27101990,18,
Fine & Research Chemicals,Heptane,,142-82-5,LN,94272,2.5 L,38140010,18,
Fine & Research Chemicals,Heptane,,142-82-5,LN,94272,4 L,27101990,18,
Fine & Research Chemicals,1-Heptane sulphonic acid sodium salt monohydrate,,207300-90-1,HPLC,90024,25 G,29041090,18,
Fine & Research Chemicals,1-Heptane sulphonic acid sodium salt monohydrate,,207300-90-1,HPLC,90024,100 G,29041090,18,
Fine & Research Chemicals,1-Heptane sulphonic acid sodium salt anhydrous,,22767-50-6,HPLC,90023,25 G,29041090,18,
Fine & Research Chemicals,1-Heptane sulphonic acid sodium salt anhydrous,,22767-50-6,HPLC,90023,100 G,29041090,18,
Fine & Research Chemicals,1-Heptane sulphonic acid sodium salt anhydrous,,22767-50-6,LR,90655,25 G,29041090,18,
Fine & Research Chemicals,Heptanoic acid,,111-14-8,Synthesis,92553,500 ML,29159090,18,
Fine & Research Chemicals,"1,1,1,3,3,3-Hexafluoro-2-propanol",,920-66-1,LR,93315,500 G,29055900,18,
Fine & Research Chemicals,Hexafluorophosphoric acid ~ 62%,,169-81-1,LR,92571,250 ML,28092010,18,
Fine & Research Chemicals,"Hexamine, 98% (Hexamethylenetetramene)",,100-97-0,AR,91582,500 G,29212910,18,
Fine & Research Chemicals,"Hexamine, 98% (Hexamethylenetetramene)",,100-97-0,LR,93016,500 G,29336940,18,
Fine & Research Chemicals,1-Hexane sulphonic acid sodium salt anhydrous,,2832-45-3,HPLC,90025,25 G,29041090,18,
Fine & Research Chemicals,1-Hexane sulphonic acid sodium salt anhydrous *Store at 2-8 o C,,2832-45-3,HPLC,90025,100 G,29041090,18,
Fine & Research Chemicals,monohydrate 1-Hexane sulphonic acid sodium salt,,207300-91-2,HPLC,90026,25 G,29041090,18,
Fine & Research Chemicals,monohydrate,,207300-91-2,HPLC,90026,100 G,29041090,18,
Fine & Research Chemicals,Hexanoic acid,,142-62-1,LR,93588,500 G,29152990,18,
Fine & Research Chemicals,Hexanoic acid,,142-62-1,LR,93588,5 KG,29152990,18,
Fine & Research Chemicals,"1-Hexanol, 98%",,111-27-3,Synthesis,92016,500 ML,29061990,18,
Fine & Research Chemicals,"1-Hexanol, 98%",,111-27-3,Synthesis,92016,2.5 L,29061990,18,
Fine & Research Chemicals,2-Hexanone,,591-78-6,LR,93341,500 ML,29141900,18,
Fine & Research Chemicals,"1H-Tetrazole, 98%",,288-94-8,Synthesis,92063,5 G,29339900,18,
Fine & Research Chemicals,"1H-Tetrazole, 98%",,288-94-8,Synthesis,92063,25 G,29339900,18,
Fine & Research Chemicals,Humic acid,,68514–28–3,Synthesis,93026,1 KG,31059090,18,
Fine & Research Chemicals,Hyaluronic acid sodium salt,,9067-32-7,Synthesis,92423,100 G,39139090,18,
Fine & Research Chemicals,"Hyamine 1622 solution, 0.004 M",,121-54-0,,90621,1 L,29239000,18,
Fine & Research Chemicals,Hydrazine hydrate 80%,,10217-52-4,AR,90420,500 ML,28251020,18,
Fine & Research Chemicals,Hydrazine hydrate 80%,,10217-52-4,AR,90420,5 L,28251020,18,
Fine & Research Chemicals,Hydrazine hydrate 99-100%,,7803-57-8,LR,90419,500 ML,28251020,18,
Fine & Research Chemicals,Hydrazine sulphate,,10034-93-2,LR,93217,100 G,28251030,18,
Fine & Research Chemicals,Hydrazine sulphate,,10034-93-2,AR,96022,500 G,28251030,18,
Fine & Research Chemicals,"Hydriodic acid, 57 wt% in H2O",,10034-85-2,LR,91827,250 ML,28111980,18,
Fine & Research Chemicals,Hydrobromic acid 48%,,10035-10-6,LR,93044,500 ML,28111990,18,
Fine & Research Chemicals,Hydrochloric acid,,7647-01-0,ACS,91656,1 L,28061000,18,
Fine & Research Chemicals,Hydrochloric acid,,7647-01-0,AR,90169,500 ML,28061000,18,
Fine & Research Chemicals,Hydrochloric acid,,7647-01-0,AR,90169,2.5 L,28061000,18,
Fine & Research Chemicals,Hydrochloric acid,,7647-01-0,AR,90169,5 L,28061000,18,
Fine & Research Chemicals,Hydrochloric acid,,7647-01-0,LR,90421,500 ML,28061000,18,
Fine & Research Chemicals,Hydrochloric acid,,7647-01-0,LR,90421,2.5 L,28061000,18,
Fine & Research Chemicals,Hydrochloric acid,,7647-01-0,LR,90421,5 L,28061000,18,
Fine & Research Chemicals,Hydrochloric acid (0.2 M) solution,,7647-01-0,Solution,91723,500 ML,28061000,18,
Fine & Research Chemicals,Hydrochloric acid (0.2 M) solution,,7647-01-0,Solution,91723,1 L,28061000,18,
Fine & Research Chemicals,Hydrochloric acid (0.5 N) solution,,7647-01-0,Solution,90664,500 ML,28061000,18,
Fine & Research Chemicals,Hydrochloric acid (0.5 N) solution,,7647-01-0,Solution,90664,1 L,28061000,18,
Fine & Research Chemicals,Hydrochloric acid (1.0 M/1.0 N) solution,,7647-01-0,Solution,90665,1 L,28061000,18,
Fine & Research Chemicals,Hydrochloric acid (for steel industry),,7647-01-0,LR,90422,5 L,28061000,18,
Fine & Research Chemicals,Hydrochloric acid (N/1) CVS,,7647-01-0,CVS,97001,2 AMP,28061000,18,
Fine & Research Chemicals,Hydrochloric acid (N/10) CVS,,7647-01-0,CVS,97002,6 AMP,28061000,18,
Fine & Research Chemicals,Hydrochloric acid N/10 solution,,7647-01-0,,90683,500 ML,28061000,18,
Fine & Research Chemicals,Hydrochloric acid 20% solution Hyamine is a registered trademark of Lonza Group Ltd.,,7647-01-0,Solution,96015,2.5 L,28061000,18,
Fine & Research Chemicals,(for Trace Metal Analysis) ppb level Hydrochloric acid 34-37%,,7647-01-0,AD Trace +,97602,500 ML,28061000,18,
Fine & Research Chemicals,(for Trace Metal Analysis) ppb level Hydrochloric acid 34-37%,,7647-01-0,AD Trace +,97602,1 L,28061000,18,
Fine & Research Chemicals,(for Trace Metal Analysis) ppm level Hydrochloric acid 34-37%,,7647-01-0,AD Trace,97601,500 ML,28061000,18,
Fine & Research Chemicals,(for Trace Metal Analysis) ppm level Hydrofluoric acid,,7647-01-0,AD Trace,97601,1 L,28061000,18,
Fine & Research Chemicals,(for Trace Metal Analysis) ppb level,,7664-39-3,AD Trace +,97611,500 ML,28111100,18,
Fine & Research Chemicals,Hydrofluoric acid 40%,,7664-39-3,EL,97104,500 ML,28111150,18,
Fine & Research Chemicals,Hydrofluoric acid 40%,,7664-39-3,AR,90170,500 ML,28111100,18,
Fine & Research Chemicals,Hydrofluoric acid 40%,,7664-39-3,LR,90423,500 ML,28111100,18,
Fine & Research Chemicals,Hydrofluoric acid 40%,,7664-39-3,LR,90423,5 L,28111100,18,
Fine & Research Chemicals,Hydrofluoric acid 48%,,7664-39-3,AR,90171,500 ML,28111150,18,
Fine & Research Chemicals,Hydrofluoric acid 48%,,7664-39-3,AR,90171,5 L,28111150,18,
Fine & Research Chemicals,Hydrogen peroxide 3%,,7722-84-1,LR,93457,500 ML,28470000,18,
Fine & Research Chemicals,Hydrogen peroxide 6%,,7722-84-1,LR,90426,1 L,28470000,18,
Fine & Research Chemicals,Hydrogen peroxide 6%,,7722-84-1,LR,90426,5 L,28470000,18,
Fine & Research Chemicals,Hydrogen peroxide 30%,,7722-84-1,AR,90172,500 ML,28470000,18,
Fine & Research Chemicals,Hydrogen peroxide 30%,,7722-84-1,AR,90172,5 L,28470000,18,
Fine & Research Chemicals,Hydrogen peroxide 30%,,7722-84-1,LR,90424,500 ML,28470000,18,
Fine & Research Chemicals,Hydrogen peroxide 30%,,7722-84-1,LR,90424,5 L,28470000,18,
Fine & Research Chemicals,Hydrogen peroxide 30% for ICP/AAS,,7722-84-1,Premium,97136,1 L,28470000,18,
Fine & Research Chemicals,Hydrogen peroxide 30% for ICP/AAS,,7722-84-1,Premium,97136,5 L,28470000,18,
Fine & Research Chemicals,Hydrogen peroxide 35%,,7722-84-1,LR,93186,500 ML,28470000,18,
Fine & Research Chemicals,Hydrogen peroxide 35%,,7722-84-1,LR,93186,5 L,2847.00.10,18,
Fine & Research Chemicals,Hydrogen peroxide 50%,,7722-84-1,LR,90425,500 ML,28470000,18,
Fine & Research Chemicals,Hydroquinone,,123-31-9,LR,90427,100 G,29072200,18,
Fine & Research Chemicals,Hydroquinone,,123-31-9,LR,90427,500 G,29072200,18,
Fine & Research Chemicals,1-Hydroxy benzotriazole,,2592-95-2,LR,92872,500 G,29333990,18,
Fine & Research Chemicals,"4-Hydroxybenzaldehyde, 98%",,123-08-0,Synthesis,92013,250 G,29124900,18,
Fine & Research Chemicals,"4-Hydroxybenzaldehyde, 98%",,123-08-0,Synthesis,92013,1 KG,29124900,18,
Fine & Research Chemicals,4-Hydroxybenzoic acid,,99-96-7,Synthesis,90951,500 G,29182930,18,
Fine & Research Chemicals,4-Hydroxybenzyl alcohol,,623-05-2,Synthesis,92887,100 G,29072990,18,
Fine & Research Chemicals,Hydroxyl naphthol blue,,63451-35-4,AR,94172,1 KG,29270090,18,
Fine & Research Chemicals,Hydroxylamine hydrochloride,,5470-11-1,AR,90173,100 G,28251010,18,
Fine & Research Chemicals,Hydroxylamine hydrochloride,,5470-11-1,LR,90428,100 G,28251010,18,
Fine & Research Chemicals,Hydroxylamine hydrochloride Hydroxylamine sulphate,,5470-11-1,LR,90428,500 G,28251010,18,
Fine & Research Chemicals,(Hydroxylammonium sulphate),,10039-54-0,AR,96071,500 G,28251000,18,
Fine & Research Chemicals,Hydroxypropyl cellulose,,9004-64-2,Synthesis,93507,100 G,39123919,18,
Fine & Research Chemicals,Hydroxypropyl methylcellulose,,9004-65-3,MolBio,96039,500 G,39123919,18,
Fine & Research Chemicals,"2-Hydroxypropyl-b-cyclodextrin, 98%",,128446-35-5,MolBio,90980,100 G,38220090,18,
Fine & Research Chemicals,2-hydroxypyridine-n-oxide,,13161-30-3,LR,92546,100 G,29333990,18,
Fine & Research Chemicals,8-Hydroxyquinoline,,148-24-3,AR,96021,500 G,29333900,18,
Fine & Research Chemicals,Hypophosphorous acid 50% aqueous solution,,6303-21-5,LR,93551,500 ML,28111990,18,
Fine & Research Chemicals,"Hypophosphorous acid, 30% aqueous solution",,6303-21-5,LR,93580,500 ML,28111920,18,
Fine & Research Chemicals,i-Inositol (Meso-inositol),,87-89-8,Synthesis,92450,100 G,29061990,18,
Fine & Research Chemicals,Imidazole,,288-32-4,GC,99047,100 G,29332990,18,
Fine & Research Chemicals,Imidazole,,288-32-4,AR,91527,100 G,29332990,18,
Fine & Research Chemicals,Imidazole,,288-32-4,LR,90429,100 G,29332990,18,
Fine & Research Chemicals,Imidazole,,288-32-4,LR,90429,500 G,29332990,18,
Fine & Research Chemicals,Immersion oil,,,MolBio,92439,30 ML,38220090,18,
Fine & Research Chemicals,"Indicator paper, pH 1.0-14.0",,,Indicator,90777,10 BKTS,38220019,18,
Fine & Research Chemicals,"Indicator paper, pH 2.0-10.5",,,Indicator,90776,10 BKTS,38220019,18,
Fine & Research Chemicals,Indigo carmine,,860-22-0,LR,94189,25 G,32041200,18,
Fine & Research Chemicals,"Indole, 98%",,120-72-9,AR,91528,100 G,29339920,18,
Fine & Research Chemicals,Indole-3-Acetic acid,,87-51-4,Synthesis,92446,5 G,29339990,18,
Fine & Research Chemicals,Indole-3-Acetic acid,,87-51-4,Synthesis,92446,25 G,29339990,18,
Fine & Research Chemicals,Indole-3-butyric acid,,133-32-4,Synthesis,92443,25 G,29339900,18,
Fine & Research Chemicals,Indole-3-butyric acid potassium salt,,60096-23-3,Synthesis,92442,25 G,29339990,18,
Fine & Research Chemicals,Inulin,,9005-80-5,LR,93222,25 G,11082000,12,
Fine & Research Chemicals,"Iodic acid, 99%",,7782-68-5,Synthesis,92398,25 G,28111990,18,
Fine & Research Chemicals,"Iodic acid, 99%",,7782-68-5,Synthesis,92398,100 G,28111990,18,
Fine & Research Chemicals,Iodine (N/10) CVS,,7553-56-2,CVS,97003,6 AMP,28012000,12,
Fine & Research Chemicals,Iodine (resublimed),,7553-56-2,AR,90174,100 G,28012000,12,
Fine & Research Chemicals,Iodine (resublimed),,7553-56-2,LR,90754,100 G,28012000,12,
Fine & Research Chemicals,Iodine (resublimed),,7553-56-2,LR,90754,500 G,28012000,12,
Fine & Research Chemicals,Iodine 0.01 N solution,,7553-56-2,Solution,91769,500 ML,28012000,12,
Fine & Research Chemicals,Iodine 0.1 M solution,,7553-56-2,Solution,97187,500 ML,28012000,12,
Fine & Research Chemicals,Iodine 0.1 N solution,,7553-56-2,Solution,97157,500 ML,28012000,12,
Fine & Research Chemicals,Iodine 20% solution (I-20),,7553-56-2,LR,90628,500 ML,28012000,12,
Fine & Research Chemicals,Iodine monobromide,,7789-33-5,LR,93378,100 G,28129000,12,
Fine & Research Chemicals,Iodine monochloride,,7790-99-0,LR,90430 (5x25 G),,28012000,12,
Fine & Research Chemicals,Iodine monochloride,,7790-99-0,LR,90430 (5x50 G),,28012000,12,
Fine & Research Chemicals,"Iodoacetic acid, 98%",,64-69-7,Synthesis,92396,25 G,29159090,18,
Fine & Research Chemicals,"2-Iodoaniline, 98%",,615-43-0,Synthesis,92379,25 G,29214200,18,
Fine & Research Chemicals,"2-Iodoaniline, 98%",,615-43-0,Synthesis,92379,100 G,29214200,18,
Fine & Research Chemicals,"3-Iodoaniline, 98%",,626-01-7,Synthesis,92401,5 G,29214200,18,
Fine & Research Chemicals,"3-Iodoaniline, 98%",,626-01-7,Synthesis,92401,25 G,29214200,18,
Fine & Research Chemicals,"4-Iodoaniline, 99%",,540-37-4,Synthesis,92363,25 G,29214200,18,
Fine & Research Chemicals,"4-Iodoaniline, 99%",,540-37-4,Synthesis,92363,100 G,29214200,18,
Fine & Research Chemicals,"4-Iodoanisole, 98%",,696-62-8,Synthesis,92402,25 G,29093090,18,
Fine & Research Chemicals,"4-Iodoanisole, 98%",,696-62-8,Synthesis,92402,100 G,29093090,18,
Fine & Research Chemicals,"Iodobenzene diacetate, 97%",,3240-34-4,Synthesis,92389,25 G,29319090,18,
Fine & Research Chemicals,"Iodobenzene diacetate, 97%",,3240-34-4,Synthesis,92389,100 G,29319090,18,
Fine & Research Chemicals,"Iodobenzene, 99%",,591-50-4,Synthesis,92346,100 G,29039980,18,
Fine & Research Chemicals,"Iodobenzene, 99%",,591-50-4,Synthesis,92346,500 G,29039980,18,
Fine & Research Chemicals,"2-Iodobenzoic acid, 98%",,88-67-5,Synthesis,92368,25 G,29163190,18,
Fine & Research Chemicals,"2-Iodobenzoic acid, 98%",,88-67-5,Synthesis,92368,100 G,29163190,18,
Fine & Research Chemicals,"3-Iodobenzoic acid, 98%",,618-51-9,Synthesis,92382,25 G,29163990,18,
Fine & Research Chemicals,"3-Iodobenzoic acid, 98%",,618-51-9,Synthesis,92382,100 G,29163990,18,
Fine & Research Chemicals,"4-Iodobenzoic acid, 98%",,619-58-9,Synthesis,92370,25 G,29163990,18,
Fine & Research Chemicals,"3-Iodobenzotrifluoride, 98%",,401-81-0,Synthesis,92400,25 G,29039990,18,
Fine & Research Chemicals,"1-Iodobutane, 98% [n-Butyl iodide]",,542-69-8,Synthesis,92348,100 G,29033030,18,
Fine & Research Chemicals,"1-Iodobutane, 98% [n-Butyl iodide]",,542-69-8,Synthesis,92348,500 G,29033030,18,
Fine & Research Chemicals,"2-Iodobutane, 98% [sec-Butyl iodide]",,513-48-4,Synthesis,92408,25 G,29033980,18,
Fine & Research Chemicals,"2-Iodobutane, 98% [sec-Butyl iodide]",,513-48-4,Synthesis,92408,100 G,29033980,18,
Fine & Research Chemicals,"Iodocyclohexane, 98%",,626-62-0,Synthesis,92390,25 G,29038900,18,
Fine & Research Chemicals,"Iodocyclohexane, 98%",,626-62-0,Synthesis,92390,100 G,29038900,18,
Fine & Research Chemicals,"1-Iododecane, 98%",,2050-77-3,Synthesis,92406,25 G,29033980,18,
Fine & Research Chemicals,"1-Iododecane, 98%",,2050-77-3,Synthesis,92406,100 G,29033980,18,
Fine & Research Chemicals,"Iodoethane, 99% [Ethyl iodide]",,75-03-6,Synthesis,92351,100 ML,29033030,18,
Fine & Research Chemicals,"Iodoethane, 99% [Ethyl iodide]",,75-03-6,Synthesis,92351,250 ML,29033030,18,
Fine & Research Chemicals,"2-Iodoethanol, 99%",,624-76-0,Synthesis,92375,5 G,29055998,18,
Fine & Research Chemicals,"2-Iodoethanol, 99%",,624-76-0,Synthesis,92375,25 G,29055998,18,
Fine & Research Chemicals,"Iodoform, 99% [Triiodomethane]",,75-47-8,Synthesis,92349,100 G,29033990,18,
Fine & Research Chemicals,"Iodoform, 99% [Triiodomethane]",,75-47-8,Synthesis,92349,250 G,29033990,18,
Fine & Research Chemicals,"1-Iodoheptane, 98% [Heptyl iodide]",,4282-40-0,Synthesis,92374,25 G,29033980,18,
Fine & Research Chemicals,"1-Iodohexane, 98% [Hexyl iodide]",,638-45-9,Synthesis,92373,25 G,29033080,18,
Fine & Research Chemicals,"1-Iodohexane, 98% [Hexyl iodide]",,638-45-9,Synthesis,92373,100 G,29033080,18,
Fine & Research Chemicals,"Iodomethane, 99% [Methyl iodide]",,74-88-4,Synthesis,92347,100 ML,29033930,18,
Fine & Research Chemicals,Iodomethane D3 [Methyl iodide-D3],,865-50-9,Deuterated,94009,5 G,29033990,18,
Fine & Research Chemicals,Iodomethane D3 [Methyl iodide-D3],,865-50-9,Deuterated,94009,10 G,29033990,18,
Fine & Research Chemicals,Iodomethane D3 [Methyl iodide-D3],,865-50-9,Deuterated,94009,25 G,29033990,18,
Fine & Research Chemicals,Iodomethane D3 [Methyl iodide-D3],,865-50-9,Deuterated,94009,50 G,29033990,18,
Fine & Research Chemicals,"2-Iodonitrobenzene, 97%",,609-73-4,Synthesis,92377,25 G,29049090,18,
Fine & Research Chemicals,"2-Iodophenol, 98%",,533-58-4,Synthesis,92369,25 G,29081900,18,
Fine & Research Chemicals,"4-Iodophenol, 98%",,540-38-5,Synthesis,92365,25 G,29089990,18,
Fine & Research Chemicals,"1-Iodopropane, 99%",,107-08-4,Synthesis,92343,100 G,29033980,18,
Fine & Research Chemicals,"2-Iodopropane, 99%",,75-30-9,Synthesis,92361,100 G,29033980,18,
Fine & Research Chemicals,"3-Iodopyridine, 98%",,1120-90-7,Synthesis,92383,5 G,29333990,18,
Fine & Research Chemicals,"2-Iodotoluene, 98%",,615-37-2,Synthesis,92380,5 G,29039980,18,
Fine & Research Chemicals,"2-Iodotoluene, 98%",,615-37-2,Synthesis,92380,25 G,29039980,18,
Fine & Research Chemicals,"5-Iodouracil, 98%",,696-07-1,Synthesis,92385,5 G,29349900,18,
Fine & Research Chemicals,Iron Metal (filings),,7439-89-6,LR,91860,25 G,25301090,18,
Fine & Research Chemicals,Isoamyl acetate,,123-92-2,LR,90431,500 ML,29153990,18,
Fine & Research Chemicals,Isoamyl acetate,,123-92-2,LR,90431,2.5 L,29153990,18,
Fine & Research Chemicals,Isoamyl alcohol,,123-51-3,AR,90281,500 ML,29051500,18,
Fine & Research Chemicals,Isoamyl alcohol,,123-51-3,AR,90281,2.5 L,29051500,18,
Fine & Research Chemicals,Isoamyl alcohol,,123-51-3,LR,90432,500 ML,29051500,18,
Fine & Research Chemicals,Isoamyl alcohol,,123-51-3,LR,90432,2.5 L,29051500,18,
Fine & Research Chemicals,Isoamyl alcohol for milk testing,,123-51-3,LR,90433,500 ML,29051500,18,
Fine & Research Chemicals,Isoamyl alcohol for milk testing,,123-51-3,LR,90433,2.5 L,29051500,18,
Fine & Research Chemicals,Isobutanol (iso-Butyl alcohol),,78-83-1,GC,94052,250 ML,29153300,18,
Fine & Research Chemicals,Isobutanol (iso-Butyl alcohol),,78-83-1,GC,94052,500 ML,29153300,18,
Fine & Research Chemicals,Isobutanol (iso-Butyl alcohol),,78-83-1,GC,94052,1 L,29153300,18,
Fine & Research Chemicals,Isobutanol (iso-Butyl alcohol),,78-83-1,AR,91521,500 ML,29153300,18,
Fine & Research Chemicals,Isobutanol (iso-Butyl alcohol),,78-83-1,AR,91521,2.5 L,29153300,18,
Fine & Research Chemicals,Isobutanol (iso-Butyl alcohol),,78-83-1,LR,93174,500 ML,29051490,18,
Fine & Research Chemicals,Isobutanol (iso-Butyl alcohol),,78-83-1,LR,93174,2.5 L,29051490,18,
Fine & Research Chemicals,Iso-butyl acetate,,110-19-0,GC,94053,1 L,29153900,18,
Fine & Research Chemicals,Isobutyl methyl ketone (MIBK),,108-10-1,GC,94034,250 ML,29141300,18,
Fine & Research Chemicals,Isobutyl methyl ketone (MIBK),,108-10-1,GC,94034,500 ML,29141300,18,
Fine & Research Chemicals,Isobutyl methyl ketone (MIBK),,108-10-1,GC,94034,1 L,29141300,18,
Fine & Research Chemicals,Isobutyl methyl ketone (MIBK),,108-10-1,AR,90175,500 ML,29141300,18,
Fine & Research Chemicals,Isobutyl methyl ketone (MIBK),,108-10-1,AR,90175,1 L,29141300,18,
Fine & Research Chemicals,Isobutyl methyl ketone (MIBK),,108-10-1,AR,90175,2.5 L,29141300,18,
Fine & Research Chemicals,Isobutyl methyl ketone (MIBK),,108-10-1,LR,90434,500 ML,29141300,18,
Fine & Research Chemicals,Isobutyl methyl ketone (MIBK),,108-10-1,LR,90434,2.5 L,29141300,18,
Fine & Research Chemicals,Isobutylamine,,78-81-9,AR,96108,100 ML,29339900,18,
Fine & Research Chemicals,Isobutyramide 98%,,563-83-7,LR,92726,25 G,29241900,18,
Fine & Research Chemicals,"Isobutyryl chloride, 98%",,79-30-1,Synthesis,92000,250 ML,29159070,18,
Fine & Research Chemicals,"Isonipecotic acid, 97%",,498-94-2,MolBio,92137,25 G,29333990,18,
Fine & Research Chemicals,"Isonipecotic acid, 97%",,498-94-2,MolBio,92137,100 G,29333990,18,
Fine & Research Chemicals,Isooctane,,540-84-1,HPLC,90027,1 L,29012990,18,
Fine & Research Chemicals,Isooctane,,540-84-1,HPLC,90027,2.5 L,29012990,18,
Fine & Research Chemicals,Isooctane,,540-84-1,GC,94054,250 ML,29012990,18,
Fine & Research Chemicals,Isooctane,,540-84-1,GC,94054,500 ML,29012990,18,
Fine & Research Chemicals,Isooctane,,540-84-1,GC,94054,1 L,29012990,18,
Fine & Research Chemicals,Isooctane,,540-84-1,AR,90176,500 ML,29012990,18,
Fine & Research Chemicals,Isooctane,,540-84-1,AR,90176,2.5 L,29012990,18,
Fine & Research Chemicals,Isooctane,,540-84-1,LR,90435,500 ML,29012990,18,
Fine & Research Chemicals,Isooctane,,540-84-1,LR,90435,2.5 L,29012990,18,
Fine & Research Chemicals,ISOPAR G FLUID,,64742-48-9,LR,90610,1 L,27101990,18,
Fine & Research Chemicals,ISOPAR G FLUID,,64742-48-9,LR,90610,5 L,27101990,18,
Fine & Research Chemicals,ISOPAR L FLUID,,64742-48-9,LR,90611,1 L,27101990,18,
Fine & Research Chemicals,ISOPAR L FLUID,,64742-48-9,LR,90611,5 L,27101990,18,
Fine & Research Chemicals,ISOPAR M FLUID,,64742-47-8,LR,91853,1 L,27101990,18,
Fine & Research Chemicals,ISOPAR M FLUID,,64742-47-8,LR,91853,5 L,27101990,18,
Fine & Research Chemicals,Isopentane,,78-78-4,GC,94095,1 L,29420090,18,
Fine & Research Chemicals,Isophthalic Acid,,121-91-5,LR,93364,500 G,29173960,18,
Fine & Research Chemicals,Isoprene,,78-79-5,Synthesis,90909,500 ML,29012400,18,
Fine & Research Chemicals,Isoprene,,78-79-5,Synthesis,90909,1 L,29012400,18,
Fine & Research Chemicals,Isopropyl acetate,,108-21-4,AR,91562,2.5 L,29153940,18,
Fine & Research Chemicals,Isopropyl acetate,,108-21-4,GC,94100,250 ML,29153990,18,
Fine & Research Chemicals,"Isopropyl b-D-1-thiogalactopyranoside, 98%",,367-93-1,Synthesis,90999,1 G,29389090,18,
Fine & Research Chemicals,"Isopropyl myristate, 99%",,110-27-0,Synthesis,90935,500 ML,29159099,18,
Fine & Research Chemicals,Isopropyl nitrite,,541-42-4,LR,93567,500 G,29012100,18,
Fine & Research Chemicals,Isopropyl palmitate,,142-91-6,Synthesis,92479,500 ML,29157040,18,
Fine & Research Chemicals,Isopropylamine,,75-31-0,GC,94062,250 ML,29211999,18,
Fine & Research Chemicals,Isopropylamine,,75-31-0,GC,94062,500 ML,29211999,18,
Fine & Research Chemicals,Isopropylamine,,75-31-0,GC,94062,1 L,29211999,18,
Fine & Research Chemicals,Isopropylamine,,75-31-0,LR,93219,500 ML,29211990,18,
Fine & Research Chemicals,4-Isopropylbenzoic acid,,536-66-3,Synthesis,92582,25 G,29163990,18,
Fine & Research Chemicals,"Isopropyltriphenylphosphonium iodide, 98%",,24470-78-8,Synthesis,92362,5 G,29319000,18,
Fine & Research Chemicals,"Isopropyltriphenylphosphonium iodide, 98%",,24470-78-8,Synthesis,92362,25 G,29319000,18,
Fine & Research Chemicals,Karl-Fischer reagent 5+,,,LR,90436,,29420090,12,
Fine & Research Chemicals,Karl-Fischer reagent 5+,,,LR,90436,500 ML,29420090,12,
Fine & Research Chemicals,Kinetin,,525-79-1,Synthesis,92445,10 G,29211190,18,
Fine & Research Chemicals,Kojic acid,,501-30-4,LR,93371,1 KG,29329900,18,
Fine & Research Chemicals,L-Periodic acid 1% solution,,10450-60-9,LR,93575,250 ML,38229090,18,
Fine & Research Chemicals,"L-(-)-Tryptophanol, 97%",,2899-29-8,MolBio,92285,1 G,29333990,18,
Fine & Research Chemicals,L-(+)-Tartaric acid,,87-69-4,AR,90257,500 G,29181200,18,
Fine & Research Chemicals,"L-(+)-Tartaric acid L-(+)-a-Phenylglycinol, 98%",,87-69-4,LR,90571,500 G,29181200,18,
Fine & Research Chemicals,"[(S)-(+)-2-Amino-2-phenylethanol] L-(+)-a-Phenylglycinol, 98%",,20989-17-7,MolBio,92279,1 G,29224990,18,
Fine & Research Chemicals,[(S)-(+)-2-Amino-2-phenylethanol],,20989-17-7,MolBio,92279,5 G,29224990,18,
Fine & Research Chemicals,"L-2-Aminobutyric acid, 98% ISOPAR is a registered Trademark of Exxon Mobil Corporation.",,1492-24-6,MolBio,92129,5 G,29220090,18,
Fine & Research Chemicals,"L-2-Aminobutyric acid, 98% L-4-Hydroxyproline methyl ester",,1492-24-6,MolBio,92129,25 G,29220090,18,
Fine & Research Chemicals,"hydrochloride, 98% L-4-Hydroxyproline methyl ester",,40216-83-9,MolBio,92135,5 G,29339900,18,
Fine & Research Chemicals,"hydrochloride, 98%",,40216-83-9,MolBio,92135,25 G,29339900,18,
Fine & Research Chemicals,"L-4-Hydroxyproline, 99%",,51-35-4,MolBio,92134,25 G,29339990,18,
Fine & Research Chemicals,"L-4-Hydroxyproline, 99%",,51-35-4,MolBio,92134,100 G,29339990,18,
Fine & Research Chemicals,Lactic acid,,50-21-5,AR,93461,500 ML,29181110,18,
Fine & Research Chemicals,Lactic acid,,50-21-5,LR,91887,500 ML,29181110,18,
Fine & Research Chemicals,Lactic acid,,50-21-5,LR,91887,2.5 L,29181110,18,
Fine & Research Chemicals,Lactophenol(cotton blue),,50-21-5,LR,94235,500 ML,38220090,12,
Fine & Research Chemicals,"L-Alanine methyl ester hydrochloride, 99%",,2491-20-5,MolBio,92067,5 G,29420090,18,
Fine & Research Chemicals,"L-Alanine, 99%",,56-41-7,MolBio,92039,100 G,29224985,18,
Fine & Research Chemicals,"L-Alanine, 99%",,56-41-7,MolBio,92039,500 G,29224985,18,
Fine & Research Chemicals,"L-Alaninol, 98% [(S)-(+)-2-Amino-1-propanol]",,2749-11-3,MolBio,92269,5 G,29221990,18,
Fine & Research Chemicals,Lanthanum nitrate,,10277-43-7,AR,93462,100 G,28469010,18,
Fine & Research Chemicals,Lanthanum nitrate,,10277-43-7,LR,93112,500 G,28469010,18,
Fine & Research Chemicals,Lanthanum(iii) chloride heptahydrate,,10025-84-0,LR,93506,100 G,28469030,18,
Fine & Research Chemicals,"L-Arginine methyl ester dihydrochloride, 98%",,26340-89-6,MolBio,92074,5 G,29224990,18,
Fine & Research Chemicals,"L-Arginine methyl ester dihydrochloride, 98%",,26340-89-6,MolBio,92074,25 G,29224990,18,
Fine & Research Chemicals,"L-Arginine monohydrochloride, 99%",,1119-34-2,MolBio,92071,100 G,29224990,18,
Fine & Research Chemicals,"L-Arginine monohydrochloride, 99%",,1119-34-2,MolBio,92071,500 G,29224990,18,
Fine & Research Chemicals,"L-Arginine, 98%",,74-79-3,MolBio,90994,100 G,29224990,18,
Fine & Research Chemicals,"L-Arginine, 98%",,74-79-3,MolBio,90994,500 G,29224990,18,
Fine & Research Chemicals,L-Ascorbic acid,,50-81-7,AR,90177,5 G,29362700,18,
Fine & Research Chemicals,L-Ascorbic acid,,50-81-7,AR,90177,100 G,29362700,18,
Fine & Research Chemicals,L-Ascorbic acid,,50-81-7,AR,90177,500 G,29362700,18,
Fine & Research Chemicals,L-Ascorbic acid,,50-81-7,LR,90437,100 G,29362700,18,
Fine & Research Chemicals,L-Ascorbic acid,,50-81-7,LR,90437,500 G,29362700,18,
Fine & Research Chemicals,"L-Aspartic acid, 99%",,56-84-8,MolBio,92040,100 G,29224990,18,
Fine & Research Chemicals,"L-Aspartic acid, 99%",,56-84-8,MolBio,92040,500 G,29224990,18,
Fine & Research Chemicals,Lauryl alcohol (Dodecyl alcohol),,112-53-8,LR,90632,500 ML,38237090,18,
Fine & Research Chemicals,"L-Citrulline, 98%",,372-75-8,MolBio,92132,25 G,29241900,18,
Fine & Research Chemicals,"L-Citrulline, 98%",,372-75-8,MolBio,92132,100 G,29241900,18,
Fine & Research Chemicals,L-Cysteine hydrochloride monohydrate,,7048-04-6,Synthesis,92761,100 G,29309040,18,
Fine & Research Chemicals,"L-Cystine, 98%",,56-89-3,MolBio,92041,100 G,29309099,18,
Fine & Research Chemicals,"L-Cystine, 98%",,56-89-3,MolBio,92041,500 G,29309099,18,
Fine & Research Chemicals,Lead monoxide,,1317-36-8,LR,90439,500 G,28241010,18,
Fine & Research Chemicals,Lead oxide (Red Lead),,1314-41-6,LR,90441,500 G,28249000,18,
Fine & Research Chemicals,Lead subacetate,,1335-32-6,LR,90442,500 G,29420090,18,
Fine & Research Chemicals,Lead subacetate,,1335-32-6,LR,90442,5 KG,29420090,18,
Fine & Research Chemicals,Lead(II) acetate trihydrate,,6080-56-4,AR,96061,250 G,29152990,18,
Fine & Research Chemicals,Lead(II) acetate trihydrate,,6080-56-4,AR,96061,500 G,29152990,18,
Fine & Research Chemicals,Lead(II) acetate trihydrate,,6080-56-4,LR,90438,500 G,29152990,18,
Fine & Research Chemicals,Lead(II) nitrate,,10099-74-8,AR,90178,500 G,28342990,18,
Fine & Research Chemicals,Lead(II) nitrate,,10099-74-8,LR,90440,500 G,28342990,18,
Fine & Research Chemicals,"Lecithin (powder), 97%",,8002-43-5,MolBio,92053,10 G,29232010,18,
Fine & Research Chemicals,Leishman stain powder,,12627-53-1,Stain,90774,25 G,38220090,18,
Fine & Research Chemicals,Leishman stain solution,,12627-53-1,Stain,91729,250 ML,38220090,18,
Fine & Research Chemicals,Lemongrass oil,,8007-02-1,LR,93531,500 ML,33012942,18,
Fine & Research Chemicals,"L-Glutamic acid, 99%",,56-86-0,MolBio,92042,100 G,29224250,18,
Fine & Research Chemicals,"L-Glutamic acid, 99%",,56-86-0,MolBio,92042,500 G,29224250,18,
Fine & Research Chemicals,"L-Glutamine, 99%",,56-85-9,MolBio,92043,100 G,29241900,18,
Fine & Research Chemicals,"L-Glutamine, 99%",,56-85-9,MolBio,92043,500 G,29241900,18,
Fine & Research Chemicals,"L-Histidine hydrochloride, monohydrate",,5934-29-2,Synthesis,92760,100 G,29224990,18,
Fine & Research Chemicals,"L-Histidine, 99%",,71-00-1,MolBio,92084,100 G,29339900,18,
Fine & Research Chemicals,"L-Histidine, 99%",,71-00-1,MolBio,92084,250 G,29339900,18,
Fine & Research Chemicals,"L-Homoarginine, 98%",,156-86-5,MolBio,92124,1 G,29152990,18,
Fine & Research Chemicals,"L-Homoarginine, 98%",,156-86-5,MolBio,92124,5 G,29152990,18,
Fine & Research Chemicals,"L-Homoserine, 98%",,672-15-1,MolBio,92126,1 G,29225090,18,
Fine & Research Chemicals,"L-Homoserine, 98%",,672-15-1,MolBio,92126,5 G,29225090,18,
Fine & Research Chemicals,Liquid paraffin heavy,,8012-95-1,LR,90443,500 ML,27129090,18,
Fine & Research Chemicals,Liquid paraffin heavy,,8012-95-1,LR,90443,2.5 L,27129090,18,
Fine & Research Chemicals,Liquid paraffin light,,8012-95-1,LR,90444,500 ML,27129090,18,
Fine & Research Chemicals,Liquid paraffin light,,8012-95-1,LR,90444,2.5 L,27129090,18,
Fine & Research Chemicals,"L-Isoleucine, 99%",,73-32-5,MolBio,92044,25 G,29224985,18,
Fine & Research Chemicals,"L-Isoleucine, 99%",,73-32-5,MolBio,92044,100 G,29224985,18,
Fine & Research Chemicals,"L-Isoleucinol, 97% [(S)-(+)-Isoleucinol]",,24629-25-2,MolBio,92271,1 G,29224990,18,
Fine & Research Chemicals,Lithium carbonate,,554-13-2,AR,96037,250 G,28369100,18,
Fine & Research Chemicals,Lithium carbonate,,554-13-2,AR,96037,500 G,28369100,18,
Fine & Research Chemicals,Lithium carbonate,,554-13-2,LR,91889,500 G,28369100,18,
Fine & Research Chemicals,Lithium chloride anhydrous,,7447-41-8,AR,91555,500 G,28274900,18,
Fine & Research Chemicals,Lithium hydroxide monohydrate,,1310-66-3,AR,91531,500 G,28091000,18,
Fine & Research Chemicals,Lithium hydroxide monohydrate,,1310-66-3,LR,93327,500 G,28252000,18,
Fine & Research Chemicals,"Lithium iodide hydrate, 98%",,85017-80-7,LR,92378,100 G,28276090,18,
Fine & Research Chemicals,"Lithium metaborate, 98%",,13453-69-5,AR,96063,250 G,28402090,18,
Fine & Research Chemicals,Lithium metaborate 99.9%,,13453-69-5,SG,96505,250 G,28401100,18,
Fine & Research Chemicals,Lithium nitrate,,7790-69-4,AR,91510,100 G,28342990,18,
Fine & Research Chemicals,Lithium nitrate,,7790-69-4,AR,91510,500 G,28342990,18,
Fine & Research Chemicals,Lithium sulphate monohydrate,,10102-25-7,AR,96067,100 G,28332990,18,
Fine & Research Chemicals,"Lithium tetraborate, 98%",,12007-60-2,LR,93473,500 G,28402090,18,
Fine & Research Chemicals,Lithium tetraborate 99.99 %,,12007-60-2,SG,96506,250 G,28369100,18,
Fine & Research Chemicals,Litmus blue paper,,,Indicator,94191,10 BKTS,38220090,18,
Fine & Research Chemicals,Litmus blue solution,,,Indicator,94205,500 ML,38220090,18,
Fine & Research Chemicals,Litmus red paper,,,Indicator,94192,10 BKTS,38220090,18,
Fine & Research Chemicals,Litmus red solution,,,Indicator,94237,500 ML,38220090,18,
Fine & Research Chemicals,"L-Leucine, 98%",,61-90-5,Synthesis,92881,500 G,29224990,18,
Fine & Research Chemicals,"L-Leucine, 99%",,61-90-5,MolBio,92046,100 G,29224985,18,
Fine & Research Chemicals,"L-Leucine, 99%",,61-90-5,MolBio,92046,500 G,29224985,18,
Fine & Research Chemicals,"L-Leucinol, 96% [(S)-(+)-Leucinol]",,7533-40-6,MolBio,92272,1 G,29221990,18,
Fine & Research Chemicals,"L-Leucinol, 96% [(S)-(+)-Leucinol]",,7533-40-6,MolBio,92272,5 G,29221990,18,
Fine & Research Chemicals,L-Lysine monohydrochloride,,657-27-2,Synthesis,92088,100 G,29224100,18,
Fine & Research Chemicals,"L-Lysine, 99%",,56-87-1,MolBio,92054,25 G,29224100,18,
Fine & Research Chemicals,"L-Methionine, 99%",,63-68-3,MolBio,92093,100 G,29304010,18,
Fine & Research Chemicals,"L-Methionine, 99%",,63-68-3,MolBio,92093,500 G,29304010,18,
Fine & Research Chemicals,"L-Methioninol, 98% [(S)-(-)-Methioninol]",,2899-37-8,MolBio,92274,1 G,29309090,18,
Fine & Research Chemicals,"L-Methioninol, 98% [(S)-(-)-Methioninol]",,2899-37-8,MolBio,92274,5 G,29309090,18,
Fine & Research Chemicals,"L-Norleucine, 98%",,327-57-1,MolBio,92139,1 G,29224990,18,
Fine & Research Chemicals,"L-Norleucine, 98%",,327-57-1,MolBio,92139,5 G,29224990,18,
Fine & Research Chemicals,L-Oleylamine,,112-90-3,LR,93043,500 ML,29211990,18,
Fine & Research Chemicals,"L-Phenylalanine ethyl ester hydrochloride,",,3182-93-2,99% MolBio,92099,5 G,29420090,18,
Fine & Research Chemicals,"L-Phenylalanine ethyl ester hydrochloride,",,3182-93-2,99% MolBio,92099,25 G,29420090,18,
Fine & Research Chemicals,"L-Phenylalanine methyl ester hydrochloride,",,7524-50-7,99% MolBio,92098,5 G,29420090,18,
Fine & Research Chemicals,"L-Phenylalanine methyl ester hydrochloride,",,7524-50-7,99% MolBio,92098,25 G,29420090,18,
Fine & Research Chemicals,"L-Phenylalanine, 99%",,63-91-2,MolBio,92052,100 G,29420090,18,
Fine & Research Chemicals,"L-Phenylalanine, 99% L-Phenylalaninol, 98%",,63-91-2,MolBio,92052,500 G,29420090,18,
Fine & Research Chemicals,"[(S)-(-)-2-Amino-3-phenyl-1-propanol] L-Phenylalaninol, 98%",,3182-95-4,MolBio,92277,1 G,29420090,18,
Fine & Research Chemicals,[(S)-(-)-2-Amino-3-phenyl-1-propanol],,3182-95-4,MolBio,92277,5 G,29420090,18,
Fine & Research Chemicals,"L-Phenylglycine, 99%",,2935-35-5,MolBio,92142,25 G,29224990,18,
Fine & Research Chemicals,"L-Phenylglycine, 99%",,2935-35-5,MolBio,92142,100 G,29224990,18,
Fine & Research Chemicals,"L-Prolinamide, 98%",,7531-52-4,MolBio,92015,1 G,29159090,18,
Fine & Research Chemicals,"L-Proline, 99%",,147-85-3,MolBio,92102,100 G,29333990,18,
Fine & Research Chemicals,"L-Proline, 99%",,147-85-3,MolBio,92102,500 G,29333990,18,
Fine & Research Chemicals,"L-Prolinol, 97% [(S)-(+)-2-Pyrrolidinemethanol]",,23356-96-9,MolBio,92282,1 G,29339990,18,
Fine & Research Chemicals,"L-Prolinol, 97% [(S)-(+)-2-Pyrrolidinemethanol]",,23356-96-9,MolBio,92282,5 G,29339990,18,
Fine & Research Chemicals,"L-Pyroglutamic acid, 99%",,98-79-3,MolBio,92145,100 G,29224990,18,
Fine & Research Chemicals,"L-Serine methyl ester hydrochloride, 98%",,5680-80-8,MolBio,92107,5 G,29222990,18,
Fine & Research Chemicals,"L-Serine methyl ester hydrochloride, 98%",,5680-80-8,MolBio,92107,25 G,29222990,18,
Fine & Research Chemicals,"L-Serine, 99%",,56-45-1,MolBio,92047,25 G,29222990,18,
Fine & Research Chemicals,"L-Serine, 99%",,56-45-1,MolBio,92047,100 G,29222990,18,
Fine & Research Chemicals,"L-Threonine, 99%",,72-19-5,MolBio,92048,25 G,29224910,18,
Fine & Research Chemicals,"L-Threonine, 99% L-Threoninol, 97%",,72-19-5,MolBio,92048,100 G,29224910,18,
Fine & Research Chemicals,"[(2R,3R)-2-Amino-1,3-butanediol]",,3228-51-1,MolBio,92284,1 G,29221990,18,
Fine & Research Chemicals,"L-Tryptophan methyl ester hydrocloride, 99%",,7524-52-9,MolBio,92114,5 G,29420090,18,
Fine & Research Chemicals,"L-Tryptophan methyl ester hydrocloride, 99%",,7524-52-9,MolBio,92114,25 G,29420090,18,
Fine & Research Chemicals,"L-Tryptophan, 99%",,73-22-3,MolBio,92049,25 G,29224990,18,
Fine & Research Chemicals,"L-Tryptophan, 99%",,73-22-3,MolBio,92049,100 G,29224990,18,
Fine & Research Chemicals,"L-Tyrosine methyl ester hydrochloride, 98%",,3417-91-2,MolBio,92118,5 G,29225090,18,
Fine & Research Chemicals,"L-Tyrosine methyl ester hydrochloride, 98%",,3417-91-2,MolBio,92118,25 G,29225090,18,
Fine & Research Chemicals,"L-Tyrosine, 99%",,60-18-4,MolBio,92050,100 G,29225090,18,
Fine & Research Chemicals,"L-Tyrosine, 99%",,60-18-4,MolBio,92050,500 G,29225090,18,
Fine & Research Chemicals,"L-Tyrosinol hydrochloride, 98%",,87745-27-5,MolBio,92287,1 G,29222990,18,
Fine & Research Chemicals,"2,6-Lutidine",,108-48-5,GC,99128,250 ML,29333918,18,
Fine & Research Chemicals,"L-Valine methyl ester hydrochloride, 99%",,6306-52-1,MolBio,92122,25 G,29224990,18,
Fine & Research Chemicals,"L-Valine methyl ester hydrochloride, 99%",,6306-52-1,MolBio,92122,100 G,29224990,18,
Fine & Research Chemicals,"L-Valine, 99%",,72-18-4,MolBio,92051,100 G,29224990,18,
Fine & Research Chemicals,"L-Valine, 99% L-Valinol, 98%",,72-18-4,MolBio,92051,500 G,29224990,18,
Fine & Research Chemicals,"[(S)-(+)-2-Amino-3-methyl-1-butanol] L-Valinol, 98%",,2026-48-4,MolBio,92289,1 G,29224990,18,
Fine & Research Chemicals,[(S)-(+)-2-Amino-3-methyl-1-butanol],,2026-48-4,MolBio,92289,5 G,29224990,18,
Fine & Research Chemicals,Magnesium chloride anhydrous,,7786-30-3,LR,90313,500 G,28273100,18,
Fine & Research Chemicals,Magnesium chloride anhydrous,,7786-30-3,LR,90313,1 KG,28273100,18,
Fine & Research Chemicals,Magnesium chloride hexahydrate,,7791-18-6,AR,90179,500 G,28273100,18,
Fine & Research Chemicals,Magnesium chloride hexahydrate,,7791-18-6,AR,90179,5 KG,28273100,18,
Fine & Research Chemicals,Magnesium chloride hexahydrate,,7791-18-6,LR,90445,500 G,28273100,18,
Fine & Research Chemicals,Magnesium citrate tribasic hydrate,,3344-18-1,AR,90286,500 G,29181500,18,
Fine & Research Chemicals,Magnesium hydroxide,,1309-42-8,LR,93636,100 G,28161010,18,
Fine & Research Chemicals,Magnesium metal powder,,7439-95-4,LR,90446,100 G,28051900,18,
Fine & Research Chemicals,Magnesium metal turning,,7439-95-4,LR,90447,500 G,28051900,18,
Fine & Research Chemicals,Magnesium nitrate hexahydrate,,13446-18-9,AR,90180,250 G,28342920,18,
Fine & Research Chemicals,Magnesium nitrate hexahydrate,,13446-18-9,LR,90448,250 G,28342920,18,
Fine & Research Chemicals,Magnesium nitrate hexahydrate,,13446-18-9,LR,90448,500 G,28342920,18,
Fine & Research Chemicals,Magnesium oxide light,,1309-48-4,LR,90643,500 G,28259090,18,
Fine & Research Chemicals,Magnesium sulfate anhydrous,,7487-88-9,LR,90277,500 G,28332100,18,
Fine & Research Chemicals,Magnesium sulphate Anhydrous,,7487-88-9,LR,90277,1 KG,28332990,18,
Fine & Research Chemicals,Magnesium sulphate Anhydrous,,7487-88-9,LR,90277,5 KG,28332100,18,
Fine & Research Chemicals,Magnesium sulphate heptahydrate,,10034-99-8,AR,90181,500 G,28332100,18,
Fine & Research Chemicals,Magnesium sulphate heptahydrate,,10034-99-8,LR,90449,500 G,28332100,18,
Fine & Research Chemicals,Malachite green oxalate salt,,2437-29-8,Indicator,90775,25 G,32041361,18,
Fine & Research Chemicals,Malachite green oxalate salt,,2437-29-8,Indicator,90775,100 G,32041361,18,
Fine & Research Chemicals,"Maleic anhydride, 98%",,108-31-6,LR,91875,500 G,29171400,18,
Fine & Research Chemicals,"Malonic acid, 99%",,141-82-2,Synthesis,91951,100 G,29171920,18,
Fine & Research Chemicals,"Malononitrile, 98%",,109-77-3,Synthesis,91949,100 G,29269070,18,
Fine & Research Chemicals,"Malononitrile, 98%",,109-77-3,Synthesis,91949,500 G,29269070,18,
Fine & Research Chemicals,Manganese chloride tetrahydrate,,13446-34-9,AR,90273,500 G,28273300,18,
Fine & Research Chemicals,Manganese chloride tetrahydrate,,13446-34-9,LR,90676,500 G,28273990,18,
Fine & Research Chemicals,Manganese dioxide,,1313-13-9,LR,90450,500 G,28201000,18,
Fine & Research Chemicals,Manganese metal,,7439-96-5,LR,93403,250 G,81110090,18,
Fine & Research Chemicals,Manganous acetate tetrahydrate,,6156-78-1,AR,90182,500 G,29152990,18,
Fine & Research Chemicals,Manganous acetate tetrahydrate,,6156-78-1,LR,90451,500 G,29152990,18,
Fine & Research Chemicals,Manganous sulphate monohydrate,,10034-96-5,AR,90183,500 G,28332990,18,
Fine & Research Chemicals,Manganous sulphate monohydrate Marfey's reagent,,10034-96-5,LR,90452,500 G,28332990,18,
Fine & Research Chemicals,"[N-a-(2,4-Dinitro-5-fluorophenyl)-L-alaninamide] Marfey's reagent",,209313-67-9,Synthesis,90933,25 MG,29242990,18,
Fine & Research Chemicals,"[–a-(2,4-Dinitro-5-fluorophenyl)-L-alaninamide]",,95713-52-3,Synthesis,90933,100 MG,29242990,18,
Fine & Research Chemicals,m-Cresol 99 %,,108-39-4,AR,92825,250 G,29071290,18,
Fine & Research Chemicals,m-Cresol purple (Indicator),,2303-01-7,AR,96049,5 G,29349900,18,
Fine & Research Chemicals,M-Cresol purple solution,,2303-01-7,LR,94240,100 ML,29071290,18,
Fine & Research Chemicals,Meat extract,,68990-09-0,Molbio,92659,500 G,16030090,12,
Fine & Research Chemicals,Meglumine,,6284-40-8,LR,93321,1 KG,29222990,18,
Fine & Research Chemicals,Melamine,,108-78-1,LR,93320,500 G,29336100,18,
Fine & Research Chemicals,"2-Mercaptoethanol, 98%",,60-24-2,MolBio,92626,100 ML,29309091,18,
Fine & Research Chemicals,"2-Mercaptoethanol, 98%",,60-24-2,LR,92441,500 ML,29309070,18,
Fine & Research Chemicals,"2-Mercaptoethanol, 98% 2-Mercaptopyridine N-oxide sodium",,60-24-2,LR,92441,1 L,29309090,18,
Fine & Research Chemicals,"salt solution,40% in water 2-Mercaptopyridine N-oxide sodium salt,",,3811-73-2,Synthesis,90929,500 ML,29333990,18,
Fine & Research Chemicals,30% in water,,3811-73-2,Synthesis,92795,500 ML,29333990,18,
Fine & Research Chemicals,Mercuric nitrate monohydrate,,7783-34-8,AR,91597,100 G,28342990,18,
Fine & Research Chemicals,Mercuric nitrate monohydrate,,7783-34-8,LR,93055,1 KG,28521000,18,
Fine & Research Chemicals,Mercuric thiocyanate,,592-85-8,LR,93289,25 G,28521000,18,
Fine & Research Chemicals,Mercuric thiocyanate,,592-85-8,LR,93289,100 G,28521000,18,
Fine & Research Chemicals,Mercurous nitrate dihydrate,,14836-60-3,AR,96111,1 KG,28342990,18,
Fine & Research Chemicals,Mercury (metal),,7439-97-6,AR,90187,100 G,28054000,18,
Fine & Research Chemicals,Mercury (metal),,7439-97-6,AR,90187,250 G,28054000,18,
Fine & Research Chemicals,Mercury (metal),,7439-97-6,AR,90187,500 G,28054000,18,
Fine & Research Chemicals,Mercury (metal),,7439-97-6,LR,90459,100 G,28054000,18,
Fine & Research Chemicals,Mercury (metal),,7439-97-6,LR,90459,500 G,28054000,18,
Fine & Research Chemicals,Mercury(II) acetate (Mercuric acetate),,1600-27-7,AR,90184,100 G,38159000,18,
Fine & Research Chemicals,Mercury(II) acetate (Mercuric acetate),,1600-27-7,LR,90453,100 G,29159090,18,
Fine & Research Chemicals,Mercury(II) chloride (Mercuric chloride),,7487-94-7,AR,90185,100 G,28273910,18,
Fine & Research Chemicals,Mercury(II) chloride (Mercuric chloride),,7487-94-7,AR,90185,250 G,28273910,18,
Fine & Research Chemicals,Mercury(II) chloride (Mercuric chloride),,7487-94-7,AR,90185,1 KG,28273910,18,
Fine & Research Chemicals,Mercury(II) chloride (Mercuric chloride),,7487-94-7,LR,90454,250 G,28273100,18,
Fine & Research Chemicals,Mercury(II) chloride (Mercuric chloride),,7487-94-7,LR,90454,1 KG,28273100,18,
Fine & Research Chemicals,Mercury(II) iodide red (Mercuric iodide red),,7774-29-0,AR,91546,100 G,28276090,18,
Fine & Research Chemicals,Mercury(II) iodide red (Mercuric iodide red),,7774-29-0,LR,90455,100 G,28276090,18,
Fine & Research Chemicals,Mercury(II) oxide red (Mercuric oxide red),,21908-53-2,LR,90456,100 G,28259030,18,
Fine & Research Chemicals,Mercury(II) oxide yellow (Mercuric oxide yellow),,21908-53-2,LR,90457,100 G,28529000,18,
Fine & Research Chemicals,Mercury(II) sulphate (Mercuric sulphate),,7783-35-9,AR,90186,250 G,28332920,18,
Fine & Research Chemicals,Mercury(II) sulphate (Mercuric sulphate),,7783-35-9,LR,90458,250 G,28332990,18,
Fine & Research Chemicals,MES buffer,,145224-94-8,LR,92543,100 G,29333919,18,
Fine & Research Chemicals,Mesitylene,,108-67-8,LR,93232,500 ML,29029090,18,
Fine & Research Chemicals,Metaphosphoric acid,,37267-86-0,LR,91899,500 G,28092020,18,
Fine & Research Chemicals,Methanesulphonyl chloride,,124-63-0,LR,93617,100 ML,29041090,18,
Fine & Research Chemicals,"Methanesulphonic acid, 98%",,75-75-2,AR,96100,500 ML,29049090,18,
Fine & Research Chemicals,"Methanesulphonic acid, 98%",,75-75-2,LR,91890,500 ML,29041090,18,
Fine & Research Chemicals,Methanol,,67-56-1,LC-MS,90030,1 L,29051100,18,
Fine & Research Chemicals,Methanol,,67-56-1,LC-MS,90030,2.5 L,29051100,18,
Fine & Research Chemicals,Methanol,,67-56-1,LC-MS,90030,4 L,29051100,18,
Fine & Research Chemicals,Methanol,,67-56-1,Gradient Premium,90098,2.5 L,29051100,18,
Fine & Research Chemicals,Methanol,,67-56-1,Gradient Premium,90098,4 L,29051100,18,
Fine & Research Chemicals,Methanol,,67-56-1,Gradient HPLC,90029,1 L,29051100,18,
Fine & Research Chemicals,Methanol,,67-56-1,Gradient HPLC,90029,2.5 L,29051100,18,
Fine & Research Chemicals,Methanol,,67-56-1,HPLC,90028,1 L,29051100,18,
Fine & Research Chemicals,Methanol,,67-56-1,HPLC,90028,2.5 L,29051100,18,
Fine & Research Chemicals,Methanol,,67-56-1,PREP.HPLC,98701,2.5 L,29051100,18,
Fine & Research Chemicals,Methanol,,67-56-1,EL,80100,2.5L,29051100,18,
Fine & Research Chemicals,Methanol,,67-56-1,GC-MS,99503,1 L,29051100,18,
Fine & Research Chemicals,Methanol,,67-56-1,GC,94046,250 ML,29051100,18,
Fine & Research Chemicals,Methanol,,67-56-1,GC,94046,500 ML,29051100,18,
Fine & Research Chemicals,Methanol,,67-56-1,GC,94046,1 L,29051100,18,
Fine & Research Chemicals,Methanol,,67-56-1,ACS,91631,2.5 L,29051100,18,
Fine & Research Chemicals,Methanol,,67-56-1,AR,90188,500 ML,29051100,18,
Fine & Research Chemicals,Methanol,,67-56-1,AR,90188,2.5 L,29051100,18,
Fine & Research Chemicals,Methanol,,67-56-1,DRYSOLV,90724,500 ML,29051100,18,
Fine & Research Chemicals,Methanol,,67-56-1,DRYSOLV,90724,2.5 L,29051100,18,
Fine & Research Chemicals,Methanol,,67-56-1,LR,90460,500 ML,29051100,18,
Fine & Research Chemicals,Methanol,,67-56-1,LR,90460,2.5 L,29051100,18,
Fine & Research Chemicals,Methanol,,67-56-1,LN,94265,1 L,29051100,18,
Fine & Research Chemicals,Methanol,,67-56-1,LN,94265,2.5 L,29051100,18,
Fine & Research Chemicals,Methanol,,67-56-1,LCN™ (NMR Tested),94353,2.5 L,29051100,18,
Fine & Research Chemicals,Methanol (specially dried for KF),,67-56-1,LR,90461,500 ML,29051100,18,
Fine & Research Chemicals,Methanol (specially dried for KF),,67-56-1,LR,90461,2.5 L,29051100,18,
Fine & Research Chemicals,1-Methoxy-2-propanol,,107-98-2,GC,94082,250 ML,29094900,18,
Fine & Research Chemicals,1-Methoxy-2-propanol,,107-98-2,AR,95899,250 ML,29094900,18,
Fine & Research Chemicals,2-Methoxyacetophenone,,579-74-8,LR,93347,500 ML,29145000,18,
Fine & Research Chemicals,"2-Methoxyethanol, 99%",,109-86-4,LR,90462,500 ML,29094300,18,
Fine & Research Chemicals,Methoxyphenyl acetic acid,,7021-09-2,Synthesis,92791,100 G,29095090,18,
Fine & Research Chemicals,"4-Methoxytrityl chloride, 98% [MMT-Cl]",,14470-28-1,Synthesis,92299,25 G,29093090,18,
Fine & Research Chemicals,"Methyl 2-bromobutyrate, 97%",,3196-15-4,Synthesis,92010,100 G,29151290,18,
Fine & Research Chemicals,"Methyl 2-bromopropionate, 98%",,5445-17-0,Synthesis,92036,100 G,29159090,18,
Fine & Research Chemicals,"Methyl 2-iodobenzoate, 97%",,610-97-9,Synthesis,92376,50 G,29163190,18,
Fine & Research Chemicals,Methyl acetate,,79-20-9,HPLC,98707,500 ML,29153940,18,
Fine & Research Chemicals,Methyl acetate,,79-20-9,HPLC,98707,1 L,29153940,18,
Fine & Research Chemicals,Methyl acetate,,79-20-9,AR,96048,500 ML,29153940,18,
Fine & Research Chemicals,Methyl acetate,,79-20-9,AR,96048,2.5 L,29153940,18,
Fine & Research Chemicals,Methyl acetate,,79-20-9,LR,93237,2.5 L,29153940,18,
Fine & Research Chemicals,Methyl acetate,,79-20-9,GC,94078,100 ML,29153940,18,
Fine & Research Chemicals,"Methyl acetoacetate, 97%",,105-45-3,Synthesis,92666,1 KG,29183010,18,
Fine & Research Chemicals,"Methyl acrylate, 99%",,96-33-3,Synthesis,91944,500 ML,29161200,18,
Fine & Research Chemicals,Methyl b-cyclodextrin,,128446-36-6,LR,92420,1 KG,35051090,18,
Fine & Research Chemicals,Methyl benzoate,,93-58-3,LR,93328,500 ML,29163130,18,
Fine & Research Chemicals,"Methyl Blue powder Methyl bromide solution,",,61-73-4,Indicator,94185,25 G,32041351,18,
Fine & Research Chemicals,2.0 M in Tetrahydrofuran,,74-83-9,Synthesis,92804,1 L,29033920,18,
Fine & Research Chemicals,"Methyl bromide solution, 25% in Acetonitrile",,74-83-9,Synthesis,90910,100 ML,29033920,18,
Fine & Research Chemicals,"Methyl bromide solution, 25% in Acetonitrile",,74-83-9,Synthesis,93565,1 L,29033920,18,
Fine & Research Chemicals,"Methyl bromide solution, 25% in Toluene",,74-83-9,Synthesis,92485,100 ML,29033920,18,
Fine & Research Chemicals,"Methyl bromide solution, 50% in Acetonitrile",,74-83-9,Synthesis,91927,100 ML,29033920,18,
Fine & Research Chemicals,"Methyl bromoacetate, 97%",,96-32-2,Synthesis,91975,100 G,29159070,18,
Fine & Research Chemicals,Methyl cellulose viscosity 400 cps,,9004-67-5,LR,93522,500 G,39123929,18,
Fine & Research Chemicals,Methyl cellulose viscosity 4000 CPS,,NA,LR,93582,500 G,39123920,18,
Fine & Research Chemicals,"Methyl cyanoacetate, 98%",,105-34-0,Synthesis,91934,500 G,29269000,18,
Fine & Research Chemicals,Methyl glycolate,,96-35-5,LR,92923,500 G,29420090,18,
Fine & Research Chemicals,4-Methyl morpholine,,109-02-4,GC,94099,250 ML,29349990,18,
Fine & Research Chemicals,Methyl octanoate,,111-11-5,GC,99040,100 G,29151290,18,
Fine & Research Chemicals,Methyl orange indicator powder,,547-58-0,Indicator,91777,25 G,38220090,18,
Fine & Research Chemicals,Methyl orange indicator powder,,547-58-0,Indicator,91777,100 G,38220090,18,
Fine & Research Chemicals,Methyl orange indicator solution,,547-58-0,Indicator,91789,125 ML,38220090,18,
Fine & Research Chemicals,Methyl palmitate,,112-39-0,LR,93498,1 G,38220090,18,
Fine & Research Chemicals,Methyl palmitoleate,,1120-25-8,Synthesis,92925,25 G,38220090,12,
Fine & Research Chemicals,Methyl paraben Methyl p-Toluenesulfonate 98%,,99-76-3,LR,93121,500 G,29189900,18,
Fine & Research Chemicals,(p-Toluenesulfonic acid methyl ester) Methyl p-Toluenesulfonate 98%,,80-48-8,LR,92918,100 ML,29051990,18,
Fine & Research Chemicals,(p-Toluenesulfonic acid methyl ester),,80-48-8,LR,92918,500 ML,29041090,18,
Fine & Research Chemicals,Methyl red indicator powder,,493-52-7,Indicator,91781,25 G,32041213,18,
Fine & Research Chemicals,Methyl red indicator powder,,493-52-7,Indicator,91781,100 G,32041213,18,
Fine & Research Chemicals,Methyl red indicator solution,,493-52-7,Indicator,91788,125 ML,32041213,18,
Fine & Research Chemicals,Methyl salicylate,,119-36-8,GC,99122,250 ML,29157030,18,
Fine & Research Chemicals,Methyl salicylate,,119-36-8,LR,93397,500 ML,29182300,18,
Fine & Research Chemicals,Methyl stearate,,112-61-8,LR,93329,25 G,29157050,18,
Fine & Research Chemicals,Methyl tert-butyl ether (MTBE),,1634-04-4,HPLC,90031,1 L,29093090,18,
Fine & Research Chemicals,Methyl tert-butyl ether (MTBE),,1634-04-4,HPLC,90031,2.5 L,29093090,18,
Fine & Research Chemicals,Methyl tert-butyl ether (MTBE),,1634-04-4,PREP.HPLC,98703,2.5 L,29093090,18,
Fine & Research Chemicals,Methyl tert-butyl ether (MTBE),,1634-04-4,GC,94060,250 ML,29093090,18,
Fine & Research Chemicals,Methyl tert-butyl ether (MTBE),,1634-04-4,GC,94060,500 ML,29093090,18,
Fine & Research Chemicals,Methyl tert-butyl ether (MTBE),,1634-04-4,GC,94060,1 L,29093090,18,
Fine & Research Chemicals,Methyl tert-butyl ether (MTBE),,1634-04-4,ACS,91645,500 ML,29093090,18,
Fine & Research Chemicals,Methyl tert-butyl ether (MTBE),,1634-04-4,AR,90189,500 ML,29093090,18,
Fine & Research Chemicals,Methyl tert-butyl ether (MTBE),,1634-04-4,AR,90189,2.5 L,29093090,18,
Fine & Research Chemicals,Methyl tert-butyl ether (MTBE),,1634-04-4,DRYSOLV,90895,2.5 L,29093090,18,
Fine & Research Chemicals,Methyl tert-butyl ether (MTBE),,1634-04-4,LR,90463,500 ML,29093090,18,
Fine & Research Chemicals,Methyl tert-butyl ether (MTBE),,1634-04-4,LR,90463,1 L,29093090,18,
Fine & Research Chemicals,Methyl tert-butyl ether (MTBE),,1634-04-4,LR,90463,2.5 L,29093090,18,
Fine & Research Chemicals,Methyl tert-butyl ether (MTBE),,1634-04-4,LN,94269,500 ML,29093090,18,
Fine & Research Chemicals,Methyl tert-butyl ether (MTBE),,1634-04-4,LN,94269,1 L,29093090,18,
Fine & Research Chemicals,Methyl tert-butyl ether (MTBE),,1634-04-4,LN,94269,2.5 L,29093090,18,
Fine & Research Chemicals,Methyl violet indicator powder,,8004-87-3,Indicator,94203,25 G,32041341,18,
Fine & Research Chemicals,Methyl violet solution indicator,,8004-87-3,Indicator,91787,125 ML,32041341,18,
Fine & Research Chemicals,Methylamine 40% solution in water,,74-89-5,LR,91878,500 ML,29211190,18,
Fine & Research Chemicals,2-Methylamino ethanol,,109-83-1,AR,96031,500 ML,29221990,18,
Fine & Research Chemicals,"Methylammonium iodide, 98%",,14965-49-2,Synthesis,92391,5 G,29239000,18,
Fine & Research Chemicals,"Methylammonium iodide, 98%",,14965-49-2,Synthesis,92391,25 G,29239000,18,
Fine & Research Chemicals,"4-Methylbenzoyl chloride, 98%",,874-60-2,Synthesis,90969,100 G,29163990,18,
Fine & Research Chemicals,"4-Methylbenzoyl chloride, 98%",,874-60-2,Synthesis,90969,500 G,29163990,18,
Fine & Research Chemicals,Methylcyclohexane Methylene blue-Alkaline,,108-87-2,GC,99048,100 ML,29021900,18,
Fine & Research Chemicals,(Loeffers Reagent) stain solution,,,Stain,91783,125 ML,38220090,18,
Fine & Research Chemicals,Methylene blue (Aqueous) stain solution,,,Stain,94202,125 ML,38220090,18,
Fine & Research Chemicals,Methylene blue (trihydrate) powder,,7220-79-3,Stain,91772,25 G,32041351,18,
Fine & Research Chemicals,1-Methylimidazole,,616-47-7,LR,92509,100 G,29333920,18,
Fine & Research Chemicals,4-Methylmorpholine,,109-02-4,LC-MS,90097,100 ML,29343000,18,
Fine & Research Chemicals,2-methylnaphthalane 97%,,91-57-6,LR,92843,500 G,29029090,18,
Fine & Research Chemicals,"1-Methylpiperazine, 97%",,109-01-3,Synthesis,90967,100 ML,29335995,18,
Fine & Research Chemicals,"1-Methylpiperazine, 97%",,109-01-3,Synthesis,90967,500 ML,29335995,18,
Fine & Research Chemicals,1-Methylpiperidine,,626-67-5,LC-MS,90100,100 ML,29333000,18,
Fine & Research Chemicals,"2-Methyltetrahydrofuran, 98%",,96-47-9,Synthesis,92012,500 ML,29321900,18,
Fine & Research Chemicals,"2-Methyltetrahydrofuran, 98%",,96-47-9,Synthesis,92012,2.5 L,29321900,18,
Fine & Research Chemicals,"Methyltriphenylphosphonium iodide, 97%",,2065-66-9,Synthesis,92354,25 G,29319090,18,
Fine & Research Chemicals,"Methyltriphenylphosphonium iodide, 97%",,2065-66-9,Synthesis,92354,100 G,29319090,18,
Fine & Research Chemicals,Millons reagent,,10045-94-0,LR,93576,500 ML,38229090,12,
Fine & Research Chemicals,Mineral oil 20 Cst,,,LR,94066,1 L,27101990,18,
Fine & Research Chemicals,Molecular Sieve 3A X 1.5 mm,,,LR,93032,250 gm,38249915,18,
Fine & Research Chemicals,Molecular Sieve 4A X 1.5 mm,,,LR,93033,250 gm,38249915,18,
Fine & Research Chemicals,Molecular Sieve 4A X 1.5 mm,,,LR,93033,500 gm,38249915,18,
Fine & Research Chemicals,"Molecular Sieve 4A(Beads), 8-12 mesh",,70955-01-0,LR,93516,1 KG,38249900,18,
Fine & Research Chemicals,"Molecular Sieve 4A(Beads), 8-12 mesh",,70955-01-0,LR,93516,5 KG,28421000,18,
Fine & Research Chemicals,Molecular Sieve 5A X 1.5 mm X 3 mm,,,LR,93038,250 gm,38249915,18,
Fine & Research Chemicals,Molecular Sieve 13A X 1.5 mm,,,LR,93460,250 G,38249915,18,
Fine & Research Chemicals,Molybdenum(VI) oxide [Molybdenum trioxide],,1313-27-5,LR,91850,500 G,28257000,18,
Fine & Research Chemicals,Molybdic acid,,7782-91-4,LR,91896,100 G,28257020,18,
Fine & Research Chemicals,Monoethyl malonate,,1071-46-1,Synthesis,92826,25 G,29171990,18,
Fine & Research Chemicals,Monoethylamine 70% solution in H2O,,75-04-7,LR,93476,500 ML,29211990,18,
Fine & Research Chemicals,Monoethylamine 70% solution in H2O,,75-04-7,LR,93476,1 L,29211990,18,
Fine & Research Chemicals,Monoethylamine 70% solution in H2O,,75-04-7,LR,93476,2.5 L,29211990,18,
Fine & Research Chemicals,Monothioglycerol,,96-27-5,LR,90691,250 ML,29054900,18,
Fine & Research Chemicals,Montmorillonite k-10,,1318-93-0,Synthesis,93007,1 KG,25084090,5,
Fine & Research Chemicals,"Morpholine, 98%",,110-91-8,Synthesis,92414,500 G,29333917,18,
Fine & Research Chemicals,"m-Toluidine, 98%",,108-44-1,Synthesis,91905,100 ML,29214390,18,
Fine & Research Chemicals,"m-Toluidine, 98%",,108-44-1,Synthesis,91905,500 ML,29214390,18,
Fine & Research Chemicals,Murakamis reagent,,,LR,93486,100 ML,90279090,18,
Fine & Research Chemicals,"Myristyltrimethylammonium chloride, 97%",,4574-04-3,Synthesis,92340,25 G,29239000,18,
Fine & Research Chemicals,"Myristyltrimethylammonium chloride, 97%",,4574-04-3,Synthesis,92340,100 G,29239000,18,
Fine & Research Chemicals,N-(1-Naphthyl)ethylenediamine dihydrochloride N-(9-Fluorenylmethoxycarbonyloxy),,1465-25-4,Synthesis,92828,25 G,29212990,5,
Fine & Research Chemicals,"succinimide, 99% [Fmoc-Osu] N-(9-Fluorenylmethoxycarbonyloxy)",,82911-69-1,Synthesis,92298,25 G,29241900,18,
Fine & Research Chemicals,"succinimide, 99% [Fmoc-Osu] N-(Benzyloxycarbonyloxy)",,82911-69-1,Synthesis,92298,100,29241900,18,
Fine & Research Chemicals,"succinimide, 98% [Cbz-Osu] N-(Benzyloxycarbonyloxy)",,13139-17-8,Synthesis,92292,25 G,29280090,18,
Fine & Research Chemicals,"succinimide, 98% [Cbz-Osu]",,13139-17-8,Synthesis,92292,100 G,29280090,18,
Fine & Research Chemicals,"N, N'-Disuccinimidyl carbonate, 98% [DSC]",,74124-79-1,MolBio,92294,25 G,29339900,18,
Fine & Research Chemicals,"N, N'-Disuccinimidyl carbonate, 98% [DSC]",,74124-79-1,MolBio,92294,100 G,29339900,18,
Fine & Research Chemicals,"N,N,N',N'-Tetramethylbenzidine, 99%",,366-29-0,Synthesis,90944,5 G,29211990,18,
Fine & Research Chemicals,"N,N,N',N'-Tetramethylbenzidine, 99%",,366-29-0,Synthesis,90944,25 G,29211990,18,
Fine & Research Chemicals,"N,N'-Dicyclohexylcarbodiimide, 99%",,538-75-0,Synthesis,90975,100 G,29252910,18,
Fine & Research Chemicals,"N,N'-Dicyclohexylcarbodiimide, 99%",,538-75-0,Synthesis,90975,500 G,29252910,18,
Fine & Research Chemicals,"N,N'-Diisopropylcarbodiimide, 98%",,693-13-0,MolBio,92057,100 ML,29252990,12,
Fine & Research Chemicals,"N,N'-Diisopropylcarbodiimide, 98%",,693-13-0,MolBio,92057,500 ML,29252990,12,
Fine & Research Chemicals,"N,N-Diisopropylethylamine, 99%",,7087-68-5,GC,94043,250 ML,29211990,18,
Fine & Research Chemicals,"N,N-Diisopropylethylamine, 99%",,7087-68-5,GC,94043,500 ML,29211990,18,
Fine & Research Chemicals,"N,N-Diisopropylethylamine, 99%",,7087-68-5,GC,94043,1 L,29211990,18,
Fine & Research Chemicals,"N,N-Diisopropylethylamine, 99%",,7087-68-5,AR,96088,1 L,29211990,18,
Fine & Research Chemicals,"N,N-Diisopropylethylamine, 99%",,7087-68-5,Synthesis,90952,250 ML,29211990,18,
Fine & Research Chemicals,"N,N-Diisopropylethylamine, 99%",,7087-68-5,Synthesis,90952,500 ML,29211990,18,
Fine & Research Chemicals,"N,N-Dimethyl aniline",,121-69-7,GC,99053,500 ML,29211990,18,
Fine & Research Chemicals,"N,N-Dimethylacetamide",,127-19-5,HPLC,90032,1 L,29241900,18,
Fine & Research Chemicals,"N,N-Dimethylacetamide",,127-19-5,GC-HS Premium,97333,250 ML,29241900,18,
Fine & Research Chemicals,"N,N-Dimethylacetamide",,127-19-5,GC-HS Premium,97333,1 L,29241900,18,
Fine & Research Chemicals,"N,N-Dimethylacetamide",,127-19-5,GC-HS,90713,100 ML,29241900,18,
Fine & Research Chemicals,"N,N-Dimethylacetamide",,127-19-5,GC-HS,90713,200 ML,29241900,18,
Fine & Research Chemicals,"N,N-Dimethylacetamide",,127-19-5,GC-HS,90713,500 ML,29241900,18,
Fine & Research Chemicals,"N,N-Dimethylacetamide",,127-19-5,GC-HS,90713,1 L,29241900,18,
Fine & Research Chemicals,"N,N-Dimethylacetamide",,127-19-5,GC,94032,250 ML,29241900,18,
Fine & Research Chemicals,"N,N-Dimethylacetamide",,127-19-5,GC,94032,500 ML,29241900,18,
Fine & Research Chemicals,"N,N-Dimethylacetamide",,127-19-5,GC,94032,1 L,29241900,18,
Fine & Research Chemicals,"N,N-Dimethylacetamide",,127-19-5,AR,90190,2.5 L,29241900,18,
Fine & Research Chemicals,"N,N-Dimethylacetamide",,127-19-5,LR,93464,500 ML,29241900,18,
Fine & Research Chemicals,"N,N-Dimethylacetamide",,127-19-5,LR,93464,2.5 L,29241900,18,
Fine & Research Chemicals,"N,N-Dimethylaniline, 99%",,121-69-7,Synthesis,90943,500 ML,29242990,18,
Fine & Research Chemicals,"N,N-Dimethylcarbamoyl chloride, 98%",,79-44-7,Synthesis,92473,100 G,29241900,18,
Fine & Research Chemicals,"N,N-Dimethyldodecylamine N-oxide",,1643-20-5,MolBio,90984,5 G,29299020,18,
Fine & Research Chemicals,"N,N-Dimethyldodecylamine N-oxide N,N-Dimethyldodecylamine N-oxide solution,",,1643-20-5,MolBio,90984,25 G,29299020,18,
Fine & Research Chemicals,"30% in water N,N-Dimethyldodecylamine N-oxide solution,",,1643-20-5,MolBio,90985,500 ML,29299000,18,
Fine & Research Chemicals,30% in water,,1643-20-5,MolBio,90985,1 L,29299000,18,
Fine & Research Chemicals,"N,N-Dimethylformamide",,68-12-2,HPLC,90033,1 L,29211110,18,
Fine & Research Chemicals,"N,N-Dimethylformamide",,68-12-2,GC-HS Premium,97331,250 ML,29211110,18,
Fine & Research Chemicals,"N,N-Dimethylformamide",,68-12-2,GC-HS Premium,97331,1 L,29211110,18,
Fine & Research Chemicals,"N,N-Dimethylformamide",,68-12-2,GC-HS,90714,100 ML,29211110,18,
Fine & Research Chemicals,"N,N-Dimethylformamide",,68-12-2,GC-HS,90714,200 ML,29211110,18,
Fine & Research Chemicals,"N,N-Dimethylformamide",,68-12-2,GC-HS,90714,1 L,29211110,18,
Fine & Research Chemicals,"N,N-Dimethylformamide",,68-12-2,GC,94056,250 ML,29211110,18,
Fine & Research Chemicals,"N,N-Dimethylformamide",,68-12-2,GC,94056,500 ML,29211110,18,
Fine & Research Chemicals,"N,N-Dimethylformamide",,68-12-2,GC,94056,1 L,29211110,18,
Fine & Research Chemicals,"N,N-Dimethylformamide",,68-12-2,ACS,91642,2.5 L,29211110,18,
Fine & Research Chemicals,"N,N-Dimethylformamide",,68-12-2,AR,90191,500 ML,29211110,18,
Fine & Research Chemicals,"N,N-Dimethylformamide",,68-12-2,AR,90191,2.5 L,29211110,18,
Fine & Research Chemicals,"N,N-Dimethylformamide",,68-12-2,DRYSOLV,90725,500 ML,29211110,18,
Fine & Research Chemicals,"N,N-Dimethylformamide",,68-12-2,DRYSOLV,90725,2.5 L,29211110,18,
Fine & Research Chemicals,"N,N-Dimethylformamide",,68-12-2,MolBio,92620,250 ML,29211110,18,
Fine & Research Chemicals,"N,N-Dimethylformamide",,68-12-2,LR,90464,500 ML,29211110,18,
Fine & Research Chemicals,"N,N-Dimethylformamide",,68-12-2,LR,90464,2.5 L,29211110,18,
Fine & Research Chemicals,"N,N-Dimethylurea",,96-31-1,Synthesis,90961,500 G,29211190,18,
Fine & Research Chemicals,"N -Cbz-L-lysine, 99% [Ne-Z-L-lysine] 6",,1155-64-2,MolBio,92091,5 G,29224100,18,
Fine & Research Chemicals,"N -Cbz-L-lysine, 99% [Ne-Z-L-lysine] 6",,1155-64-2,MolBio,92091,25 G,29224100,18,
Fine & Research Chemicals,"N-Acetyl-DL-methionine, 99%",,1115-47-5,MolBio,92097,100 G,29379020,18,
Fine & Research Chemicals,"N-Acetylglycine, 99%",,543-24-8,MolBio,92083,100 G,29241900,18,
Fine & Research Chemicals,"N-Acetylglycine, 99%",,543-24-8,MolBio,92083,500 G,29241900,18,
Fine & Research Chemicals,N-Acetyl-L-cysteine,,616-91-1,Synthesis,92702,25 G,29309040,18,
Fine & Research Chemicals,"N-Acetyl-L-leucine, 99%",,1188-21-2,MolBio,92086,5 G,29309016,18,
Fine & Research Chemicals,"N-Acetyl-L-leucine, 99%",,1188-21-2,MolBio,92086,25 G,29309016,18,
Fine & Research Chemicals,"N-Acetyl-L-methionine, 99%",,65-82-7,MolBio,92094,5 G,29309070,18,
Fine & Research Chemicals,"N-Acetyl-L-methionine, 99%",,65-82-7,MolBio,92094,25 G,29309070,18,
Fine & Research Chemicals,"N-Acetyl-L-proline, 98%",,68-95-1,MolBio,92106,5 G,29379020,18,
Fine & Research Chemicals,1-Naphthalene acetic acid potassium salt,,15165-79-4,Synthesis,92493,1 KG,38089910,18,
Fine & Research Chemicals,"Naphthalene, 98%",,91-20-3,AR,91574,500 G,29029040,18,
Fine & Research Chemicals,"Naphthalene, 98%",,91-20-3,LR,91862,500 G,29029040,18,
Fine & Research Chemicals,"1-Naphthaleneacetamide, 98%",,86-86-2,Synthesis,92704,25 G,29242990,18,
Fine & Research Chemicals,"1-Naphthaleneacetic acid, 98%",,86-87-3,Synthesis,92448,500 G,29152990,18,
Fine & Research Chemicals,1-Naphthol,,90-15-3,AR,91518,100 G,29071510,18,
Fine & Research Chemicals,1-Naphthol,,90-15-3,AR,91518,500 G,38220090,18,
Fine & Research Chemicals,1-Naphthol,,90-15-3,LR,90692,500 G,38220090,18,
Fine & Research Chemicals,2-Naphthol,,135-19-3,LR,90465,500 G,29051220,18,
Fine & Research Chemicals,"1,2-Naphthoquinone-4-sulphonic acid sodium",,521-24-4,salt Synthesis,90979,10 G,29147090,18,
Fine & Research Chemicals,"2-Naphthoxyacetic acid, 98%",,120-23-0,Synthesis,92494,1 KG,29215990,18,
Fine & Research Chemicals,1-Naphthyl acetate,,830-81-9,LR,93422,500 G,29420090,18,
Fine & Research Chemicals,Napthol green B,,19381-50-1,Indicator,94179,25 G,29071520,18,
Fine & Research Chemicals,"N-Boc-D-alanine, 99%",,7764-95-6,MolBio,92147,5 G,29241900,18,
Fine & Research Chemicals,"N-Boc-D-aspartic acid, 98%",,62396-48-9,MolBio,92154,5 G,29241900,18,
Fine & Research Chemicals,"N-Boc-D-aspartic acid, 98%",,62396-48-9,MolBio,92154,25 G,29241900,18,
Fine & Research Chemicals,"N-Boc-D-isoleucine, 98%",,55721-65-8,MolBio,92159,1 G,29224990,18,
Fine & Research Chemicals,"N-Boc-DL-alanine, 99%",,3744-87-4,MolBio,92148,5 G,29241900,18,
Fine & Research Chemicals,"N-Boc-D-leucine monohydrate, 98%",,16937-99-8,MolBio,92161,5 G,29339900,18,
Fine & Research Chemicals,"N-Boc-D-leucine monohydrate, 98%",,16937-99-8,MolBio,92161,25 G,29339900,18,
Fine & Research Chemicals,"N-Boc-DL-leucine monohydrate, 98%",,200937-21-9,MolBio,92162,5 G,29339900,18,
Fine & Research Chemicals,"N-Boc-DL-leucine monohydrate, 98%",,200937-21-9,MolBio,92162,25 G,29339900,18,
Fine & Research Chemicals,"N-Boc-DL-methionine, 98%",,93000-03-4,MolBio,92166,5 G,29304000,18,
Fine & Research Chemicals,"N-Boc-DL-methionine, 98%",,93000-03-4,MolBio,92166,25 G,29304000,18,
Fine & Research Chemicals,"N-Boc-DL-phenylalanine, 97%*",,4530-18-1,MolBio,92169,5 G,29221990,18,
Fine & Research Chemicals,"N-Boc-DL-phenylalanine, 97%*",,4530-18-1,MolBio,92169,25 G,29221990,18,
Fine & Research Chemicals,"N-Boc-DL-proline, 99%",,59433-50-0,MolBio,92174,5 G,29333990,18,
Fine & Research Chemicals,"N-Boc-DL-proline, 99%",,59433-50-0,MolBio,92174,25 G,29333990,18,
Fine & Research Chemicals,"N-Boc-DL-tyrosine, 98%",,142847-18-5,MolBio,92187,5 G,29159090,18,
Fine & Research Chemicals,"N-Boc-DL-tyrosine, 98%",,142847-18-5,MolBio,92187,25 G,29159090,18,
Fine & Research Chemicals,"N-Boc-D-methionine, 98%",,5241-66-7,MolBio,92165,5 G,29304000,18,
Fine & Research Chemicals,"N-Boc-D-methionine, 98%",,5241-66-7,MolBio,92165,25 G,29304000,18,
Fine & Research Chemicals,"N-Boc-D-phenylalanine, 99%*",,18942-49-9,MolBio,92168,5 G,29221990,18,
Fine & Research Chemicals,"N-Boc-D-phenylalanine, 99%*",,18942-49-9,MolBio,92168,25 G,29221990,18,
Fine & Research Chemicals,"N-Boc-D-phenylglycine, 99%",,33125-05-2,MolBio,92171,5 G,29242990,18,
Fine & Research Chemicals,"N-Boc-D-phenylglycine, 99%",,33125-05-2,MolBio,92171,25 G,29242990,18,
Fine & Research Chemicals,"N-Boc-D-proline, 99%",,37784-17-1,MolBio,92173,5 G,29420090,18,
Fine & Research Chemicals,"N-Boc-D-proline, 99%",,37784-17-1,MolBio,92173,25 G,29420090,18,
Fine & Research Chemicals,"N-Boc-D-serine methyl ester, 97%",,95715-85-8,MolBio,92180,1 G,29420090,18,
Fine & Research Chemicals,"N-Boc-D-serine methyl ester, 97%",,95715-85-8,MolBio,92180,5 G,29420090,18,
Fine & Research Chemicals,"N-Boc-D-serine, 99%",,6368-20-3,MolBio,92179,5 G,29225090,18,
Fine & Research Chemicals,"N-Boc-D-serine, 99%",,6368-20-3,MolBio,92179,25 G,29225090,18,
Fine & Research Chemicals,"N-Boc-D-threonine, 99%**",,55674-67-4,MolBio,92182,5 G,29225000,18,
Fine & Research Chemicals,"N-Boc-D-threonine, 99%**",,55674-67-4,MolBio,92182,25 G,29225000,18,
Fine & Research Chemicals,"N-Boc-D-tyrosine methyl ester, 97%",,76757-90-9,MolBio,92189,5 G,29159090,18,
Fine & Research Chemicals,"N-Boc-D-tyrosine methyl ester, 97% *Store at 2-8 o C ** Store at -20 o C",,76757-90-9,MolBio,92189,25 G,29159090,18,
Fine & Research Chemicals,"N-Boc-D-tyrosine, 98%",,70642-86-3,MolBio,92186,5 G,29159090,18,
Fine & Research Chemicals,"N-Boc-D-tyrosine, 98%",,70642-86-3,MolBio,92186,25 G,29159090,18,
Fine & Research Chemicals,"N-Boc-D-valine, 98%",,22838-58-0,MolBio,92191,5 G,29241900,18,
Fine & Research Chemicals,"N-Boc-D-valine, 98%",,22838-58-0,MolBio,92191,25 G,29241900,18,
Fine & Research Chemicals,"N-Boc-glycine methyl ester, 98%",,31954-27-5,MolBio,92157,5 G,29319090,18,
Fine & Research Chemicals,"N-Boc-glycine methyl ester, 98%",,31954-27-5,MolBio,92157,25 G,29319090,18,
Fine & Research Chemicals,"N-Boc-L-alanine, 99%",,15761-38-3,MolBio,92146,25 G,29241900,18,
Fine & Research Chemicals,"N-Boc-L-alanine, 99%",,15761-38-3,MolBio,92146,100 G,29241900,18,
Fine & Research Chemicals,"N-Boc-L-glutamic acid, 99%",,2419-94-5,MolBio,92155,25 G,29221990,18,
Fine & Research Chemicals,"N-Boc-L-glutamic acid, 99%",,2419-94-5,MolBio,92155,100 G,29221990,18,
Fine & Research Chemicals,"N-Boc-L-leucine monohydrate, 99%",,13139-15-6,MolBio,92160,25 G,29339900,18,
Fine & Research Chemicals,"N-Boc-L-leucine monohydrate, 99%",,13139-15-6,MolBio,92160,100 G,29339900,18,
Fine & Research Chemicals,"N-Boc-L-methionine, 99%",,2488-15-5,MolBio,92164,25 G,29304000,18,
Fine & Research Chemicals,"N-Boc-L-methionine, 99%",,2488-15-5,MolBio,92164,100 G,29304000,18,
Fine & Research Chemicals,"N-Boc-L-phenylalanine methyl ester, 98%",,51987-73-6,MolBio,92175,5 G,29221990,18,
Fine & Research Chemicals,"N-Boc-L-phenylalanine methyl ester, 98%",,51987-73-6,MolBio,92175,25 G,29221990,18,
Fine & Research Chemicals,"N-Boc-L-phenylalanine, 99%*",,13734-34-4,MolBio,92167,25 G,29221990,18,
Fine & Research Chemicals,"N-Boc-L-phenylalanine, 99%*",,13734-34-4,MolBio,92167,100 G,29221990,18,
Fine & Research Chemicals,"N-Boc-L-phenylglycine, 99%",,2900-27-8,MolBio,92170,5 G,29242990,18,
Fine & Research Chemicals,"N-Boc-L-phenylglycine, 99%",,2900-27-8,MolBio,92170,25 G,29242990,18,
Fine & Research Chemicals,"N-Boc-L-proline methyl ester, 98%",,59936-29-7,MolBio,92176,5 G,29333990,18,
Fine & Research Chemicals,"N-Boc-L-proline, 99%",,15761-39-4,MolBio,92172,25 G,29333990,18,
Fine & Research Chemicals,"N-Boc-L-proline, 99%",,15761-39-4,MolBio,92172,100 G,29333990,18,
Fine & Research Chemicals,"N-Boc-L-proline, 99%",,15761-39-4,MolBio,92172,500 G,29333990,18,
Fine & Research Chemicals,"N-Boc-L-serine methyl ester, 98%",,2766-43-0,MolBio,92178,5 G,29241990,18,
Fine & Research Chemicals,"N-Boc-L-serine methyl ester, 98%",,2766-43-0,MolBio,92178,25 G,29241990,18,
Fine & Research Chemicals,"N-Boc-L-serine, 99%",,3262-72-4,MolBio,92177,25 G,29241990,18,
Fine & Research Chemicals,"N-Boc-L-serine, 99%",,3262-72-4,MolBio,92177,100 G,29241990,18,
Fine & Research Chemicals,"N-Boc-L-threonine methyl ester, 95%",,79479-07-5,MolBio,92183,5 G,29224910,18,
Fine & Research Chemicals,"N-Boc-L-threonine methyl ester, 95%",,79479-07-5,MolBio,92183,25 G,29224910,18,
Fine & Research Chemicals,"N-Boc-L-threonine, 99%",,2592-18-9,MolBio,92181,25 G,29224910,18,
Fine & Research Chemicals,"N-Boc-L-threonine, 99%",,2592-18-9,MolBio,92181,100 G,29224910,18,
Fine & Research Chemicals,"N-Boc-L-tyrosine methyl ester, 98%",,4326-36-7,MolBio,92188,5 G,29241900,18,
Fine & Research Chemicals,"N-Boc-L-tyrosine methyl ester, 98%",,4326-36-7,MolBio,92188,25 G,29241900,18,
Fine & Research Chemicals,"N-Boc-L-tyrosine, 99%",,3978-80-1,MolBio,92185,25 G,29241900,18,
Fine & Research Chemicals,"N-Boc-L-tyrosine, 99%",,3978-80-1,MolBio,92185,100 G,29241900,18,
Fine & Research Chemicals,"N-Boc-L-valine methyl ester, 98%",,58561-04-9,MolBio,92192,5 G,29339900,18,
Fine & Research Chemicals,"N-Boc-L-valine methyl ester, 98%",,58561-04-9,MolBio,92192,25 G,29339900,18,
Fine & Research Chemicals,"N-Boc-L-valine, 99%",,13734-41-3,MolBio,92190,25 G,29339900,18,
Fine & Research Chemicals,"N-Boc-L-valine, 99% *Store at 2-8 o C",,13734-41-3,MolBio,92190,100 G,29339900,18,
Fine & Research Chemicals,"N-Boc-b-alanine, 99%",,3303-84-2,MolBio,92149,5 G,29241900,18,
Fine & Research Chemicals,"N-Bromosuccinimide, 98%",,128-08-5,Synthesis,92470,100 G,29251900,18,
Fine & Research Chemicals,"N-Bromosuccinimide, 98%",,128-08-5,Synthesis,92470,500 G,29251900,18,
Fine & Research Chemicals,n-Butyl acetate,,123-86-4,EL,90739,2.5 L,29153300,18,
Fine & Research Chemicals,n-Butyl acetate,,123-86-4,GC,94058,250 ML,29153300,18,
Fine & Research Chemicals,n-Butyl acetate,,123-86-4,GC,94058,500 ML,29153300,18,
Fine & Research Chemicals,n-Butyl acetate,,123-86-4,GC,94058,1 L,29153300,18,
Fine & Research Chemicals,n-Butyl acetate,,123-86-4,AR,91568,500 ML,29153300,18,
Fine & Research Chemicals,n-Butyl acetate,,123-86-4,AR,91568,1 L,29153300,18,
Fine & Research Chemicals,n-Butyl acetate,,123-86-4,AR,91568,2.5 L,29153300,18,
Fine & Research Chemicals,n-Butyl acetate,,123-86-4,LR,93465,2.5 L,29153300,18,
Fine & Research Chemicals,n-Butyl chloride,,109-69-3,LR,93324,100 ML,29031990,18,
Fine & Research Chemicals,n-Butyl chloride,,109-69-3,LR,93324,500 ML,29031990,18,
Fine & Research Chemicals,n-Butyl chloride,,109-69-3,LR,93324,2.5 L,29031990,18,
Fine & Research Chemicals,n-Butyl chloride,,109-69-3,HPLC,90069,1 L,29031990,18,
Fine & Research Chemicals,n-Butyllithium solution 1.6 M in hexane,,109-72-8,Synthesis,92501,100 ML,29310090,18,
Fine & Research Chemicals,n-Butyllithium solution 1.6 M in hexane,,109-72-8,Synthesis,92501,1 L,29310090,18,
Fine & Research Chemicals,n-Butyllithium solution 2.5 M in hexane,,109-72-8,Synthesis,92502,100 ML,29310090,18,
Fine & Research Chemicals,n-Butyllithium solution 2.5 M in hexane,,109-72-8,Synthesis,92502,1 L,29310090,18,
Fine & Research Chemicals,N-Butyraldehyde,,123-72-8,GC,94063,1 L,29121990,18,
Fine & Research Chemicals,"n-Butyric acid, 99%",,107-92-6,Synthesis,92015,500 ML,29159090,18,
Fine & Research Chemicals,"N-Cbz-D-alanine, 98% [Z-D-Ala-OH]",,26607-51-2,MolBio,92227,5 G,29241980,18,
Fine & Research Chemicals,"N-Cbz-D-alanine, 98% [Z-D-Ala-OH]",,26607-51-2,MolBio,92227,25 G,29241980,18,
Fine & Research Chemicals,"N-Cbz-D-aspartic acid, 98% [Z-D-Asp-OH]",,78663-07-7,MolBio,92236,5 G,29241980,18,
Fine & Research Chemicals,"N-Cbz-D-aspartic acid, 98% [Z-D-Asp-OH]",,78663-07-7,MolBio,92236,25 G,29241980,18,
Fine & Research Chemicals,"N-Cbz-D-glutamic acid, 98% [Z-D-Glu-OH]",,63648-73-7,MolBio,92241,5 G,29241980,18,
Fine & Research Chemicals,"N-Cbz-D-glutamic acid, 98% [Z-D-Glu-OH]",,63648-73-7,MolBio,92241,25 G,29241980,18,
Fine & Research Chemicals,"N-Cbz-D-glutamine, 98% [Z-D-Gln-OH]",,13139-52-1,MolBio,92239,5 G,29241911,18,
Fine & Research Chemicals,"N-Cbz-D-glutamine, 98% [Z-D-Gln-OH]",,13139-52-1,MolBio,92239,25 G,29241911,18,
Fine & Research Chemicals,"N-Cbz-DL-alanine, 98% [Z-DL-Ala-OH]",,4132-86-9,MolBio,92228,5 G,29241980,18,
Fine & Research Chemicals,"N-Cbz-DL-alanine, 98% [Z-DL-Ala-OH]",,4132-86-9,MolBio,92228,25 G,29241980,18,
Fine & Research Chemicals,"N-Cbz-DL-aspartic acid, 98% [Z-DL-Asp-OH]",,4515-21-3,MolBio,92237,5 G,29241980,18,
Fine & Research Chemicals,"N-Cbz-DL-aspartic acid, 98% [Z-DL-Asp-OH]",,4515-21-3,MolBio,92237,25 G,29241980,18,
Fine & Research Chemicals,"N-Cbz-D-leucine, 97% [Z-D-Leu-OH]",,28862-79-5,MolBio,92248,5 G,29242971,18,
Fine & Research Chemicals,"N-Cbz-D-leucine, 97% [Z-D-Leu-OH]",,28862-79-5,MolBio,92248,25 G,29242971,18,
Fine & Research Chemicals,"N-Cbz-DL-methionine, 98% [Z-DL-Met-OH]",,4434-61-1,MolBio,92253,5 G,29309029,18,
Fine & Research Chemicals,"N-Cbz-DL-methionine, 98% [Z-DL-Met-OH]",,4434-61-1,MolBio,92253,25 G,29309029,18,
Fine & Research Chemicals,"N-Cbz-DL-valine, 98% [Z-DL-Val-OH]",,3588-63-4,MolBio,92268,5 G,29242971,18,
Fine & Research Chemicals,"N-Cbz-DL-valine, 98% [Z-DL-Val-OH]",,3588-63-4,MolBio,92268,25 G,29242971,18,
Fine & Research Chemicals,"N-Cbz-D-methionine, 98% [Z-D-Met-OH]",,28862-80-8,MolBio,92252,5 G,29309029,18,
Fine & Research Chemicals,"N-Cbz-D-methionine, 98% [Z-D-Met-OH]",,28862-80-8,MolBio,92252,25 G,29309029,18,
Fine & Research Chemicals,"N-Cbz-D-phenylalanine, 99% [Z-D-Phe-OH]",,2448-45-5,MolBio,92255,5 G,29242971,18,
Fine & Research Chemicals,"N-Cbz-D-phenylalanine, 99% [Z-D-Phe-OH]",,2448-45-5,MolBio,92255,25 G,29242971,18,
Fine & Research Chemicals,"N-Cbz-D-proline, 98% [Z-D-Pro-OH]",,6404-31-5,MolBio,92258,5 G,29339997,18,
Fine & Research Chemicals,"N-Cbz-D-proline, 98% [Z-D-Pro-OH]",,6404-31-5,MolBio,92258,25 G,29339997,18,
Fine & Research Chemicals,"N-Cbz-D-serine, 98% [Z-D-Ser-OH]",,6081-61-4,MolBio,92260,5 G,29241980,18,
Fine & Research Chemicals,"N-Cbz-D-serine, 98% [Z-D-Ser-OH]",,6081-61-4,MolBio,92260,25 G,29241980,18,
Fine & Research Chemicals,"N-Cbz-D-threonine, 98% [Z-D-Thr-OH]",,80384-27-6,MolBio,92262,5 G,29241980,18,
Fine & Research Chemicals,"N-Cbz-D-threonine, 98% [Z-D-Thr-OH]",,80384-27-6,MolBio,92262,25 G,29241980,18,
Fine & Research Chemicals,"N-Cbz-D-valine, 98% [Z-D-Val-OH]",,1685-33-2,MolBio,92267,5 G,29242971,18,
Fine & Research Chemicals,"N-Cbz-D-valine, 98% [Z-D-Val-OH]",,1685-33-2,MolBio,92267,25 G,29242971,18,
Fine & Research Chemicals,"N-Cbz-glycine, 99% [Z-Gly-OH]",,1138-80-3,MolBio,92242,25 G,29241911,18,
Fine & Research Chemicals,"N-Cbz-glycine, 99% [Z-Gly-OH]",,1138-80-3,MolBio,92242,100 G,29241911,18,
Fine & Research Chemicals,"N-Cbz-L-alanine, 99% [Z-Ala-OH]",,1142-20-7,MolBio,92226,25 G,29241980,18,
Fine & Research Chemicals,"N-Cbz-L-alanine, 99% [Z-Ala-OH]",,1142-20-7,MolBio,92226,100 G,29241980,18,
Fine & Research Chemicals,"N-Cbz-L-aspartic acid, 99% [Z-Asp-OH]",,1152-61-0,MolBio,92235,25 G,29241980,18,
Fine & Research Chemicals,"N-Cbz-L-aspartic acid, 99% [Z-Asp-OH]",,1152-61-0,MolBio,92235,100 G,29241980,18,
Fine & Research Chemicals,"N-Cbz-L-glutamic acid, 99% [Z-Glu-OH]",,1155-62-0,MolBio,92240,25 G,29241980,18,
Fine & Research Chemicals,"N-Cbz-L-glutamic acid, 99% [Z-Glu-OH]",,1155-62-0,MolBio,92240,100 G,29241980,18,
Fine & Research Chemicals,"N-Cbz-L-glutamine, 99% [Z-Gln-OH]",,2650-64-8,MolBio,92238,25 G,29241911,18,
Fine & Research Chemicals,"N-Cbz-L-glutamine, 99% [Z-Gln-OH]",,2650-64-8,MolBio,92238,100 G,29241911,18,
Fine & Research Chemicals,"N-Cbz-L-isoleucine, 99% [Z-Ile-OH]",,3160-59-6,MolBio,92246,25 G,29242971,18,
Fine & Research Chemicals,"N-Cbz-L-isoleucine, 99% [Z-Ile-OH]",,3160-59-6,MolBio,92246,100 G,29242971,18,
Fine & Research Chemicals,"N-Cbz-L-leucine, 97% [Z-Leu-OH]",,2018-66-8,MolBio,92247,25 G,29242971,18,
Fine & Research Chemicals,"N-Cbz-L-leucine, 97% [Z-Leu-OH]",,2018-66-8,MolBio,92247,100 G,29242971,18,
Fine & Research Chemicals,"N-Cbz-L-methionine, 98% [Z-Met-OH]",,1152-62-1,MolBio,92251,5 G,29309029,18,
Fine & Research Chemicals,"N-Cbz-L-methionine, 98% [Z-Met-OH] N-Cbz-L-phenylalanine methyl ester,",,1152-62-1,MolBio,92251,25 G,29309029,18,
Fine & Research Chemicals,"98% [Z-Phe-OMe] N-Cbz-L-phenylalanine methyl ester,",,35909-92-3,MolBio,92256,5 G,29224930,18,
Fine & Research Chemicals,98% [Z-Phe-OMe],,35909-92-3,MolBio,92256,25 G,29224930,18,
Fine & Research Chemicals,"N-Cbz-L-phenylalanine, 99% [Z-Phe-OH]",,1161-13-3,MolBio,92254,25 G,29242971,18,
Fine & Research Chemicals,"N-Cbz-L-phenylalanine, 99% [Z-Phe-OH]",,1161-13-3,MolBio,92254,100 G,29242971,18,
Fine & Research Chemicals,"N-Cbz-L-proline, 99% [Z-Pro-OH]",,1148-11-4,MolBio,92257,5 G,29339997,18,
Fine & Research Chemicals,"N-Cbz-L-proline, 99% [Z-Pro-OH]",,1148-11-4,MolBio,92257,25 G,29339997,18,
Fine & Research Chemicals,"N-Cbz-L-serine, 99% [Z-Ser-OH]",,1145-80-8,MolBio,92259,5 G,29241980,18,
Fine & Research Chemicals,"N-Cbz-L-serine, 99% [Z-Ser-OH]",,1145-80-8,MolBio,92259,25 G,29241980,18,
Fine & Research Chemicals,"N-Cbz-L-threonine, 99% [Z-Thr-OH]",,19728-63-3,MolBio,92261,25 G,29241980,18,
Fine & Research Chemicals,"N-Cbz-L-threonine, 99% [Z-Thr-OH]",,19728-63-3,MolBio,92261,100 G,29241980,18,
Fine & Research Chemicals,"N-Cbz-L-tyrosine, 98% [Z-Tyr-OH]",,1164-16-5,MolBio,92265,5 G,29242971,18,
Fine & Research Chemicals,"N-Cbz-L-tyrosine, 98% [Z-Tyr-OH]",,1164-16-5,MolBio,92265,25 G,29242971,18,
Fine & Research Chemicals,"N-Cbz-L-valine, 99% [Z-Val-OH]",,1149-26-4,MolBio,92266,25 G,29242971,18,
Fine & Research Chemicals,"N-Cbz-L-valine, 99% [Z-Val-OH]",,1149-26-4,MolBio,92266,100 G,29242971,18,
Fine & Research Chemicals,"N-Cbz-b-alanine, 98% [Z-b-Ala-OH]",,2304-94-1,MolBio,92229,5 G,29241980,18,
Fine & Research Chemicals,"N-Cbz-b-alanine, 98% [Z-b-Ala-OH]",,2304-94-1,MolBio,92229,25 G,29241980,18,
Fine & Research Chemicals,"N-Chlorosuccinimide, 98%",,128-09-6,Synthesis,92701,500 G,29299000,18,
Fine & Research Chemicals,Nessler's reagent N-Ethyl-N'-(3-dimethylaminopropyl),,,LR,93471,100 ml,38220090,18,
Fine & Research Chemicals,"carbodiimide hydrochloride, 98%",,25952-53-8,Synthesis,90953,100 G,29331990,18,
Fine & Research Chemicals,"N-Ethylpiperazine, 99%",,5308-25-8,Synthesis,90954,250 ML,29335995,18,
Fine & Research Chemicals,Neutral red indicator powder,,553-24-2,Indicator,94173,25 G,32049000,18,
Fine & Research Chemicals,"N-Fmoc-D-alanine, 98%*",,79990-15-1,MolBio,92194,5 G,29319090,18,
Fine & Research Chemicals,"N-Fmoc-D-alanine, 98%*",,79990-15-1,MolBio,92194,25 G,29319090,18,
Fine & Research Chemicals,"N-Fmoc-D-aspartic acid, 95%*",,136083-57-3,MolBio,92201,1 G,29242990,18,
Fine & Research Chemicals,"N-Fmoc-D-aspartic acid, 95%*",,136083-57-3,MolBio,92201,5 G,29242990,18,
Fine & Research Chemicals,"N-Fmoc-DL-alanine, 98%*",,35661-38-2,MolBio,92195,5 G,29319090,18,
Fine & Research Chemicals,"N-Fmoc-DL-alanine, 98%*",,35661-38-2,MolBio,92195,25 G,29319090,18,
Fine & Research Chemicals,"N-Fmoc-D-leucine, 98%*",,114360-54-2,MolBio,92208,5 G,29242998,18,
Fine & Research Chemicals,"N-Fmoc-D-leucine, 98%*",,114360-54-2,MolBio,92208,25 G,29242998,18,
Fine & Research Chemicals,"N-Fmoc-D-methionine, 98%*",,112883-40-6,MolBio,92212,5 G,29309029,18,
Fine & Research Chemicals,"N-Fmoc-D-methionine, 98%*",,112883-40-6,MolBio,92212,25 G,29309029,18,
Fine & Research Chemicals,"N-Fmoc-D-phenylalanine, 98%*",,86123-10-6,MolBio,92214,5 G,29242998,18,
Fine & Research Chemicals,"N-Fmoc-D-phenylalanine, 98%*",,86123-10-6,MolBio,92214,25 G,29242998,18,
Fine & Research Chemicals,"N-Fmoc-D-proline, 98%*",,101555-62-8,MolBio,92216,5 G,29339980,18,
Fine & Research Chemicals,"N-Fmoc-D-proline, 98%*",,101555-62-8,MolBio,92216,25 G,29339980,18,
Fine & Research Chemicals,"N-Fmoc-D-serine, 98%*",,116861-26-8,MolBio,92218,5 G,29242971,18,
Fine & Research Chemicals,"N-Fmoc-D-serine, 98%*",,116861-26-8,MolBio,92218,25 G,29242971,18,
Fine & Research Chemicals,"N-Fmoc-D-valine, 98%*",,84624-17-9,MolBio,92225,5 G,29242970,18,
Fine & Research Chemicals,"N-Fmoc-D-valine, 98%*",,84624-17-9,MolBio,92225,25 G,29242970,18,
Fine & Research Chemicals,"N-Fmoc-glycine, 98%*",,29022-11-5,MolBio,92205,25 G,29242995,18,
Fine & Research Chemicals,"N-Fmoc-glycine, 98%*",,29022-11-5,MolBio,92205,100 G,29242995,18,
Fine & Research Chemicals,"N-Fmoc-L-alanine, 98%*",,35661-39-3,MolBio,92193,25 G,29319090,18,
Fine & Research Chemicals,"N-Fmoc-L-alanine, 98%*",,35661-39-3,MolBio,92193,100 G,29319090,18,
Fine & Research Chemicals,"N-Fmoc-L-aspartic acid, 95%*",,119062-05-4,MolBio,92200,5 G,29242990,18,
Fine & Research Chemicals,"N-Fmoc-L-glutamic acid, 95%*",,121343-82-6,MolBio,92204,25 G,29242990,18,
Fine & Research Chemicals,"N-Fmoc-L-isoleucine, 98%*",,71989-23-6,MolBio,92206,25 G,29242971,18,
Fine & Research Chemicals,"N-Fmoc-L-isoleucine, 98%*",,71989-23-6,MolBio,92206,100 G,29242971,18,
Fine & Research Chemicals,"N-Fmoc-L-leucine, 98%*",,35661-60-0,MolBio,92207,25 G,29242971,18,
Fine & Research Chemicals,"N-Fmoc-L-leucine, 98%*",,35661-60-0,MolBio,92207,100 G,29242971,18,
Fine & Research Chemicals,"N-Fmoc-L-methionine, 99%* *Store at 2-8 o C",,71989-28-1,MolBio,92211,25 G,29309029,18,
Fine & Research Chemicals,"N-Fmoc-L-methionine, 99%*",,71989-28-1,MolBio,92211,100 G,29309029,18,
Fine & Research Chemicals,"N-Fmoc-L-phenylalanine, 99%*",,35661-40-6,MolBio,92213,25 G,29242970,18,
Fine & Research Chemicals,"N-Fmoc-L-phenylalanine, 99%*",,35661-40-6,MolBio,92213,100 G,29242970,18,
Fine & Research Chemicals,"N-Fmoc-L-proline, 99%*",,71989-31-6,MolBio,92215,25 G,29339979,18,
Fine & Research Chemicals,"N-Fmoc-L-proline, 99%*",,71989-31-6,MolBio,92215,100 G,29339979,18,
Fine & Research Chemicals,"N-Fmoc-L-serine, 98%*",,73724-45-5,MolBio,92217,25 G,29242947,18,
Fine & Research Chemicals,"N-Fmoc-L-serine, 98%*",,73724-45-5,MolBio,92217,100 G,29242947,18,
Fine & Research Chemicals,"N-Fmoc-L-threonine, 98%*",,73731-37-0,MolBio,92219,25 G,29242971,18,
Fine & Research Chemicals,"N-Fmoc-L-threonine, 98%*",,73731-37-0,MolBio,92219,100 G,29242971,18,
Fine & Research Chemicals,"N-Fmoc-L-valine, 99%*",,68858-20-8,MolBio,92224,25 G,29420090,18,
Fine & Research Chemicals,"N-Fmoc-L-valine, 99%*",,68858-20-8,MolBio,92224,100 G,29420090,18,
Fine & Research Chemicals,"N-Fmoc-b-alanine, 98%*",,35737-10-1,MolBio,92196,5 G,29319090,18,
Fine & Research Chemicals,"N-Fmoc-b-alanine, 98%*",,35737-10-1,MolBio,92196,25 G,29319090,18,
Fine & Research Chemicals,n-Heptane,,142-82-5,HPLC,90034,1 L,29011000,18,
Fine & Research Chemicals,n-Heptane,,142-82-5,HPLC,90034,2.5 L,29011000,18,
Fine & Research Chemicals,n-Heptane,,142-82-5,GC,94033,250 ML,29011000,18,
Fine & Research Chemicals,n-Heptane,,142-82-5,GC,94033,500 ML,29011000,18,
Fine & Research Chemicals,n-Heptane,,142-82-5,GC,94033,1 L,29011000,18,
Fine & Research Chemicals,n-Heptane,,142-82-5,ACS,91646,500 ML,29011000,18,
Fine & Research Chemicals,n-Heptane,,142-82-5,ACS,91646,1 L,29011000,18,
Fine & Research Chemicals,n-Heptane,,142-82-5,ACS,91646,2.5 L,29011000,18,
Fine & Research Chemicals,n-Heptane,,142-82-5,AR,90192,500 ML,29011000,18,
Fine & Research Chemicals,n-Heptane,,142-82-5,LR,90466,500 ML,29011000,18,
Fine & Research Chemicals,n-Heptane,,142-82-5,LR,90466,2.5 L,29011000,18,
Fine & Research Chemicals,n-Heptane,,142-82-5,SG,94102,1 L,29021900,18,
Fine & Research Chemicals,n-Hexadecane,,544-76-3,Synthesis,92435,500 ML,29011000,18,
Fine & Research Chemicals,n-Hexane,,110-54-3,HPLC,90035,1 L,29011000,18,
Fine & Research Chemicals,n-Hexane,,110-54-3,HPLC,90035,2.5 L,29011000,18,
Fine & Research Chemicals,n-Hexane,,110-54-3,PREP.HPLC,98704,2.5 L,29012990,18,
Fine & Research Chemicals,n-Hexane,,110-54-3,GC-MS,99505,100 ML,29012990,18,
Fine & Research Chemicals,n-Hexane,,110-54-3,GC-MS,99505,1 L,29012990,18,
Fine & Research Chemicals,n-Hexane,,110-54-3,GC,94027,250 ML,29011000,18,
Fine & Research Chemicals,n-Hexane,,110-54-3,GC,94027,500 ML,29011000,18,
Fine & Research Chemicals,n-Hexane,,110-54-3,GC,94027,1 L,29011000,18,
Fine & Research Chemicals,n-Hexane,,110-54-3,GC,94027,2.5 L,29011000,18,
Fine & Research Chemicals,n-Hexane,,110-54-3,ACS,91644,1 L,29012990,18,
Fine & Research Chemicals,n-Hexane,,110-54-3,ACS,91644,2.5 L,29012990,18,
Fine & Research Chemicals,n-Hexane,,110-54-3,AR,90193,500 ML,29011000,18,
Fine & Research Chemicals,n-Hexane,,110-54-3,AR,90193,1 L,29011000,18,
Fine & Research Chemicals,n-Hexane *Store at 2-8 o C,,110-54-3,AR,90193,2.5 L,29011000,18,
Fine & Research Chemicals,"n-Hexane,95%",,110-54-3,LR,90467,500 ML,29011000,18,
Fine & Research Chemicals,"n-Hexane,95%",,110-54-3,LR,90467,2.5 L,29011000,18,
Fine & Research Chemicals,n-Hexane,,110-54-3,LCN™ Tested)94354-2.5,L,,29011000,18,
Fine & Research Chemicals,"N-Hydroxysuccinimide, 98%",,6066-82-6,Synthesis,92062,100 G,29251900,18,
Fine & Research Chemicals,"N-Hydroxysuccinimide, 98%",,6066-82-6,Synthesis,92062,500 G,29251900,18,
Fine & Research Chemicals,Nickel (II) chloride hexahydrate,,7791-20-0,AR,91542,500 G,28273500,18,
Fine & Research Chemicals,"Nickel acetate, tetrahydrate",,6018-89-9,LR,93396,500 G,29152990,18,
Fine & Research Chemicals,Nickel aluminium alloy powder,,12635-27-7,LR,93316,500 G,75022030,18,
Fine & Research Chemicals,Nickel carbonate basic tetrahydrate,,12244-51-8,LR,90472,500 G,28369990,18,
Fine & Research Chemicals,Nickel metal powder,,7440-02-0,LR,91847,500 G,75040000,18,
Fine & Research Chemicals,Nickel(II) chloride anhydrous,,7718-54-9,LR,90468,500 G,28273500,18,
Fine & Research Chemicals,Nickel(II) chloride hexahydrate,,7791-20-0,LR,90685,500 G,28273500,18,
Fine & Research Chemicals,Nickel(II) chloride hexahydrate,,7791-20-0,LR,90685,5 KG,28273500,18,
Fine & Research Chemicals,Nickel(II) nitrate hexahydrate,,13478-00-7,LR,90469,500 G,28342990,18,
Fine & Research Chemicals,Nickel(II) oxide,,1313-99-1,LR,90470,500 G,28254000,18,
Fine & Research Chemicals,Nickel(II) sulphate hexahydrate,,10101-97-0,AR,91594,500 G,28332990,18,
Fine & Research Chemicals,Nickel(II) sulphate hexahydrate,,10101-97-0,LR,90471,500 G,28332400,18,
Fine & Research Chemicals,Nicotinamide,,98-92-0,Synthesis,93307,250 G,29362920,18,
Fine & Research Chemicals,Nigrosin water soluble,,8005-03-6,Stain,94196,25 G,32049000,18,
Fine & Research Chemicals,Ninhydrin reagent 2%,,,Solution,97160,50 ML,29420090,18,
Fine & Research Chemicals,Ninhydrin,,485-47-2,AR,91876,25 G,29420090,18,
Fine & Research Chemicals,"N-Iodosuccinimide, 98%",,516-12-1,Synthesis,92350,25 G,29251900,18,
Fine & Research Chemicals,Nitric acid,,7697-37-2,EL,90732,500 ML,28080010,18,
Fine & Research Chemicals,Nitric acid,,7697-37-2,AR,90194,500 ML,28080010,18,
Fine & Research Chemicals,Nitric acid,,7697-37-2,AR,90194,2.5 L,28080010,18,
Fine & Research Chemicals,Nitric acid,,7697-37-2,AR,90194,5 L,28080010,18,
Fine & Research Chemicals,Nitric acid,,7697-37-2,LR,90473,500 ML,28080010,18,
Fine & Research Chemicals,Nitric acid,,7697-37-2,LR,90473,2.5 L,28080010,18,
Fine & Research Chemicals,"Nitric acid Nitric acid, 67-70%",,7697-37-2,LR,90473,5 L,28080010,18,
Fine & Research Chemicals,"(for Trace Metal Analysis) ppb level Nitric acid, 67-70%",,7697-37-2,AD Trace +,97605,500 ML,28080010,18,
Fine & Research Chemicals,"(for Trace Metal Analysis) ppb level Nitric acid, 67-70%",,7697-37-2,AD Trace +,97605,1 L,28080010,18,
Fine & Research Chemicals,"(for Trace Metal Analysis) ppm level Nitric acid, 67-70%",,7697-37-2,AD Trace,97604,200 ML,28080010,18,
Fine & Research Chemicals,"(for Trace Metal Analysis) ppm level Nitric acid, 67-70%",,7697-37-2,AD Trace,97604,500 Ml,28080010,18,
Fine & Research Chemicals,(for Trace Metal Analysis) ppm level,,7697-37-2,AD Trace,97604,1 L,28080010,18,
Fine & Research Chemicals,"Nitrilotriacetic acid, 98%",,139-13-9,AR,91550,500 G,29224990,18,
Fine & Research Chemicals,2-Nitrobenzaldehyde,,552-89-6,GC,99043,100 G,29130090,18,
Fine & Research Chemicals,"2-Nitrobenzaldehyde, 98%",,552-89-6,LR,91877,500 G,29130000,18,
Fine & Research Chemicals,Nitrobenzene,,98-95-3,AR,90195,500 ML,29042010,18,
Fine & Research Chemicals,Nitrobenzene,,98-95-3,LR,90474,500 ML,29042010,18,
Fine & Research Chemicals,Nitrobenzene,,98-95-3,LR,90474,2.5 L,29042010,18,
Fine & Research Chemicals,"3-Nitrobenzene sulphonic acid sodium salt,",,127-68-4,98% LR,93064,1 KG,29049070,18,
Fine & Research Chemicals,Nitromethane,,75-52-5,LR,93201,500 ML,29043000,18,
Fine & Research Chemicals,"4-Nitrophenol, 99%",,100-02-7,Synthesis,90976,100 G,29089910,18,
Fine & Research Chemicals,"4-Nitrophenol, 99% 1-Nitroso-2-naphthol-3,6-disulphonic acid",,100-02-7,Synthesis,90976,500 G,29089910,18,
Fine & Research Chemicals,disodium salt monohydrate [Nitroso-R salt],,525-05-3,Synthesis,90977,100 G,29089020,18,
Fine & Research Chemicals,N-Methyl-2-pyrrolidone,,872-50-4,HPLC,90083,1 L,29333100,18,
Fine & Research Chemicals,N-Methyl-2-pyrrolidone,,872-50-4,GC-HS Premium,97332,250 ML,29333100,18,
Fine & Research Chemicals,N-Methyl-2-pyrrolidone,,872-50-4,GC-HS Premium,97332,1 L,29333100,18,
Fine & Research Chemicals,N-Methyl-2-pyrrolidone,,872-50-4,GC-HS,90715,100 ML,29333100,18,
Fine & Research Chemicals,N-Methyl-2-pyrrolidone,,872-50-4,GC-HS,90715,250 ML,29333100,18,
Fine & Research Chemicals,N-Methyl-2-pyrrolidone,,872-50-4,GC-HS,90715,500 ML,29333100,18,
Fine & Research Chemicals,N-Methyl-2-pyrrolidone,,872-50-4,GC-HS,90715,1 L,29333100,18,
Fine & Research Chemicals,N-Methyl-2-pyrrolidone,,872-50-4,GC,94094,250 ML,29333100,18,
Fine & Research Chemicals,N-Methyl-2-pyrrolidone,,872-50-4,GC,94094,500 ML,29333100,18,
Fine & Research Chemicals,N-Methyl-2-pyrrolidone,,872-50-4,GC,94094,1 L,29333100,18,
Fine & Research Chemicals,N-Methyl-2-pyrrolidone,,872-50-4,AR,90196,500 ML,29333100,18,
Fine & Research Chemicals,N-Methyl-2-pyrrolidone,,872-50-4,LR,90475,500 ML,29333100,18,
Fine & Research Chemicals,N-Methyl-2-pyrrolidone,,872-50-4,LR,90475,2.5 L,29333100,18,
Fine & Research Chemicals,"N-Methylcyclohexylamine, 98%",,100-60-7,Synthesis,90963,100 ML,29213099,18,
Fine & Research Chemicals,"N-Methylcyclohexylamine, 98%",,100-60-7,Synthesis,90963,500 ML,29213099,18,
Fine & Research Chemicals,N-Methyldiethanolamine,,105-59-9,AR,96032,250 ML,29221990,18,
Fine & Research Chemicals,N-Methylurea,,598-50-5,LR,93534,500 G,29211190,18,
Fine & Research Chemicals,3-(N-morpholino)propanesulphonic acid (MOPS),,1132-61-2,MolBio,91925,100 G,29349990,18,
Fine & Research Chemicals,3-(N-morpholino)propanesulphonic acid (MOPS),,1132-61-2,LR,92544,500 G,29339900,18,
Fine & Research Chemicals,n-Octanol,,111-87-5,LR,91583,1 L,29051490,18,
Fine & Research Chemicals,n-Pentane,,109-66-0,HPLC,90036,1 L,29012990,18,
Fine & Research Chemicals,n-Pentane,,109-66-0,HPLC,90036,2.5 L,29012990,18,
Fine & Research Chemicals,n-Pentane,,109-66-0,GC,94059,250 ML,29012990,18,
Fine & Research Chemicals,n-Pentane,,109-66-0,GC,94059,500 ML,29012990,18,
Fine & Research Chemicals,n-Pentane,,109-66-0,GC,94059,1 L,29012990,18,
Fine & Research Chemicals,n-Pentane,,109-66-0,AR,90197,500 Ml,29012990,18,
Fine & Research Chemicals,n-Pentane,,109-66-0,AR,90197,2.5 L,29012990,18,
Fine & Research Chemicals,n-Pentane,,109-66-0,DRYSOLV,96255,500 ML,29012990,18,
Fine & Research Chemicals,n-Pentane *Store at 2-8 o C,,109-66-0,LR,90476,500 ML,29012990,18,
Fine & Research Chemicals,n-Pentane,,109-66-0,LR,90476,2.5 L,29012990,18,
Fine & Research Chemicals,n-Pentane,,109-66-0,LN,94266,500 ML,29012990,18,
Fine & Research Chemicals,"Na-Boc-D-asparagine, 98%",,75647-01-7,MolBio,92153,5 G,29241900,18,
Fine & Research Chemicals,"Na-Boc-D-asparagine, 98%",,75647-01-7,MolBio,92153,25 G,29241900,18,
Fine & Research Chemicals,"Na-Boc-D-histidine, 98%",,50654-94-9,MolBio,92158,1 G,29224990,18,
Fine & Research Chemicals,"Na-Boc-D-histidine, 98%",,50654-94-9,MolBio,92158,5 G,29224990,18,
Fine & Research Chemicals,"Na-Boc-D-lysine, 99%*",,106719-44-2,MolBio,92163,1 G,29224990,18,
Fine & Research Chemicals,"Na-Boc-D-lysine, 99%*",,106719-44-2,MolBio,92163,5 G,29224990,18,
Fine & Research Chemicals,"Na-Boc-D-tryptophan, 98%",,5241-64-5,MolBio,92184,5 G,29339900,18,
Fine & Research Chemicals,"Na-Boc-D-tryptophan, 98%",,5241-64-5,MolBio,92184,25 G,29339900,18,
Fine & Research Chemicals,"Na-Boc-L-arginine hydrochloride, 98%",,35897-34-8,MolBio,92150,25 G,29319090,18,
Fine & Research Chemicals,"Na-Boc-L-arginine hydrochloride, 98%",,35897-34-8,MolBio,92150,100 G,29319090,18,
Fine & Research Chemicals,"Na-Boc-L-asparagine, 99%",,7536-55-2,MolBio,92152,25 G,29242990,18,
Fine & Research Chemicals,"Na-Boc-L-asparagine, 99%",,7536-55-2,MolBio,92152,100 G,29242990,18,
Fine & Research Chemicals,"Na-Boc-L-histidine, 99%",,17791-52-5,MolBio,92156,25 G,29224990,18,
Fine & Research Chemicals,"Na-Boc-L-histidine, 99%",,17791-52-5,MolBio,92156,100 G,29224990,18,
Fine & Research Chemicals,"Na-Boc-L-lysine, 99%*",,13734-28-6,MolBio,92090,5 G,29224100,18,
Fine & Research Chemicals,"N a -Boc-L-lysine, 99%* N -Boc-Nw-nitro-L-arginine, 98% a",,13734-28-6,MolBio,92090,25 G,29224100,18,
Fine & Research Chemicals,[Boc-Arg(NO2)-OH],,2188-18-3,MolBio,92151,25 G,29291090,18,
Fine & Research Chemicals,"Na-Cbz-D-arginine, 99% [Z-D-Arg-OH]*",,6382-93-0,MolBio,92231,1 G,29259990,18,
Fine & Research Chemicals,"Na-Cbz-D-arginine, 99% [Z-D-Arg-OH]*",,6382-93-0,MolBio,92231,5 G,29259990,18,
Fine & Research Chemicals,"Na-Cbz-D-asparagine, 99% [Z-D-Asn-OH]",,4474-86-6,MolBio,92233,5 G,29241980,18,
Fine & Research Chemicals,"Na-Cbz-D-asparagine, 99% [Z-D-Asn-OH]",,4474-86-6,MolBio,92233,25 G,29241980,18,
Fine & Research Chemicals,"Na-Cbz-D-histidine, 98% [Z-D-His-OH]",,67424-93-5,MolBio,92244,1 G,29332990,18,
Fine & Research Chemicals,"Na-Cbz-D-histidine, 98% [Z-D-His-OH]",,67424-93-5,MolBio,92244,5 G,29332990,18,
Fine & Research Chemicals,"Na-Cbz-DL-asparagine, 99% [Z-DL-Asn-OH]",,29880-22-6,MolBio,92234,5 G,29241980,18,
Fine & Research Chemicals,"Na-Cbz-DL-asparagine, 99% [Z-DL-Asn-OH]",,29880-22-6,MolBio,92234,25 G,29241980,18,
Fine & Research Chemicals,"Na-Cbz-DL-asparagine, 99% [Z-DL-Asn-OH]",,19728-57-5,MolBio,92245,1 G,29332990,18,
Fine & Research Chemicals,"Na-Cbz-DL-histidine, 98% [Z-DL-His-OH]",,19728-57-5,MolBio,92245,5 G,29332990,18,
Fine & Research Chemicals,"Na-Cbz-D-lysine, 98% [Z-D-Lys-OH]",,70671-54-4,MolBio,92250,1 G,29242971,18,
Fine & Research Chemicals,"Na-Cbz-D-lysine, 98% [Z-D-Lys-OH]",,70671-54-4,MolBio,92250,5 G,29242971,18,
Fine & Research Chemicals,"Na-Cbz-D-tryptophan, 98% [Z-D-Trp-OH]",,2279-15-4,MolBio,92264,5 G,29339979,18,
Fine & Research Chemicals,"Na-Cbz-D-tryptophan, 98% [Z-D-Trp-OH]",,2279-15-4,MolBio,92264,25 G,29339979,18,
Fine & Research Chemicals,"Na-Cbz-L-arginine, 99% [Z-Arg-OH]",,1234-35-1,MolBio,92230,25 G,29259990,18,
Fine & Research Chemicals,"Na-Cbz-L-arginine, 99% [Z-Arg-OH]",,1234-35-1,MolBio,92230,100 G,29259990,18,
Fine & Research Chemicals,"Na-Cbz-L-asparagine, 99% [Z-Asn-OH]",,2304-96-3,MolBio,92232,25 G,29241980,18,
Fine & Research Chemicals,"Na-Cbz-L-asparagine, 99% [Z-Asn-OH]",,2304-96-3,MolBio,92232,100 G,29241980,18,
Fine & Research Chemicals,"Na-Cbz-L-histidine, 99% [Z-His-OH]",,14997-58-1,MolBio,92243,5 G,29332990,18,
Fine & Research Chemicals,"Na-Cbz-L-histidine, 99% [Z-His-OH] *Store *Store at at 2-8 2-8 o C o C",,14997-58-1,MolBio,92243,25 G,29332990,18,
Fine & Research Chemicals,"Na-Cbz-L-lysine, 98% [Z-Lys-OH]",,2212-75-1,MolBio,92249,5 G,29242971,18,
Fine & Research Chemicals,"Na-Cbz-L-lysine, 98% [Z-Lys-OH]",,2212-75-1,MolBio,92249,25 G,29242971,18,
Fine & Research Chemicals,"Na-Cbz-L-tryptophan, 98% [Z-Trp-OH]",,7432-21-5,MolBio,92263,5 G,29339979,18,
Fine & Research Chemicals,"Na-Cbz-L-tryptophan, 98% [Z-Trp-OH]",,7432-21-5,MolBio,92263,25 G,29339979,18,
Fine & Research Chemicals,"Na-Fmoc-D-asparagine, 98%*",,108321-39-7,MolBio,92199,5 G,29379020,18,
Fine & Research Chemicals,"Na-Fmoc-D-asparagine, 98%*",,108321-39-7,MolBio,92199,25 G,29379020,18,
Fine & Research Chemicals,"Na-Fmoc-D-glutamine, 99%*",,112898-00-7,MolBio,92203,5 G,29379020,18,
Fine & Research Chemicals,"Na-Fmoc-D-glutamine, 99%*",,112898-00-7,MolBio,92203,25 G,29379020,18,
Fine & Research Chemicals,"Na-Fmoc-D-tryptophan, 98%*",,86123-11-7,MolBio,92221,5 G,29339979,18,
Fine & Research Chemicals,"Na-Fmoc-D-tryptophan, 98%*",,86123-11-7,MolBio,92221,25 G,29339979,18,
Fine & Research Chemicals,"Na-Fmoc-D-tyrosine, 98%*",,112883-29-1,MolBio,92223,5 G,29242971,18,
Fine & Research Chemicals,"Na-Fmoc-D-tyrosine, 98%*",,112883-29-1,MolBio,92223,25 G,29242971,18,
Fine & Research Chemicals,"Na-Fmoc-L-arginine, 95%*",,91000-69-0,MolBio,92197,25 G,29319090,18,
Fine & Research Chemicals,"Na-Fmoc-L-arginine, 95%*",,91000-69-0,MolBio,92197,100 G,29319090,18,
Fine & Research Chemicals,"Na-Fmoc-L-asparagine, 97%*",,71989-16-7,MolBio,92198,25 G,29319090,18,
Fine & Research Chemicals,"Na-Fmoc-L-asparagine, 97%*",,71989-16-7,MolBio,92198,100 G,29319090,18,
Fine & Research Chemicals,"Na-Fmoc-L-glutamine, 99%*",,71989-20-3,MolBio,92202,25 G,29420034,18,
Fine & Research Chemicals,"Na-Fmoc-L-glutamine, 99%*",,71989-20-3,MolBio,92202,100 G,29420034,18,
Fine & Research Chemicals,"Na-Fmoc-L-lysine, 95%*",,105047-45-8,MolBio,92209,5 G,29242971,18,
Fine & Research Chemicals,"Na-Fmoc-L-tryptophan, 98%*",,35737-15-6,MolBio,92220,25 G,29339979,18,
Fine & Research Chemicals,"Na-Fmoc-L-tryptophan, 98%*",,35737-15-6,MolBio,92220,100 G,29339979,18,
Fine & Research Chemicals,"Na-Fmoc-L-tyrosine, 98%*",,92954-90-0,MolBio,92222,5 G,29242971,18,
Fine & Research Chemicals,"Na-Fmoc-L-tyrosine, 98%*",,92954-90-0,MolBio,92222,25 G,29242971,18,
Fine & Research Chemicals,"Na-Fmoc-Ne-boc-L-lysine, 98%*",,71989-26-9,MolBio,92210,25 G,29242970,18,
Fine & Research Chemicals,"Na-Fmoc-Ne-boc-L-lysine, 98%*",,71989-26-9,MolBio,92210,100 G,29242970,18,
Fine & Research Chemicals,"Na-Boc-L-lysine, 99%*",,2418-95-3,MolBio,92089,5 G,29224100,18,
Fine & Research Chemicals,"Na-Boc-L-lysine, 99%*",,2418-95-3,MolBio,92089,25 G,29224100,18,
Fine & Research Chemicals,"o-Anisidine, 98%",,90-04-0,Synthesis,91906,100 G,29222900,18,
Fine & Research Chemicals,"o-Anisidine, 98%",,90-04-0,Synthesis,91906,500 G,29222900,18,
Fine & Research Chemicals,o-Cresol,,95-48-7,AR,90284,500 ML,29071200,18,
Fine & Research Chemicals,Octadecyltrimethylammonium chloride,,112-03-8,LR,92777,500 G,29239000,18,
Fine & Research Chemicals,Octadecyltrimethylammonium chloride,,112-03-8,LR,92777,1 KG,29239000,18,
Fine & Research Chemicals,1-Octane sulphonic acid sodium salt anhydrous,,5324-84-5,HPLC,90037,25 G,29041090,18,
Fine & Research Chemicals,1-Octane sulphonic acid sodium salt anhydrous 1-Octane sulphonic acid sodium salt,,5324-84-5,HPLC,90037,100 G,29041090,18,
Fine & Research Chemicals,monohydrate 1-Octane sulphonic acid sodium salt,,207596-29-0,HPLC,90038,25 G,29041090,18,
Fine & Research Chemicals,monohydrate,,207596-29-0,HPLC,90038,100 G,29041090,18,
Fine & Research Chemicals,"1-Octane, 98%",,111-65-9,AR,91554,100 ML,29033990,5,
Fine & Research Chemicals,"1-Octane, 98% *Store at 2-8 o C",,111-65-9,AR,91554,500 ML,29033990,5,
Fine & Research Chemicals,"Octanoic acid, 98%",,124-07-2,Synthesis,92474,500 ML,29159090,18,
Fine & Research Chemicals,1-Octanol,,111-87-5,HPLC,90094,1 L,29051690,18,
Fine & Research Chemicals,1-Octene,,111-66-0,AR,96106,1 ML,29012990,18,
Fine & Research Chemicals,1-Octene,,111-66-0,AR,96106,5 ML,29012990,18,
Fine & Research Chemicals,Oleic acid,,112-80-1,LR,93340,500 ML,38231200,18,
Fine & Research Chemicals,"1,2-Phenylenediamine, 98%",,95-54-5,Synthesis,91907,100 G,29215110,18,
Fine & Research Chemicals,"1,2-Phenylenediamine, 98%",,95-54-5,Synthesis,91907,500 G,29215110,18,
Fine & Research Chemicals,Oracet Blue B indicator,,12769-16-3,Indicator,94224,5 G,32041975,18,
Fine & Research Chemicals,Oracet Blue B indicator,,12769-16-3,Indicator,94224,100 G,28342990,18,
Fine & Research Chemicals,Orange G (Biological stain),,1936-15-8,Stain,94201,25 G,32049000,18,
Fine & Research Chemicals,"Orthophosphoric acid, 65%",,7664-38-2,LR,93552,5 L,28092010,18,
Fine & Research Chemicals,"Orthophosphoric acid, 75 %",,7664-38-2,AR,93547,2.5 L,28092010,18,
Fine & Research Chemicals,"Orthophosphoric acid, 85%",,7664-38-2,HPLC,90039,100 ML,28092010,18,
Fine & Research Chemicals,"Orthophosphoric acid, 85%",,7664-38-2,HPLC,90039,500 ML,28092010,18,
Fine & Research Chemicals,"Orthophosphoric acid, 85%",,7664-38-2,HPLC,90039,1 L,28092010,18,
Fine & Research Chemicals,"Orthophosphoric acid, 85%",,7664-38-2,AR,96070,500 ML,28092010,18,
Fine & Research Chemicals,"Orthophosphoric acid, 85%",,7664-38-2,MolBio,92655,250 ML,28092010,18,
Fine & Research Chemicals,"Orthophosphoric acid, 85%",,7664-38-2,LR,90478,500 ML,28092010,18,
Fine & Research Chemicals,"Orthophosphoric acid, 85%",,7664-38-2,LR,90478,2.5 L,28092010,18,
Fine & Research Chemicals,"Orthophosphoric acid, 85%",,7664-38-2,LR,90478,5 L,28092010,18,
Fine & Research Chemicals,"Orthophosphoric acid, 85% (ampoules)",,7664-38-2,HPLC,90039,5x3 ML,28092010,18,
Fine & Research Chemicals,"Orthophosphoric acid, 88%",,7664-38-2,AR,90198,100 ML,28092010,18,
Fine & Research Chemicals,"Orthophosphoric acid, 88%",,7664-38-2,AR,90198,500 ML,28092010,18,
Fine & Research Chemicals,"Orthophosphoric acid, 88%",,7664-38-2,AR,90198,2.5 L,28092010,18,
Fine & Research Chemicals,"Orthophosphoric acid, 88%",,7664-38-2,AR,90198,5 L,28092010,18,
Fine & Research Chemicals,"Orthophosphoric acid, 88%",,7664-38-2,LR,90477,500 ML,28092010,18,
Fine & Research Chemicals,"Orthophosphoric acid, 88%",,7664-38-2,LR,90477,2.5 L,28092010,18,
Fine & Research Chemicals,"Orthophosphoric acid, 88%",,7664-38-2,LR,90477,5 L,28092010,18,
Fine & Research Chemicals,Osmic acid,,20816-12-0,AR,93524,1 G,28259090,18,
Fine & Research Chemicals,o-Tolidine reagent,,,LR,90480,500 ML,29215990,18,
Fine & Research Chemicals,"o-Tolidine, 98% (powder)",,119-93-7,LR,90919,500 G,28092010,18,
Fine & Research Chemicals,o-Toluenesulphonamide,,88-19-7,GC,99050,100 G,29350090,18,
Fine & Research Chemicals,"o-Toluenesulphonamide, 98%",,88-19-7,Synthesis,90991,100 G,29350090,18,
Fine & Research Chemicals,"o-Toluenesulphonamide, 98%",,88-19-7,Synthesis,90991,500 G,29350090,18,
Fine & Research Chemicals,o-Toluidine,,95-53-4,LR,93155,500 ML,29214330,18,
Fine & Research Chemicals,Oxalic acid (N/10),,,CVS,97011,6 AMP,29171110,18,
Fine & Research Chemicals,Oxalic acid dihydrate,,6153-56-6,AR,90199,500 G,29171110,18,
Fine & Research Chemicals,Oxalic acid dihydrate,,6153-56-6,LR,90481,500 G,29171110,18,
Fine & Research Chemicals,Oxalyl chloride,,79-37-8,LR,93017,100 G,29171990,18,
Fine & Research Chemicals,Oxobutanamide (Acetoacetamide),,5977-14-0,AR,92662,1 KG,29242990,18,
Fine & Research Chemicals,o-Xylene,,95-47-6,GC,94261,250 ML,29024400,18,
Fine & Research Chemicals,o-Xylene,,95-47-6,GC,94261,500 ML,29024400,18,
Fine & Research Chemicals,o-Xylene,,95-47-6,GC,94261,1 L,29024400,18,
Fine & Research Chemicals,o-Xylene,,95-47-6,AR,96003,500 ML,29024400,18,
Fine & Research Chemicals,o-Xylene,,95-47-6,AR,96003,2.5 L,29024100,5,
Fine & Research Chemicals,o-Xylene,,95-47-6,LR,91831,500 ML,29024400,18,
Fine & Research Chemicals,Palladium on activated charcoal 5%,,,LR,93151,10 G,38151210,18,
Fine & Research Chemicals,Palladium oxide,,1314-08-5,LR,93386,1 G,28439019,18,
Fine & Research Chemicals,Palladium(II) chloride,,2099324,AR,90200,1 G,28273990,18,
Fine & Research Chemicals,Palladium(II) chloride,,2099324,LR,90482,1 G,28273990,18,
Fine & Research Chemicals,Pancreatin,,8049-47-6,MolBio,92437,100 G,35079020,18,
Fine & Research Chemicals,P-anisidine,,104-94-9,LR,93302,250 G,29222900,18,
Fine & Research Chemicals,Papanicolaou's stain 1A solution,,,Stain,94213,125 ML,32041990,18,
Fine & Research Chemicals,Papanicolaou's stain 2B solution,,,Stain,94214,125 ML,32041990,18,
Fine & Research Chemicals,Papanicolaou's stain 3B solution,,,Stain,94215,125 ML,32041990,18,
Fine & Research Chemicals,Para chloro benzoyl chloride,,122-01-0,LR,93595,100 G,29163990,18,
Fine & Research Chemicals,Paraffin wax 58ºC-60ºC,,8002-74-2,LR,90483,500 G,27122090,18,
Fine & Research Chemicals,Paraffin wax 60ºC-62ºC,,8002-74-2,LR,90485,500 G,27122090,18,
Fine & Research Chemicals,Paraffin wax 60ºC-62ºC,,8002-74-2,LR,90485,2 KG,27122090,18,
Fine & Research Chemicals,Paraformaldehyde,,30525-89-4,LR,93012,500 G,29126000,18,
Fine & Research Chemicals,p-Cresol,,106-44-5,LR,93405,500 ML,29071200,18,
Fine & Research Chemicals,Pectin,,9000-69-5,Synthesis,92892,100 G,13022000,18,
Fine & Research Chemicals,Pentadecane,,629-62-9,GC,99034,5 ML,29011000,18,
Fine & Research Chemicals,1-Pentadecanol,,629-76-5,AR,93592,5 G,29051900,18,
Fine & Research Chemicals,1-Pentane sulphonic acid sodium salt anhydrous,,22767-49-3,HPLC,90040,25 G,29041090,18,
Fine & Research Chemicals,1-Pentane sulphonic acid sodium salt anhydrous 1-Pentane sulphonic acid sodium salt,,22767-49-3,HPLC,90040,100 G,29041090,18,
Fine & Research Chemicals,monohydrate 1-Pentane sulphonic acid sodium salt,,207605-40-1,HPLC,90041,25 G,29041090,18,
Fine & Research Chemicals,monohydrate,,207605-40-1,HPLC,90041,100 G,29041090,18,
Fine & Research Chemicals,"Pentanoic acid, 99% (n-Valeric acid)",,109-52-4,Synthesis,92017,250 ML,29156020,18,
Fine & Research Chemicals,"1-Pentanol 99%, (n-amyl alcohol)",,71-41-0,GC,99002,1 L,29051900,18,
Fine & Research Chemicals,3-Pentanone (Diethyl ketone),,96-22-0,LR,93537,500 ML,29147090,18,
Fine & Research Chemicals,1-Pentene,,109-67-1,AR,96107,1 ML,29012990,18,
Fine & Research Chemicals,1-Pentene,,109-67-1,AR,96107,5 ML,29012990,18,
Fine & Research Chemicals,Pepsin 1:10000,,9001-75-6,MolBio,92438,25 G,35079030,18,
Fine & Research Chemicals,Pepsin 1:3000,,9001-75-6,MolBio,90986,100 G,35079030,18,
Fine & Research Chemicals,Peptone (Bacteriological grade),,91079-40-2,LR,92628,500 G,35019000,18,
Fine & Research Chemicals,Peptone granular,,73049-73-7,LR,93459,500 G,35040010,18,
Fine & Research Chemicals,Peptone granular,,73049-73-7,LR,93459,5 KG,35040010,18,
Fine & Research Chemicals,Peracetic acid,,79-21-0,LR,93170,500 ML,29153990,18,
Fine & Research Chemicals,Peracetic acid,,79-21-0,LR,93170,2.5 L,29153990,18,
Fine & Research Chemicals,Peracetic acid,,79-21-0,LR,93170,5 L,29153990,18,
Fine & Research Chemicals,Perchloric acid 0.1 N aqueous solution,,7601-90-3,LR,91702,500 ML,28112990,18,
Fine & Research Chemicals,Perchloric acid 0.1 N aqueous solution,,7601-90-3,LR,91702,2.5 L,28112990,18,
Fine & Research Chemicals,Perchloric acid 2.0 N aqueous solution,,7601-90-3,LR,91741,500 ML,28112990,18,
Fine & Research Chemicals,Perchloric acid 60%,,7601-90-3,MolBio,92622,100 ML,28112990,18,
Fine & Research Chemicals,Perchloric acid 60%,,7601-90-3,MolBio,92622,500 ML,28112990,18,
Fine & Research Chemicals,Perchloric acid 60-62%,,7601-90-3,AR,90201,500 ML,28111990,18,
Fine & Research Chemicals,Perchloric acid 69-72%,,7601-90-3,ACS,91627,500 ML,28111990,18,
Fine & Research Chemicals,Perchloric acid 71-73%,,7601-90-3,AR,90202,500 ML,28112990,18,
Fine & Research Chemicals,Perchloric acid 71-73%,,7601-90-3,AR,90202,2.5 L,28112990,18,
Fine & Research Chemicals,Perchloric acid 71-73% (for diamond industry),,7601-90-3,AR,90203,500 ML,28112990,18,
Fine & Research Chemicals,"Periodic acid, 99%",,10450-60-9,Synthesis,92404,100 G,28111990,18,
Fine & Research Chemicals,"3,4,9,10-Perylenetetracarboxylic diimide",,81-33-4,Synthesis,92585,10 G,29337900,18,
Fine & Research Chemicals,Petroleum ether 40-60 o C,,8032-32-4,SG,96507,500 ML,27101990,18,
Fine & Research Chemicals,Petroleum ether 40-60 o C,,8032-32-4,HPLC,90042,1 L,27101212,18,
Fine & Research Chemicals,Petroleum ether 40-60 o C,,8032-32-4,AR,90204,500 ML,27101212,18,
Fine & Research Chemicals,Petroleum ether 40-60 o C,,8032-32-4,AR,90204,2.5 L,27101212,18,
Fine & Research Chemicals,Petroleum ether 40-60 o C,,8032-32-4,LR,90486,500 ML,27101212,18,
Fine & Research Chemicals,Petroleum ether 40-60 o C,,8032-32-4,LR,90486,2.5 L,27101212,18,
Fine & Research Chemicals,Petroleum ether 60-80 o C,,8032-32-4,GC,99121,500 ML,27101990,18,
Fine & Research Chemicals,Petroleum ether 60-80 o C,,8032-32-4,AR,90205,500 ML,27101212,18,
Fine & Research Chemicals,Petroleum ether 60-80 o C,,8032-32-4,AR,90205,1 L,27101212,18,
Fine & Research Chemicals,Petroleum ether 60-80 o C,,8032-32-4,AR,90205,2.5 L,27101212,18,
Fine & Research Chemicals,Petroleum ether 60-80 o C,,8032-32-4,LR,90487,500 ML,27101212,18,
Fine & Research Chemicals,Petroleum ether 60-80 o C,,8032-32-4,LR,90487,2.5 L,27101212,18,
Fine & Research Chemicals,Petroleum ether 80-100 o C,,8032-32-4,LR,90488,500 ML,28342920,18,
Fine & Research Chemicals,"1,10-Phenanthroline monohydrate",,5144-89-8,AR,90911,5 G,29163990,18,
Fine & Research Chemicals,"1,10-Phenanthroline monohydrate",,5144-89-8,AR,90911,100 G,29163990,18,
Fine & Research Chemicals,Phenanthroline solution,,5144-89-8,LR,94239,500 ML,29339900,18,
Fine & Research Chemicals,Phenol,,108-95-2,AR,90206,500 G,29071110,18,
Fine & Research Chemicals,Phenol,,108-95-2,LR,90489,500 G,29071110,18,
Fine & Research Chemicals,Phenol red indicator powder,,143-74-8,Indicator,91799,25 G,29349900,18,
Fine & Research Chemicals,Phenol red indicator solution,,143-74-8,Indicator,94216,125 ML,38220000,18,
Fine & Research Chemicals,Phenolphthalein Indicator solution,,77-09-8,Indicator,94176,125 ML,29322090,18,
Fine & Research Chemicals,Phenolphthalein powder,,77-09-8,Indicator,91778,100 G,29322910,18,
Fine & Research Chemicals,Phenolphthalein powder,,77-09-8,Indicator,91778,500 G,29322910,18,
Fine & Research Chemicals,2-Phenoxyethanol,,122-99-6,AR,92415,2.5 L,29094900,18,
Fine & Research Chemicals,2-Phenoxyethanol,,122-99-6,AR,92415,5 L,29094900,18,
Fine & Research Chemicals,2-Phenoxyethanol,,122-99-6,LR,90912,2.5 L,29094900,18,
Fine & Research Chemicals,Phenyl hydrazine,,100-63-0,LR,93045,500 ML,29280090,18,
Fine & Research Chemicals,Phenyl mercuric nitrate,,8003-05-2,AR,96101,100 G,28521000,18,
Fine & Research Chemicals,Phenyl mercury acetate,,62-38-4,LR,93300,500 G,29152990,18,
Fine & Research Chemicals,Phenyl phosphate disodium salt,,3279-54-7,Synthesis,93244,100 G,29199090,18,
Fine & Research Chemicals,"Phenylboronic acid, 98%",,98-80-6,Synthesis,90956,100 G,29319090,18,
Fine & Research Chemicals,"Phenylboronic acid, 98%",,98-80-6,Synthesis,90956,500 G,29319090,18,
Fine & Research Chemicals,"2-Phenylethylamine, 99%",,64-04-0,LR,92919,250 ML,29214990,18,
Fine & Research Chemicals,"Phenylmercuric nitrate Phenylmethanesulfonyl fluoride, 99%",,8003-05-2,LR,93205,100 G,28521000,18,
Fine & Research Chemicals,for Biochemistry,,329-98-6,MolBio,92603,5 G,29041090,18,
Fine & Research Chemicals,"1-Phenylpiperazine, 98%",,92-54-6,Synthesis,90966,100 G,29335995,18,
Fine & Research Chemicals,"1-Phenylpiperazine, 98%",,92-54-6,Synthesis,90966,500 G,29335995,18,
Fine & Research Chemicals,"Phloroglucinol (1,3,5-Trihydroxybenzene)",,108-73-6,Synthesis,90958,100 G,38220090,18,
Fine & Research Chemicals,Phosphomolybedic acid,,51429-74-4,Synthesis,93417,100 G,28111990,18,
Fine & Research Chemicals,Phosphorous acid,,13598-36-2,LR,92425,500 G,28092010,18,
Fine & Research Chemicals,Phosphorous oxychloride,,10025-87-3,Synthesis,92471,500 ML,28121030,18,
Fine & Research Chemicals,Phosphorous pentoxide,,1314-56-3,AR,91533,500 G,28091000,18,
Fine & Research Chemicals,Phosphorous pentoxide,,1314-56-3,LR,93015,500 G,28091000,18,
Fine & Research Chemicals,Phosphorous red,,7723-14-0,AR,90280,100 G,28047020,18,
Fine & Research Chemicals,Phosphorous red,,7723-14-0,AR,90280,500 G,28047020,18,
Fine & Research Chemicals,Phosphorous red,,7723-14-0,LR,90490,100 G,28047020,18,
Fine & Research Chemicals,Phosphorous red,,7723-14-0,LR,90490,500 G,28047020,18,
Fine & Research Chemicals,"Phosphorous tribromide, 98%",,7789-60-8,Synthesis,91963,100 ML,29291090,18,
Fine & Research Chemicals,Phosphorous trichloride,,7719-12-2,LR,93069,500 ML,28129000,18,
Fine & Research Chemicals,Phosphotungstic acid,,12501-23-4,LR,96065,100 G,28091000,18,
Fine & Research Chemicals,Phthalic anhydride,,85-44-9,LR,93564,500 G,29173500,18,
Fine & Research Chemicals,"Phthalimide, 98%",,85-41-6,LR,91880,500 G,29251995,18,
Fine & Research Chemicals,"Pipecolinic acid, 98%",,535-75-1,MolBio,92138,25 G,29333990,18,
Fine & Research Chemicals,"Piperazine anhydrous, 99%",,110-85-0,Synthesis,91921,250 G,29335990,18,
Fine & Research Chemicals,Piperazine hexahydrate,,142-63-2,AR,96030,500 G,29335990,18,
Fine & Research Chemicals,"Piperidine hydrochloride, 99%",,6091-44-7,Synthesis,91920,100 G,29420090,18,
Fine & Research Chemicals,"Piperidine, 99%",,110-89-4,GC,94065,250 ML,29333200,18,
Fine & Research Chemicals,"Piperidine, 99%",,110-89-4,GC,94065,500 ML,29333200,18,
Fine & Research Chemicals,"Piperidine, 99%",,110-89-4,GC,94065,1 L,29333200,18,
Fine & Research Chemicals,"Piperidine, 99%",,110-89-4,Synthesis,91922,250 ML,29333200,18,
Fine & Research Chemicals,4-Piperidinopiperidine,,4897-50-1,Synthesis,90916,100 G,29333990,18,
Fine & Research Chemicals,"Pivaloyl chloride, 99%",,3282-30-2,Synthesis,92001,250 ML,29159070,18,
Fine & Research Chemicals,Polyethylene glycol 200,,25322-68-3,LR,90492,500 ML,29053900,18,
Fine & Research Chemicals,Polyethylene glycol 300,,25322-68-3,LR,93204,500 ML,39072000,18,
Fine & Research Chemicals,Polyethylene glycol 400,,25322-68-3,LR,90493,500 ML,29053900,18,
Fine & Research Chemicals,Polyethylene glycol 600,,25322-68-3,LR,93028,500 ML,29161400,18,
Fine & Research Chemicals,Polyethylene glycol 1500,,25322-68-3,LR,90491,500 G,29053900,18,
Fine & Research Chemicals,Polyethylene glycol 4000,,25322-68-3,LR,90494,500 G,29053900,18,
Fine & Research Chemicals,Polyethylene glycol 6000,,25322-68-3,LR,90495,500 G,29053900,18,
Fine & Research Chemicals,Polyethylene glycol 8000,,25322-68-3,LR,93539,500 G,29161400,18,
Fine & Research Chemicals,Polysorbate 20 (Tween 20),,9005-64-5,LR,90606,500 ML,28352200,18,
Fine & Research Chemicals,Polysorbate 80 (Tween 80),,9005-65-6,LR,91845,100 ML,8352200,18,
Fine & Research Chemicals,Polysorbate 80 (Tween 80),,9005-65-6,LR,91845,500 ML,8352200,18,
Fine & Research Chemicals,Polysorbate 80 (Tween 80),,9005-65-6,LR,91845,5 L,8352200,18,
Fine & Research Chemicals,"Polyvinyl alcohol, 98%",,9002-89-5,Synthesis,91911,500 G,39059900,18,
Fine & Research Chemicals,Polyvinyl chloride,,9002-86-2,LR,93137,500 G,39042210,18,
Fine & Research Chemicals,Polyvinyl pyrrolidone,,9003-39-8,LR,93299,250 G,39059990,18,
Fine & Research Chemicals,Potassiuim thiocyanate 1N solution,,333-20-0,LR,97175,1 L,38220090,12,
Fine & Research Chemicals,Potassium acetate,,127-08-2,LR,90496,500 G,29152990,18,
Fine & Research Chemicals,Potassium antimony tartarate,,28300-74-5,LR,93184,250 G,29181390,18,
Fine & Research Chemicals,Potassium bromate,,7758-01-2,AR,91536,500 G,28299020,18,
Fine & Research Chemicals,Potassium bromide,,7758-02-3,AR,90207,500 G,28275120,18,
Fine & Research Chemicals,Potassium bromide,,7758-02-3,LR,90497,500 G,28275120,18,
Fine & Research Chemicals,Potassium bromide for Infrared Spectroscopy,,7758-02-3,IR,90701,100 G,28275120,18,
Fine & Research Chemicals,Potassium carbonate anhydrous,,584-08-7,ACS,91607,500 G,28364000,18,
Fine & Research Chemicals,Potassium carbonate anhydrous,,584-08-7,AR,90208,500 G,28364000,18,
Fine & Research Chemicals,Potassium carbonate anhydrous,,584-08-7,LR,90498,500 G,28364000,18,
Fine & Research Chemicals,Potassium chloride,,7447-40-7,AR,90209,500 G,28273990,18,
Fine & Research Chemicals,Potassium chloride,,7447-40-7,AR,90209,5 KG,28273990,18,
Fine & Research Chemicals,Potassium chloride,,7447-40-7,LR,90499,500 G,28273990,18,
Fine & Research Chemicals,Potassium chloride for Infrared Spectroscopy,,7447-40-7,IR,94151,100 G,28273990,18,
Fine & Research Chemicals,Potassium chloroplatinate,,16921-30-5,LR,90500,1 G,28439020,18,
Fine & Research Chemicals,Potassium chromate,,7789-00-6,AR,90210,500 G,28415090,18,
Fine & Research Chemicals,Potassium chromate,,7789-00-6,LR,90501,500 G,28415090,18,
Fine & Research Chemicals,Potassium citrate monohydrate,,6100-05-6,AR,90264,500 G,29181510,18,
Fine & Research Chemicals,Potassium citrate monohydrate,,6100-05-6,LR,90583,500 G,29181510,18,
Fine & Research Chemicals,Potassium dichromate,,7778-50-9,AR,90211,500 G,28415090,18,
Fine & Research Chemicals,Potassium dichromate,,7778-50-9,AR,90211,5 KG,28415090,18,
Fine & Research Chemicals,Potassium dichromate,,7778-50-9,LR,90502,500 G,28415090,18,
Fine & Research Chemicals,Potassium dichromate (N/10) CVS,,7778-50-9,CVS,97004,6 AMP,28415090,18,
Fine & Research Chemicals,Potassium ferricyanide,,13746-66-2,LR,90503,500 G,28372020,18,
Fine & Research Chemicals,Potassium ferrocyanide trihydrate,,14459-95-1,AR,90212,500 G,28372030,18,
Fine & Research Chemicals,Potassium ferrocyanide trihydrate,,14459-95-1,LR,90504,500 G,28372030,18,
Fine & Research Chemicals,Potassium fluoride,,7789-23-3,AR,90213,500 G,28261990,18,
Fine & Research Chemicals,Potassium fluoride,,7789-23-3,LR,90505,500 G,28261990,18,
Fine & Research Chemicals,Potassium gluconate,,299-27-4,AR,96050,50 G,29181600,18,
Fine & Research Chemicals,Potassium hexacyanocobaltate (III),,13963-58-1,LR,93393,250 G,28419000,18,
Fine & Research Chemicals,Potassium hydrogen carbonate,,298-14-6,LR,90506,500 G,28364000,18,
Fine & Research Chemicals,Potassium hydrogen phthalate,,877-24-7,AR,90214,500 G,29173990,18,
Fine & Research Chemicals,Potassium hydrogen phthalate,,877-24-7,LR,90507,500 G,29173990,18,
Fine & Research Chemicals,Potassium hydrogen sulphate,,7646-93-7,LR,90508,500 G,28332990,18,
Fine & Research Chemicals,Potassium hydroxide 1 N solution,,1310-58-3,AR,97029,1 L,28152000,18,
Fine & Research Chemicals,Potassium hydroxide 30% solution,,1310-58-3,LR,97034,500 ML,28152000,18,
Fine & Research Chemicals,Potassium hydroxide 50% solution,,1310-58-3,LR,93527,500 ML,28152000,18,
Fine & Research Chemicals,Potassium hydroxide flakes,,1310-58-3,LR,90755,500 G,28152000,18,
Fine & Research Chemicals,Potassium hydroxide flakes,,1310-58-3,LR,90755,5 KG,28152000,18,
Fine & Research Chemicals,Potassium hydroxide in alc. solution (0.1 N),,,AR,97017,500 ML,28152000,18,
Fine & Research Chemicals,Potassium hydroxide in alc. solution (0.5 N),,,AR,97015,500 ML,28152000,5,
Fine & Research Chemicals,Potassium hydroxide pellets,,1310-58-3,ACS,91658,500 G,28152000,18,
Fine & Research Chemicals,Potassium hydroxide pellets,,1310-58-3,AR,90215,500 G,28152000,18,
Fine & Research Chemicals,Potassium hydroxide pellets,,1310-58-3,AR,90215,5 KG,28152000,18,
Fine & Research Chemicals,Potassium hydroxide pellets,,1310-58-3,LR,90509,500 G,28152000,18,
Fine & Research Chemicals,Potassium hydroxide pellets,,1310-58-3,LR,90509,5 KG,28152000,18,
Fine & Research Chemicals,Potassium iodate,,7758-05-6,AR,90216,100 G,28299030,18,
Fine & Research Chemicals,Potassium iodate,,7758-05-6,LR,90510,100 G,28299030,18,
Fine & Research Chemicals,Potassium iodide,,7681-11-0,AR,90217,100 G,28276010,18,
Fine & Research Chemicals,Potassium iodide,,7681-11-0,AR,90217,250 G,28276010,18,
Fine & Research Chemicals,Potassium iodide,,7681-11-0,AR,90217,500 G,28276010,18,
Fine & Research Chemicals,Potassium iodide,,7681-11-0,LR,90756,100 G,28276010,18,
Fine & Research Chemicals,Potassium iodide,,7681-11-0,LR,90756,250 G,28276010,18,
Fine & Research Chemicals,Potassium iodide,,7681-11-0,LR,90756,500 G,28276010,18,
Fine & Research Chemicals,Potassium iodobismuthate,,41944-01-8,LR,93426,100 G,28152000,18,
Fine & Research Chemicals,Potassium metabisulphite,,16731-55-8,AR,90218,500 G,28322010,18,
Fine & Research Chemicals,Potassium metabisulphite,,16731-55-8,LR,90511,500 G,28322010,18,
Fine & Research Chemicals,"Potassium metaperiodate, 99%",,7790-21-8,LR,92366,100 G,28299020,18,
Fine & Research Chemicals,"Potassium metaperiodate, 99%",,7790-21-8,LR,92366,500 G,28299020,18,
Fine & Research Chemicals,"Potassium methoxide, 95%",,865-33-8,Synthesis,91909,100 G,29051490,18,
Fine & Research Chemicals,"Potassium methoxide, 95%",,865-33-8,Synthesis,91909,500 G,29051490,18,
Fine & Research Chemicals,Potassium nitrate,,7757-79-1,AR,90219,500 G,28342100,18,
Fine & Research Chemicals,Potassium nitrate,,7757-79-1,LR,90512,500 G,28342100,18,
Fine & Research Chemicals,Potassium nitrate,,7757-79-1,LR,90512,5 KG,28342100,18,
Fine & Research Chemicals,Potassium oxalate,,6487-48-5,AR,91567,500 G,29171190,18,
Fine & Research Chemicals,Potassium permanganate (crystals),,7722-64-7,AR,90220,500 G,28416100,18,
Fine & Research Chemicals,Potassium permanganate (crystals),,7722-64-7,LR,90513,500 G,28416100,18,
Fine & Research Chemicals,Potassium permanganate (crystals),,7722-64-7,LR,90513,5 KG,28416100,18,
Fine & Research Chemicals,Potassium permanganate (N/10) CVS,,7722-64-7,CVS,97005,6 AMP,28416100,18,
Fine & Research Chemicals,Potassium persulphate,,7727-21-1,AR,90221,500 G,28334000,18,
Fine & Research Chemicals,Potassium persulphate Potassium phosphate dibasic anhydrous,,7727-21-1,LR,90514,500 G,28334000,18,
Fine & Research Chemicals,(Dipotassium hydrogen orthophosphate anhydrous) Potassium phosphate dibasic anhydrous,,7758-11-04,AR,90222,500 G,28352400,18,
Fine & Research Chemicals,(Dipotassium hydrogen orthophosphate anhydrous) Potassium phosphate monobasic anhydrous,,7758-11-04,LR,90515,500 G,28352400,18,
Fine & Research Chemicals,(Potassium dihydrogen orthophosphate anhydrous) Potassium phosphate monobasic anhydrous,,7778-77-0,HPLC,90043,500 G,28352400,18,
Fine & Research Chemicals,(Potassium dihydrogen orthophosphate anhydrous) Potassium phosphate monobasic anhydrous,,7778-77-0,AR,90223,500 G,28352400,18,
Fine & Research Chemicals,(Potassium dihydrogen orthophosphate anhydrous) Potassium phosphate monobasic anhydrous,,7778-77-0,LR,90516,500 G,28352400,18,
Fine & Research Chemicals,(Potassium dihydrogen orthophosphate anhydrous),,7778-77-0,LR,90516,5 KG,28352400,18,
Fine & Research Chemicals,Potassium pyroantimonate,,12208-13-8,LR,93369,100 G,28419000,18,
Fine & Research Chemicals,Potassium sodium tartrate tetrahydrate,,6381-59-5,AR,90224,500 G,29181310,18,
Fine & Research Chemicals,Potassium sodium tartrate tetrahydrate,,6381-59-5,LR,90517,500 G,29181390,18,
Fine & Research Chemicals,Potassium sorbate,,24634-61-5,AR,91599,100 G,29161910,18,
Fine & Research Chemicals,Potassium sorbate,,24634-61-5,AR,91599,500 G,29161910,18,
Fine & Research Chemicals,Potassium sorbate Potassium stannate trihydrate,,24634-61-5,LR,90674,500 G,29163110,18,
Fine & Research Chemicals,(Potassium Tin (iv) Oxide),,12125-03-0,LR,93612,500 G,28429090,18,
Fine & Research Chemicals,Potassium sulphate,,7778-80-5,AR,91504,500 G,31043000,18,
Fine & Research Chemicals,Potassium sulphate,,7778-80-5,LR,90518,500 G,31043000,18,
Fine & Research Chemicals,Potassium tert-butoxide 99%,,865-47-4,LR,92555,5 KG,29051990,18,
Fine & Research Chemicals,"Potassium tert-butoxide, 98%",,865-47-4,Synthesis,92410,250 G,29051990,18,
Fine & Research Chemicals,"Potassium tert-butoxide, 98%",,865-47-4,Synthesis,92410,500 G,29051990,18,
Fine & Research Chemicals,Potassium thiocyanate,,333-20-0,AR,90225,500 G,28372090,18,
Fine & Research Chemicals,Potassium thiocyanate,,333-20-0,LR,90519,500 G,28372090,18,
Fine & Research Chemicals,p-Phenylendiamine,,106-50-3,LR,93292,250 G,29215130,18,
Fine & Research Chemicals,"Procaine hydrochloride, 97%",,51-05-8,MolBio,90948,50 G,29222990,18,
Fine & Research Chemicals,"Procaine hydrochloride, 97%",,51-05-8,MolBio,90948,100 G,29222990,18,
Fine & Research Chemicals,Propan-1-ol,,71-23-8,HPLC,90057,1 L,29051220,18,
Fine & Research Chemicals,Propan-1-ol,,71-23-8,HPLC,90057,2.5 L,29051220,18,
Fine & Research Chemicals,Propan-1-ol,,71-23-8,GC,94044,250 ML,29051220,18,
Fine & Research Chemicals,Propan-1-ol,,71-23-8,GC,94044,500 ML,29051220,18,
Fine & Research Chemicals,Propan-1-ol,,71-23-8,GC,94044,1 L,29051220,18,
Fine & Research Chemicals,Propan-1-ol,,71-23-8,ACS,91648,500 ML,29051220,18,
Fine & Research Chemicals,Propan-1-ol,,71-23-8,ACS,91648,2.5 L,29051220,18,
Fine & Research Chemicals,Propan-1-ol,,71-23-8,DRYSOLV,90730,500 ML,29051220,18,
Fine & Research Chemicals,Propan-1-ol,,71-23-8,LR,91815,500 ML,29051220,18,
Fine & Research Chemicals,Propan-1-ol,,71-23-8,LR,91815,2.5 L,29051220,18,
Fine & Research Chemicals,Propan-2-ol (Isopropyl alcohol),,67-63-0,LC-MS,90096,1 L,29051220,18,
Fine & Research Chemicals,Propan-2-ol (Isopropyl alcohol),,67-63-0,HPLC,90044,1 L,29051220,18,
Fine & Research Chemicals,Propan-2-ol (Isopropyl alcohol),,67-63-0,HPLC,90044,2.5 L,29051220,18,
Fine & Research Chemicals,Propan-2-ol (Isopropyl alcohol),,67-63-0,EL,90733,2.5 L,29051220,18,
Fine & Research Chemicals,Propan-2-ol (Isopropyl alcohol),,67-63-0,GC-MS,99504,100 ML,29051220,18,
Fine & Research Chemicals,Propan-2-ol (Isopropyl alcohol),,67-63-0,GC-MS,99504,1 L,29051220,18,
Fine & Research Chemicals,Propan-2-ol (Isopropyl alcohol),,67-63-0,GC,94047,250 ML,29051220,18,
Fine & Research Chemicals,Propan-2-ol (Isopropyl alcohol),,67-63-0,GC,94047,500 ML,29051220,18,
Fine & Research Chemicals,Propan-2-ol (Isopropyl alcohol),,67-63-0,GC,94047,1 L,29051220,18,
Fine & Research Chemicals,Propan-2-ol (Isopropyl alcohol),,67-63-0,ACS,91635,500 ML,29051220,18,
Fine & Research Chemicals,Propan-2-ol (Isopropyl alcohol),,67-63-0,ACS,91635,1 L,29051220,18,
Fine & Research Chemicals,Propan-2-ol (Isopropyl alcohol),,67-63-0,ACS,91635,2.5 L,29051220,18,
Fine & Research Chemicals,Propan-2-ol (Isopropyl alcohol),,67-63-0,DRYSOLV,90897,500 ML,29051220,18,
Fine & Research Chemicals,Propan-2-ol (Isopropyl alcohol),,67-63-0,DRYSOLV,90897,1 L,29051220,18,
Fine & Research Chemicals,Propan-2-ol (Isopropyl alcohol),,67-63-0,MolBio,92615,100 ML,29051220,18,
Fine & Research Chemicals,Propan-2-ol (Isopropyl alcohol),,67-63-0,AR,90226,500 ML,29051220,18,
Fine & Research Chemicals,Propan-2-ol (Isopropyl alcohol),,67-63-0,AR,90226,2.5 L,29051220,18,
Fine & Research Chemicals,Propan-2-ol (Isopropyl alcohol),,67-63-0,LR,90520,500 ML,29051220,18,
Fine & Research Chemicals,Propan-2-ol (Isopropyl alcohol),,67-63-0,LR,90520,2.5 L,29051220,18,
Fine & Research Chemicals,Propan-2-ol (Isopropyl alcohol),,67-63-0,LR,90520,5 L,29051220,18,
Fine & Research Chemicals,Propan-2-ol (Isopropyl alcohol),,67-63-0,LN,94264,2.5 L,29051220,18,
Fine & Research Chemicals,Propan-2-ol (Isopropyl alcohol),,67-63-0,LCN™ Tested)94351-2.5,L,,29051220,18,
Fine & Research Chemicals,Propan-2-ol (Isopropyl alcohol) 70% v/v,,67-63-0,LR,90595,1 L,29051200,18,
Fine & Research Chemicals,Propan-2-ol (Isopropyl alcohol) 70% v/v,,67-63-0,LR,90595,2.5 L,29051200,18,
Fine & Research Chemicals,Propan-2-ol (Isopropyl alcohol) 70% v/v,,67-63-0,LR,90595,5 L,29051200,18,
Fine & Research Chemicals,Propane-1-sulfonyl chloride,,10147-36-1,LR,93594,1 KG,29049000,18,
Fine & Research Chemicals,"Propargyl alcohol, 99%",,107-19-7,LR,93004,500 ML,29052900,18,
Fine & Research Chemicals,"Propionaldehyde, 97%",,123-38-6,AR,91580,500 ML,29124999,18,
Fine & Research Chemicals,Propionic acid,,79-09-4,LR,93067,500 ML,29155000,18,
Fine & Research Chemicals,Propionic anhydride,,123-62-6,LR,93360,500 ML,29155000,18,
Fine & Research Chemicals,Propionic anhydride,,123-62-6,LR,93360,2.5 L,29155000,18,
Fine & Research Chemicals,"Propionyl bromide, 97%",,598-22-1,Synthesis,91974,100 ML,29159090,18,
Fine & Research Chemicals,Propionyl chloride,,79-03-8,LR,93066,5 L,29159090,18,
Fine & Research Chemicals,Propyl paraben,,94-13-3,LR,93120,500 G,29182990,18,
Fine & Research Chemicals,Propyl parahydroxybenzoate,,94-13-3,Synthesis,96083,250 G,29163190,18,
Fine & Research Chemicals,Propylene carbonate,,108-32-7,LR,93437,2.5 L,29209090,18,
Fine & Research Chemicals,Propylene glycol,,57-55-6,AR,90227,500 ML,29053200,18,
Fine & Research Chemicals,Propylene glycol,,57-55-6,LR,90521,500 ML,29053200,18,
Fine & Research Chemicals,Propylene glycol,,57-55-6,LR,90521,2.5 L,29053200,18,
Fine & Research Chemicals,Propylene oxide,,75-56-9,GC,99016,500 ML,29102000,18,
Fine & Research Chemicals,Propylene oxide,,75-56-9,LR,93359,100 ML,29102000,18,
Fine & Research Chemicals,Proxel 100,,,LR,92418,500 ML,38089290,18,
Fine & Research Chemicals,p-Toluenesulphonic acid ethyl ester,,80-40-0,LR,92924,500 ML,29041090,18,
Fine & Research Chemicals,p-Toluenesulphonyl chloride,,98-59-9,LR,93253,500 G,29049090,18,
Fine & Research Chemicals,"p-Toluenesulphonamide, 98%",,70-55-3,Synthesis,90992,100 G,29350090,18,
Fine & Research Chemicals,p-Toluenesulphonic acid monohydrate,,6192-52-5,LR,90522,500 G,29041090,18,
Fine & Research Chemicals,p-Toluenesulphonic acid monohydrate,,6192-52-5,LR,90522,1 KG,29041090,18,
Fine & Research Chemicals,p-Xylene,,106-42-3,GC,99015,100 ML,29024300,18,
Fine & Research Chemicals,p-Xylene,,106-42-3,LR,93432,2.5 L,29024300,18,
Fine & Research Chemicals,Pyridine,,110-86-1,HPLC,90071,1 L,29333100,18,
Fine & Research Chemicals,Pyridine,,110-86-1,EL,97103,5 L,29333100,18,
Fine & Research Chemicals,Pyridine,,110-86-1,GC,94089,250 ML,29333100,18,
Fine & Research Chemicals,Pyridine,,110-86-1,GC,94089,500 ML,29333100,18,
Fine & Research Chemicals,Pyridine,,110-86-1,GC,94089,1 L,29333100,18,
Fine & Research Chemicals,Pyridine,,110-86-1,AR,90228,500 ML,29333100,18,
Fine & Research Chemicals,Pyridine,,110-86-1,AR,90228,2.5 L,29333100,18,
Fine & Research Chemicals,Pyridine,,110-86-1,DRYSOLV,90728,500 ML,29333100,18,
Fine & Research Chemicals,Pyridine,,110-86-1,LR,90523,500 ML,29333100,18,
Fine & Research Chemicals,Pyridine,,110-86-1,LR,90523,2.5 L,29333100,18,
Fine & Research Chemicals,Pyridine,,110-86-1,"AR, ACS",95210,500 ML,29333100,18,
Fine & Research Chemicals,"Pyridine-2-carboxaldehyde, 99%",,1121-60-4,Synthesis,90917,100 G,29333999,18,
Fine & Research Chemicals,Pyridinium p-toluenesulphonate,,24057-28-1,LR,92431,500 G,29333990,18,
Fine & Research Chemicals,Pyrocatechol,,120-80-9,Synthesis,92798,1 KG,29072200,18,
Fine & Research Chemicals,Pyrogallol,,87-66-1,Synthesis,91917,100 G,29072990,18,
Fine & Research Chemicals,Pyrogallol,,87-66-1,Synthesis,91917,500 G,29072990,18,
Fine & Research Chemicals,Pyrrole,,109-97-7,LR,93380,500 ML,29339980,18,
Fine & Research Chemicals,Pyrrolidine,,123-75-1,LR,93605,1 L,29337900,18,
Fine & Research Chemicals,Pyruvic acid,,127-17-3,LR,93361,250 G,29189000,18,
Fine & Research Chemicals,Quinoline,,91-22-5,LR,93162,500 ML,32041990,18,
Fine & Research Chemicals,(R)-Mandelic acid,,611-71-2,MolBio,92871,500 G,29189900,18,
Fine & Research Chemicals,Resazurin sodium salt,,62758-13-8,Synthesis,90931,1 G,38220090,18,
Fine & Research Chemicals,Resorcinol,,108-46-3,AR,91593,250 G,29072100,18,
Fine & Research Chemicals,Resorcinol,,108-46-3,LR,90525,250 G,29072100,18,
Fine & Research Chemicals,Rhodamine B,,81-88-9,Indicator,94217,25 G,32041342,18,
Fine & Research Chemicals,Riboflavin (Vitamin B2),,83-88-5,MolBio,92640,500 G,29362310,18,
Fine & Research Chemicals,"Rifampicin, 98% Proxel is a registered Trademark of Lonza Group Ltd.",,13292-46-1,AR,92520,100 G,30049052,18,
Fine & Research Chemicals,Ruthenium chloride 48 %,,10049-08-8,Synthesis,93451,1 G,28439019,18,
Fine & Research Chemicals,"(1S)-(+)-10-Camphorsulfonic acid, 98%",,3144-16-9,Synthesis,91926,100 G,29147090,18,
Fine & Research Chemicals,"Salicylaldehyde, 99%",,90-02-8,Synthesis,90974,100 ML,29122990,18,
Fine & Research Chemicals,"Salicylaldehyde, 99%",,90-02-8,Synthesis,90974,500 ML,29122990,18,
Fine & Research Chemicals,Salicylic acid,,69-72-7,AR,90230,500 G,29182110,18,
Fine & Research Chemicals,Salicylic acid,,69-72-7,LR,90526,500 G,29182110,18,
Fine & Research Chemicals,Sanguinarine chloride hydrate,,5578-73-4,Synthesis,92885,3 MG,29399900,18,
Fine & Research Chemicals,Savinase 16 L,,9014-01-1,MolBio,90940,500 G,35079010,18,
Fine & Research Chemicals,Schiff's reagent,,,LR,91790,500 ML,38220090,18,
Fine & Research Chemicals,Selenic acid,,7783-08-06,LR,93030,100 ML,28152000,18,
Fine & Research Chemicals,Selenium dioxide,,7446-08-4,LR,93344,100 G,28112990,18,
Fine & Research Chemicals,Selenium dioxide,,7446-08-4,LR,93344,500 G,28112990,18,
Fine & Research Chemicals,Selenium powder,,7782-49-2,LR,93345,100 G,28049000,18,
Fine & Research Chemicals,Silica gel (non-indicating coarse) Silica gel 60-120 mesh for,,112926-00-8,LR,90527,1 KG,28112990,18,
Fine & Research Chemicals,column chromatography Silica gel 100-200 mesh for,,112926-00-8,LR,90530,500 G,28112990,18,
Fine & Research Chemicals,column chromatography Silica gel 200-400 mesh for,,112926-00-8,LR,90528,500 G,28112990,18,
Fine & Research Chemicals,column chromatography Silica gel 230-400 mesh for,,112926-00-8,LR,93023,500 G,38249925,18,
Fine & Research Chemicals,column chromatography,,112926-00-8,LR,90529,500 G,28112990,18,
Fine & Research Chemicals,Silica gel 60 GF 254 for TLC,,7631-86-9,LR,90636,500 G,28112990,18,
Fine & Research Chemicals,Silica gel 'G' for TLC,,112926-00-8,LR,90531,500 G,28112990,18,
Fine & Research Chemicals,Silica gel self indicating (6-20 mesh),,112926-00-8,LR,90532,500 G,28112990,18,
Fine & Research Chemicals,Silica gel self indicating (Coarse),,112926-00-8,LR,90533,500 G,28112990,18,
Fine & Research Chemicals,Silica gel self indicating (Coarse),,112926-00-8,LR,90533,1 KG,28112990,18,
Fine & Research Chemicals,Silicone high vacuum grease,,,LR,90534,50 G,28046100,18,
Fine & Research Chemicals,Silicone oil (Dimethylpolysiloxane 3 cSt),,63148-62-9,LR,13498,1 L,39100020,18,
Fine & Research Chemicals,Silicone oil (Dimethylpolysiloxane 5 cSt),,63148-62-9,LR,90616,1 L,39100020,18,
Fine & Research Chemicals,Silicone oil (Dimethylpolysiloxane 10 cSt),,63148-62-9,LR,93100,500 ML,39100020,18,
Fine & Research Chemicals,Silicone oil (Dimethylpolysiloxane 20 cSt),,63148-62-9,LR,90617,1 L,39100020,18,
Fine & Research Chemicals,Silicone oil (Dimethylpolysiloxane 100 cSt),,63148-62-9,LR,91888,500 ML,39100020,18,
Fine & Research Chemicals,Silicone oil (Dimethylpolysiloxane 100 cSt),,63148-62-9,LR,91888,1 L,39100020,18,
Fine & Research Chemicals,Silicone oil (Dimethylpolysiloxane 100 cSt),,63148-62-9,LR,91888,5 L,39100020,18,
Fine & Research Chemicals,Silicone oil (dimethylpolysiloxane 200 cSt),,63148-62-9,LR,91808,1 L,39100020,18,
Fine & Research Chemicals,Silicone oil (dimethylpolysiloxane 350 cSt),,63148-62-9,LR,90618,1 L,39100020,18,
Fine & Research Chemicals,"Silicone oil (for oil bath, up to 250°C)",,63148-62-9,LR,90535,250 ML,39100020,18,
Fine & Research Chemicals,"Silicone oil (for oil bath, up to 250°C)",,63148-62-9,LR,90535,2.5 L,39100020,18,
Fine & Research Chemicals,Silver chloride,,7783-90-6,LR,93018,25 G,28432900,18,
Fine & Research Chemicals,"Silver iodide, 99%",,7783-96-2,LR,92345,25 G,28439019,18,
Fine & Research Chemicals,Silver nitrate,,7761-88-8,AR,90231,25 G,28432900,18,
Fine & Research Chemicals,Silver nitrate,,7761-88-8,AR,90231,100 G,28432900,18,
Fine & Research Chemicals,Silver nitrate,,7761-88-8,AR,90231,500 G,28432900,18,
Fine & Research Chemicals,Silver nitrate,,7761-88-8,LR,90536,25 G,28432100,18,
Fine & Research Chemicals,Silver nitrate,,7761-88-8,LR,90536,100 G,28432100,18,
Fine & Research Chemicals,Silver nitrate,,7761-88-8,LR,90536,500 G,28432100,18,
Fine & Research Chemicals,Silver nitrate (N/10) CVS,,7761-88-8,CVS,97006,6AMP,28432100,18,
Fine & Research Chemicals,Silver nitrate (N/10) solution,,7761-88-8,Solution,90602,500 ML,28432100,18,
Fine & Research Chemicals,Silver nitrate (N/50) solution,,7761-88-8,Solution,91763,500 ML,28432100,18,
Fine & Research Chemicals,Silver nitrate 0.005 M solution,,7761-88-8,Solution,97022,500 ML,28432100,18,
Fine & Research Chemicals,Silver nitrate 0.01 M solution,,7761-88-8,Solution,97021,500 ML,28432100,18,
Fine & Research Chemicals,Silver nitrate 0.05 M solution,,7761-88-8,Solution,97020,500 ML,28432100,18,
Fine & Research Chemicals,Silver oxide,,20667-12-3,AR,90232,25 G,28432100,18,
Fine & Research Chemicals,Silver oxide,,20667-12-3,LR,90537,25 G,28432100,18,
Fine & Research Chemicals,Silver sulphate,,10294-26-5,AR,90233,25 G,28432100,18,
Fine & Research Chemicals,Silver sulphate,,10294-26-5,AR,90233,100 G,28432100,18,
Fine & Research Chemicals,Silver sulphate,,10294-26-5,LR,90538,25 G,28432100,18,
Fine & Research Chemicals,Silver sulphate,,10294-26-5,LR,90538,100 G,28432100,18,
Fine & Research Chemicals,Soda lime,,8006-28-8,AR,93256,1 KG,28362020,18,
Fine & Research Chemicals,Sodium acetate anhydrous,,127-09-3,AR,90234,250 G,29152200,18,
Fine & Research Chemicals,Sodium acetate anhydrous,,127-09-3,AR,90234,500 G,29152200,18,
Fine & Research Chemicals,Sodium acetate anhydrous,,127-09-3,MolBio,92658,1 KG,29152200,18,
Fine & Research Chemicals,Sodium acetate anhydrous,,127-09-3,LR,90539,250 G,29152200,18,
Fine & Research Chemicals,Sodium acetate anhydrous,,127-09-3,LR,90539,500 G,29152200,18,
Fine & Research Chemicals,Sodium acetate trihydrate,,6131-90-4,HPLC,90046,500 G,29152990,18,
Fine & Research Chemicals,Sodium acetate trihydrate,,6131-90-4,AR,90235,500 G,29152990,18,
Fine & Research Chemicals,Sodium acetate trihydrate,,6131-90-4,AR,90235,1 KG,29152990,18,
Fine & Research Chemicals,Sodium acetate trihydrate,,6131-90-4,AR,90235,5 KG,29152990,18,
Fine & Research Chemicals,Sodium acetate trihydrate,,6131-90-4,LR,90540,500 G,29159090,18,
Fine & Research Chemicals,Sodium alginate,,9005-38-3,MolBio,92610,250 G,39131010,18,
Fine & Research Chemicals,Sodium alginate 5-40 cps,,9005-38-3,LR,92654,500 G,39131010,18,
Fine & Research Chemicals,Sodium arsenate heptahydrate,,10048-95-0,LR,93453,250 G,28429010,18,
Fine & Research Chemicals,Sodium arsenite,,7784-46-5,AR,91557,500 G,28429080,18,
Fine & Research Chemicals,Sodium azide,,26628-22-8,AR,90924,100 G,28500050,18,
Fine & Research Chemicals,Sodium azide,,26628-22-8,AR,90924,500 G,28500050,18,
Fine & Research Chemicals,Sodium azide,,26628-22-8,LR,90925,100 G,28500050,18,
Fine & Research Chemicals,Sodium azide,,26628-22-8,LR,90925,500 G,28500050,18,
Fine & Research Chemicals,Sodium benzoate,,532-32-1,AR,90236,500 G,29163990,18,
Fine & Research Chemicals,Sodium benzoate,,532-32-1,LR,90541,500 G,29163990,18,
Fine & Research Chemicals,Sodium bicarbonate,,144-55-8,ACS,91633,500 G,28363000,18,
Fine & Research Chemicals,Sodium bicarbonate,,144-55-8,ACS,91633,1 KG,28363000,18,
Fine & Research Chemicals,Sodium bicarbonate,,144-55-8,AR,90237,500 G,28363000,18,
Fine & Research Chemicals,Sodium bicarbonate,,144-55-8,LR,90542,500 G,28363000,18,
Fine & Research Chemicals,Sodium bisulphate,,7681-38-1,LR,91802,500 G,28321010,18,
Fine & Research Chemicals,Sodium bisulphate monohydrate,,10034-88-5,LR,93035,500 G,28331990,18,
Fine & Research Chemicals,Sodium bisulphite,,7631-90-5,AR,93469,500 G,28321010,18,
Fine & Research Chemicals,Sodium bisulphite,,7631-90-5,LR,93342,500 G,28321010,18,
Fine & Research Chemicals,Sodium borohydride,,16940-66-2,AR,90278,100 G,28500010,18,
Fine & Research Chemicals,Sodium borohydride,,16940-66-2,AR,90278,500 G,28500010,18,
Fine & Research Chemicals,Sodium borohydride,,16940-66-2,LR,90543,100 G,28500010,18,
Fine & Research Chemicals,Sodium borohydride,,16940-66-2,LR,90543,500 G,28500010,18,
Fine & Research Chemicals,Sodium bromate,,7789-38-0,LR,90658,500 G,28291100,18,
Fine & Research Chemicals,Sodium bromide,,7647-15-6,AR,90238,500 G,28275110,18,
Fine & Research Chemicals,Sodium bromide,,7647-15-6,LR,90544,500 G,28275110,18,
Fine & Research Chemicals,Sodium caprylate,,01984-06-1,LR,92663,500 G,29159090,18,
Fine & Research Chemicals,Sodium carbonate (N/10) CVS,,497-19-8,CVS,97012,6 AMP,28362000,18,
Fine & Research Chemicals,Sodium carbonate anhydrous,,497-19-8,AR,90239,500 G,28362090,18,
Fine & Research Chemicals,Sodium carbonate anhydrous,,497-19-8,LR,90545,500 G,28362090,18,
Fine & Research Chemicals,Sodium carbonate anhydrous,,497-19-8,LR,90545,5 KG,28362090,18,
Fine & Research Chemicals,Sodium carbonate monohydrate,,5968-11-6,LR,91833,250 G,28362090,18,
Fine & Research Chemicals,Sodium carbonate monohydrate,,5968-11-6,LR,91833,500 G,28362090,18,
Fine & Research Chemicals,Sodium carboxymethyl cellulose,,9004-32-4,LR,93056,500 G,39123100,18,
Fine & Research Chemicals,Sodium chloride,,7647-14-5,ACS,91614,500 G,25010010,0,
Fine & Research Chemicals,Sodium chloride,,7647-14-5,AR,90240,500 G,25010010,0,
Fine & Research Chemicals,Sodium chloride,,7647-14-5,AR,90240,5 KG,25010010,0,
Fine & Research Chemicals,Sodium chloride,,7647-14-5,LR,90757,500 G,25010010,0,
Fine & Research Chemicals,Sodium chloride,,7647-14-5,LR,90757,5 KG,25010010,0,
Fine & Research Chemicals,Sodium chlorite 50%,,7758-19-2,LR,93132,5 KG,28289030,18,
Fine & Research Chemicals,Sodium chlorite 99%,,7758-19-2,LR,90660,500 G,28289030,18,
Fine & Research Chemicals,Sodium chromate tetrahydrate,,10034-82-9,AR,93109,500 G,28415090,18,
Fine & Research Chemicals,Sodium chromate tetrahydrate,,10034-82-9,LR,90546,500 G,28415090,18,
Fine & Research Chemicals,Sodium citrate dihydrate,,1545801,AR,90266,500 G,29181520,18,
Fine & Research Chemicals,Sodium citrate dihydrate,,1545801,LR,90584,500 G,29181520,18,
Fine & Research Chemicals,Sodium citrate dihydrate,,1545801,LR,90584,5 KG,29181520,18,
Fine & Research Chemicals,Sodium cyanoborohydrate,,25895-60-7,LR,93149,25 G,28372090,18,
Fine & Research Chemicals,"Sodium deoxycholate, 97%",,302-95-4,MolBio,91914,25 G,29181990,18,
Fine & Research Chemicals,"Sodium deoxycholate, 97%",,302-95-4,MolBio,91914,100 G,29181990,18,
Fine & Research Chemicals,"Sodium deuteroxide solution(0.4%, w/w)",,14014-06-3,LR,94006,1 KG,28151190,18,
Fine & Research Chemicals,Sodium dichromate dihydrate,,7789-12-0,AR,90241,500 G,28415000,18,
Fine & Research Chemicals,Sodium dichromate dihydrate,,7789-12-0,LR,90547,500 G,28415000,18,
Fine & Research Chemicals,Sodium diethyl dithio carbamate trihydrate Sodium di-hydrogen ortho-phosphate,,20624-25-3,AR,96090,100 G,29302000,18,
Fine & Research Chemicals,monohydrate Sodium di-hydrogen ortho-phosphate,,10049-21-5,HPLC,90084,500 G,28352200,18,
Fine & Research Chemicals,monohydrate Sodium di-hydrogen ortho-phosphate,,10049-21-5,ACS,91616,500 G,28352300,18,
Fine & Research Chemicals,monohydrate,,10049-21-5,AR,96004,500 G,28352300,18,
Fine & Research Chemicals,Sodium diphenyl Reagent,,5137-46-2,LR,97026,15 ML,29319090,18,
Fine & Research Chemicals,Sodium dithionite,,7775-14-6,LR,93008,1 KG,28311000,18,
Fine & Research Chemicals,Sodium fluoride,,7681-49-4,AR,96017,100 G,28261120,18,
Fine & Research Chemicals,Sodium fluoride,,7681-49-4,AR,96017,500 G,28261120,18,
Fine & Research Chemicals,Sodium fluoride,,7681-49-4,LR,91814,500 G,28261120,18,
Fine & Research Chemicals,Sodium formate,,141-53-7,LR,93211,500 G,29151210,18,
Fine & Research Chemicals,Sodium formate,,141-53-7,LR,93211,1 KG,29151210,18,
Fine & Research Chemicals,Sodium gluconate,,527-07-1,LR,93002,500 G,29181690,18,
Fine & Research Chemicals,Sodium hexafluorophosphate,,21324-39-0,LR,93339,250 G,28276090,18,
Fine & Research Chemicals,Sodium hexametaphosphate,,10124-56-8,AR,90242,500 G,28352940,18,
Fine & Research Chemicals,Sodium hexametaphosphate,,10124-56-8,LR,90548,500 G,28352940,18,
Fine & Research Chemicals,Sodium hydroxide (0.2 M ) solution,,1310-73-2,Solution,97177,1 L,28151200,18,
Fine & Research Chemicals,Sodium hydroxide 5% solution,,1310-73-2,Solution,97179,1 L,28151200,18,
Fine & Research Chemicals,Sodium hydroxide 40% solution,,1310-73-2,Solution,93581,500 ML,28151200,18,
Fine & Research Chemicals,Sodium hydroxide 48% solution,,1310-73-2,Solution,97176,500 ML,28151200,18,
Fine & Research Chemicals,Sodium hydroxide 50% solution,,1310-73-2,Solution,97155,100 ML,28151200,18,
Fine & Research Chemicals,Sodium hydroxide 50% solution,,1310-73-2,Solution,97155,2.5 L,28151200,18,
Fine & Research Chemicals,Sodium hydroxide flakes,,1310-73-2,LR,90549,500 G,28151110,18,
Fine & Research Chemicals,Sodium hydroxide flakes,,1310-73-2,LR,90549,5 KG,28151110,18,
Fine & Research Chemicals,Sodium hydroxide pellets,,1310-73-2,AR,90243,100 G,28151190,18,
Fine & Research Chemicals,Sodium hydroxide pellets,,1310-73-2,AR,90243,500 G,28151190,18,
Fine & Research Chemicals,Sodium hydroxide pellets,,1310-73-2,AR,90243,1 KG,28151190,18,
Fine & Research Chemicals,Sodium hydroxide pellets,,1310-73-2,AR,90243,5 KG,28151190,18,
Fine & Research Chemicals,Sodium hydroxide pellets,,1310-73-2,LR,90550,500 G,28151190,18,
Fine & Research Chemicals,Sodium hydroxide pellets,,1310-73-2,LR,90550,5 KG,28151190,18,
Fine & Research Chemicals,Sodium hydroxide( 1 N ) solution,,1310-73-2,Solution,90671,1 L,28151200,18,
Fine & Research Chemicals,Sodium hydroxide( N/1 ) CVS,,1310-73-2,CVS,91725,2 AMP,28151200,18,
Fine & Research Chemicals,Sodium hydroxide( N/10 ) CVS,,1310-73-2,CVS,91726,6 AMP,28151200,18,
Fine & Research Chemicals,Sodium hydroxide( N/10 ) solution,,1310-73-2,Solution,90620,500 ML,28151200,18,
Fine & Research Chemicals,Sodium hypochlorite solution 1%,,7681-52-9,LR,93574,1 L,28289019,18,
Fine & Research Chemicals,Sodium hypochlorite solution 2%,,7681-52-9,LR,93388,5 L,28289019,18,
Fine & Research Chemicals,Sodium hypochlorite solution 4%-6%,,7681-52-9,LR,90551,500 ML,28289019,18,
Fine & Research Chemicals,Sodium hypochlorite solution 4%-6%,,7681-52-9,LR,90551,1 L,28289019,18,
Fine & Research Chemicals,Sodium hypochlorite solution 4%-6%,,7681-52-9,LR,90551,5 L,28289019,18,
Fine & Research Chemicals,Sodium hypochlorite solution 7%,,7681-52-9,LR,90623,1 L,28289019,18,
Fine & Research Chemicals,Sodium hypochlorite solution 10%-12%,,7681-52-9,LR,90605,500 ML,28289019,18,
Fine & Research Chemicals,Sodium hypochlorite solution 10%-12%,,7681-52-9,LR,90605,5 L,28289019,18,
Fine & Research Chemicals,Sodium hypophosphite monohydrate,,10039-56-2,LR,93504,1 KG,28351090,18,
Fine & Research Chemicals,"Sodium iodate, 99%",,7681-55-2,LR,92393,100 G,25010090,18,
Fine & Research Chemicals,"Sodium iodide, 98%",,7681-82-5,LR,92356,100 G,25010090,18,
Fine & Research Chemicals,"Sodium iodide, 98% Sodium lauryl sulphate",,7681-82-5,LR,92356,500 G,25010090,18,
Fine & Research Chemicals,"(Sodium dodecyl sulphate), 90% Sodium lauryl sulphate",,151-21-3,AR,90244,100 G,28331990,18,
Fine & Research Chemicals,"(Sodium dodecyl sulphate), 90% Sodium lauryl sulphate",,151-21-3,AR,90244,500 G,28331990,18,
Fine & Research Chemicals,"(Sodium dodecyl sulphate), 90% Sodium lauryl sulphate",,151-21-3,LR,90552,500 G,28331990,18,
Fine & Research Chemicals,"(Sodium dodecyl sulphate), 99% Sodium lauryl sulphate",,151-21-3,Premium HPLC,90087,100 G,28331990,18,
Fine & Research Chemicals,"(Sodium dodecyl sulphate), 99% Sodium lauryl sulphate",,151-21-3,Premium HPLC,90087,250 G,28331990,18,
Fine & Research Chemicals,"(Sodium dodecyl sulphate), 99% Sodium lauryl sulphate",,151-21-3,Premium HPLC,90087,500 G,28331990,18,
Fine & Research Chemicals,"(Sodium dodecyl sulphate), 99% Sodium lauryl sulphate",,151-21-3,HPLC,90061,100 G,28331990,18,
Fine & Research Chemicals,"(Sodium dodecyl sulphate), 99% Sodium lauryl sulphate",,151-21-3,HPLC,90061,500 G,28331990,18,
Fine & Research Chemicals,"(Sodium dodecyl sulphate), 99% Sodium lauryl sulphate",,151-21-3,AR,90276,100 G,28331990,18,
Fine & Research Chemicals,"(Sodium dodecyl sulphate), 99% Sodium L-lactate [Sodium",,151-21-3,AR,90276,500 G,28331990,18,
Fine & Research Chemicals,(S)-2-hydroxypropanoate],,867-56-1,LR,92590,500 G,29181120,18,
Fine & Research Chemicals,Sodium malonate dibasic,,141-95-7,LR,93029,500 G,29171190,18,
Fine & Research Chemicals,Sodium metabisulphite,,7681-57-4,AR,91592,500 G,28321090,18,
Fine & Research Chemicals,Sodium metabisulphite,,7681-57-4,LR,90553,500 G,28321090,18,
Fine & Research Chemicals,Sodium metaperiodate,,7790-28-5,AR,90245,500 G,28299030,18,
Fine & Research Chemicals,Sodium metaperiodate,,7790-28-5,LR,90554,100 G,28299030,18,
Fine & Research Chemicals,Sodium metasilicate nonahydrate,,13517-24-3,AR,96043,500 G,28391100,18,
Fine & Research Chemicals,Sodium metasilicate nonahydrate,,13517-24-3,LR,93104,500 G,28391100,18,
Fine & Research Chemicals,Sodium methoxide,,124-41-4,LR,93216,500 G,29051990,18,
Fine & Research Chemicals,Sodium methoxide,,124-41-4,LR,93216,5 KG,29051990,18,
Fine & Research Chemicals,Sodium methoxide 25% solution,,124-41-4,LR,97162,500 ML,29051900,18,
Fine & Research Chemicals,Sodium methyl paraben,,5026-62-0,LR,93122,500 G,29163190,18,
Fine & Research Chemicals,Sodium molybdate dihydrate,,10102-40-6,AR,91509,500 G,28417020,18,
Fine & Research Chemicals,Sodium molybdate dihydrate,,10102-40-6,LR,91839,500 G,28417020,18,
Fine & Research Chemicals,Sodium nitrate,,7631-99-4,AR,90246,500 G,28341010,18,
Fine & Research Chemicals,Sodium nitrate,,7631-99-4,LR,90555,500 G,28341090,18,
Fine & Research Chemicals,Sodium nitrite,,7632-00-0,AR,90247,500 G,28341090,18,
Fine & Research Chemicals,Sodium nitrite,,7632-00-0,LR,90556,500 G,28341090,18,
Fine & Research Chemicals,Sodium nitroprusside dihydrate,,13755-38-9,LR,90557,100 G,28372090,18,
Fine & Research Chemicals,Sodium oleate Sodium orthophosphate dodecahydrate,,143-19-1,LR,93535,1 KG,29161590,18,
Fine & Research Chemicals,(Trisodium phosphate dodecahydrate) Sodium orthophosphate dodecahydrate,,10101-89-0,AR,90248,500 G,28352200,18,
Fine & Research Chemicals,(Trisodium phosphate dodecahydrate),,10101-89-0,LR,90558,500 G,28352200,18,
Fine & Research Chemicals,Sodium oxalate,,62-76-0,LR,90559,500 G,29171190,18,
Fine & Research Chemicals,Sodium perborate monohydrate,,10332-33-9,LR,90601,500 G,28403000,18,
Fine & Research Chemicals,Sodium perborate tetrahydrate,,10486-00-7,LR,90608,500 G,28403000,18,
Fine & Research Chemicals,Sodium percarbonate,,15630-89-4,LR,90630,500 G,28403000,18,
Fine & Research Chemicals,Sodium peroxide,,1313-60-6,AR,90249,100 G,28153000,18,
Fine & Research Chemicals,Sodium peroxide,,1313-60-6,AR,90249,500 G,28153000,18,
Fine & Research Chemicals,Sodium persulphate Sodium phosphate dibasic anhydrous,,7775-27-1,LR,90560,500 G,28334000,18,
Fine & Research Chemicals,(Disodium hydrogen orthophosphate anhydrous) Sodium phosphate dibasic anhydrous,,7558-79-4,HPLC,90047,500 G,28352300,18,
Fine & Research Chemicals,(Disodium hydrogen orthophosphate anhydrous) Sodium phosphate dibasic anhydrous,,7558-79-4,AR,90250,500 G,28352300,18,
Fine & Research Chemicals,(Disodium hydrogen orthophosphate anhydrous) Sodium phosphate dibasic dihydrate,,7558-79-4,LR,90561,500 G,28352200,18,
Fine & Research Chemicals,(Disodium hydrogen orthophosphate dihydrate) Sodium phosphate dibasic dihydrate,,10028-24-7,AR,91540,500 G,28352400,18,
Fine & Research Chemicals,(Disodium hydrogen orthophosphate dihydrate),,10028-24-7,LR,90562,500 G,28352200,18,
Fine & Research Chemicals,Sodium phosphate dibasic dodecahydrate,,10039-32-4,HPLC,98714,250 G,28352200,18,
Fine & Research Chemicals,Sodium phosphate dibasic dodecahydrate,,10039-32-4,AR,91569,500 G,28352990,18,
Fine & Research Chemicals,Sodium phosphate dibasic dodecahydrate,,10039-32-4,LR,93037,500 G,28352990,18,
Fine & Research Chemicals,Sodium phosphate monobasic anhydrous Sodium phosphate monobasic dihydrate,,7558-80-7,LR,93099,500 G,28352300,18,
Fine & Research Chemicals,(Sodium dihydrogen orthophosphate dihydrate) Sodium phosphate monobasic dihydrate,,13472-35-0,HPLC,90048,500 G,28352200,18,
Fine & Research Chemicals,(Sodium dihydrogen orthophosphate dihydrate),,13472-35-0,AR,91553,500 G,28352200,18,
Fine & Research Chemicals,(Sodium dihydrogen orthophosphate dihydrate),,13472-35-0,LR,90563,500 G,28352200,18,
Fine & Research Chemicals,Sodium phosphate tribasic anhydrous,,7601-54-9,AR,90290,500 G,28352200,18,
Fine & Research Chemicals,Sodium polyacrylate powder,,27599-56-0,LR,93429,500 G,29161100,18,
Fine & Research Chemicals,Sodium polyacrylate powder,,27599-56-0,LR,93429,5 KG,29161100,18,
Fine & Research Chemicals,Sodium propionate,,137-40-6,LR,93411,500 G,29155000,18,
Fine & Research Chemicals,Sodium propyl paraben,,35285-69-9,LR,93123,500 G,29182990,18,
Fine & Research Chemicals,Sodium salicylate,,54-21-7,LR,93196,500 G,38220090,18,
Fine & Research Chemicals,Sodium selenate,,13410-01-0,LR,91532,100 G,38220090,18,
Fine & Research Chemicals,Sodium selenite anhydrous,,10102-18-8,AR,96068,500 G,28429090,18,
Fine & Research Chemicals,Sodium stearyl fumarate,,4070-80-8,Synthesis,92510,5 G,29335990,18,
Fine & Research Chemicals,Sodium sulphate anhydrous,,7757-82-6,AR,90251,500 G,28331990,18,
Fine & Research Chemicals,Sodium sulphate anhydrous,,7757-82-6,LR,90564,500 G,28331990,18,
Fine & Research Chemicals,Sodium sulphate anhydrous,,7757-82-6,LR,90564,1 KG,28331990,18,
Fine & Research Chemicals,Sodium sulphate anhydrous,,7757-82-6,LR,90564,5 KG,28331990,18,
Fine & Research Chemicals,Sodium sulphide flakes,,27610-45-3,LR,93589,500 G,28301000,18,
Fine & Research Chemicals,Sodium sulphide nonahydrate,,1313-84-4,AR,91558,100 G,28321010,18,
Fine & Research Chemicals,Sodium sulphide nonahydrate,,1313-84-4,LR,90646,500 G,28301000,18,
Fine & Research Chemicals,Sodium sulphite anhydrous,,7757-83-7,AR,90252,500 G,28321000,18,
Fine & Research Chemicals,Sodium sulphite anhydrous,,7757-83-7,LR,90565,500 G,28321000,18,
Fine & Research Chemicals,Sodium sulphobutylether-b-cyclodextrin Sodium tartrate dibasic dihydrate,,182410-00-0,MolBio,90918,500 G,29335990,18,
Fine & Research Chemicals,(Disodium tartrate dihydrate),,6106-24-7,LR,90398,500 G,29181300,18,
Fine & Research Chemicals,"Sodium tert-butoxide, 97%",,865-48-5,Synthesis,92411,100 G,29054900,18,
Fine & Research Chemicals,"Sodium tert-butoxide, 97% Sodium tert-pentoxide, 95%",,865-48-5,Synthesis,92411,500 G,29054900,18,
Fine & Research Chemicals,"[Sodium tert-amylate] Sodium tert-pentoxide, 95%",,14593-46-5,Synthesis,92412,100 G,29054900,18,
Fine & Research Chemicals,[Sodium tert-amylate],,14593-46-5,Synthesis,92412,500 G,29054900,18,
Fine & Research Chemicals,"Sodium tetraphenylborate, 99%",,143-66-8,Synthesis,90936,10 G,29319090,18,
Fine & Research Chemicals,Sodium thiosulphate,,7772-98-7,LR,93477,500 G,28323010,18,
Fine & Research Chemicals,Sodium thiosulphate (N/10) CVS,,,CVS,97009,6 AMP,28403000,18,
Fine & Research Chemicals,Sodium thiosulphate N/10 solution,,,LR,90662,500 ML,28403000,18,
Fine & Research Chemicals,Sodium thiosulphate pentahydrate,,10102-17-7,AR,90253,500 G,28323010,18,
Fine & Research Chemicals,Sodium thiosulphate pentahydrate,,10102-17-7,LR,90566,500 G,28323010,18,
Fine & Research Chemicals,Solochrome dark blue metal indicator,,2538-85-4,Synthesis,94817,25 GM,32041264,18,
Fine & Research Chemicals,Sorbic acid,,110-44-1,AR,96009,100 G,29161960,18,
Fine & Research Chemicals,Sorbic acid,,110-44-1,LR,90661,500 G,29161960,18,
Fine & Research Chemicals,Span 20,,1338-39-2,LR,92916,1 L,38249090,18,
Fine & Research Chemicals,Span 60,,1338-41-6,LR,93413,500 G,29157090,18,
Fine & Research Chemicals,Span 80,,1338-43-8,LR,93373,1 L,29161590,18,
Fine & Research Chemicals,"Squalene, 98%",,111-02-4,Synthesis,92419,100 G,29012990,18,
Fine & Research Chemicals,Stannous chloride dihydrate,,10025-69-1,LR,93146,100 G,28273990,18,
Fine & Research Chemicals,Stannous chloride dihydrate,,10025-69-1,LR,93146,250 G,28273990,18,
Fine & Research Chemicals,Stannous chloride dihydrate,,10025-69-1,LR,93146,5 KG,28273990,18,
Fine & Research Chemicals,Starch corn,,90005-25-8,LR,93223,500 G,35051090,18,
Fine & Research Chemicals,Starch iodide papers,,,LR,94200,5 BKT,38220090,18,
Fine & Research Chemicals,Starch soluble,,9005-84-9,AR,91515,500 G,35051090,18,
Fine & Research Chemicals,Starch soluble,,9005-84-9,LR,91863,500 G,35051090,18,
Fine & Research Chemicals,Stearic acid 99%,,57-11-4,GC,93499,5 G,29157020,18,
Fine & Research Chemicals,Stearyl acrylate (Octadecyl acrylate),,4813-57-4,LR,92581,500 G,38237040,18,
Fine & Research Chemicals,Strontium carbonate,,1633-05-2,AR,96073,250 G,28369200,18,
Fine & Research Chemicals,Strontium carbonate,,1633-05-2,LR,93458,250 G,28369200,18,
Fine & Research Chemicals,Strontium chloride,,10025-70-4,AR,96072,500 G,28273930,18,
Fine & Research Chemicals,Strontium chloride,,10025-70-4,LR,91864,500 G,28273930,18,
Fine & Research Chemicals,Strontium fluoride,,7783-48-4,AR,96038,500 G,28261990,18,
Fine & Research Chemicals,Strontium nitrate,,10042-76-9,LR,93081,500 G,28342910,18,
Fine & Research Chemicals,Strychnine 98%,,57-24-9,Synthesis,92703,100 G,29390000,18,
Fine & Research Chemicals,Styrene,,100-42-5,LR,93290,1 L,29025000,18,
Fine & Research Chemicals,Succinic acid,,110-15-6,AR,96095,100 G,29171930,18,
Fine & Research Chemicals,Succinic acid,,110-15-6,LR,91828,100 G,29171930,18,
Fine & Research Chemicals,Succinic acid,,110-15-6,LR,91828,500 G,29171930,18,
Fine & Research Chemicals,Succinic acid,,110-15-6,LR,91828,1 KG,29171930,18,
Fine & Research Chemicals,"Succinimide, 98%",,123-56-8,Synthesis,91915,100 G,29251990,18,
Fine & Research Chemicals,"Succinimide, 98%",,123-56-8,Synthesis,91915,500 G,29251990,18,
Fine & Research Chemicals,Sucrose,,57-50-1,AR,90254,500 G,17019990,18,
Fine & Research Chemicals,Sucrose,,57-50-1,LR,90567,500 G,17019990,18,
Fine & Research Chemicals,Sulfurous acid 5-6% solution,,,LR,93463,500 ML,28111990,18,
Fine & Research Chemicals,Sulfuryl chloride,,7791-25-5,LR,93579,100 ML,28121090,18,
Fine & Research Chemicals,Sulphamic acid,,5329-14-6,ACS,91637,500 G,28111980,18,
Fine & Research Chemicals,Sulphamic acid,,5329-14-6,AR,90255,500 G,28111980,18,
Fine & Research Chemicals,Sulphamic acid,,5329-14-6,LR,90568,500 G,29214590,18,
Fine & Research Chemicals,Sulphanilamide,,63-74-1,AR,91579,500 G,29339900,18,
Fine & Research Chemicals,Sulphanilamide,,63-74-1,LR,93103,500 G,29339900,18,
Fine & Research Chemicals,Sulphanilic acid,,121-57-3,LR,90647,100 G,29214234,18,
Fine & Research Chemicals,Sulpholane,,126-33-0,LR,93191,5 KG,29349900,18,
Fine & Research Chemicals,5-Sulphosalicylic acid,,5965-83-3,Synthesis,93107,100 G,29182990,18,
Fine & Research Chemicals,Sulphur powder,,7704-34-9,LR,90569,500 G,25030010,18,
Fine & Research Chemicals,Sulphuric acid,,7664-93-9,EL,90734,2.5 L,28070010,18,
Fine & Research Chemicals,Sulphuric acid,,7664-93-9,AR,90256,500 ML,28070010,18,
Fine & Research Chemicals,Sulphuric acid,,7664-93-9,AR,90256,2.5 L,28070010,18,
Fine & Research Chemicals,Sulphuric acid,,7664-93-9,AR,90256,5 L,28070010,18,
Fine & Research Chemicals,Sulphuric acid,,7664-93-9,LR,90570,500 ML,28070010,18,
Fine & Research Chemicals,Sulphuric acid,,7664-93-9,LR,90570,2.5 L,28070010,18,
Fine & Research Chemicals,Sulphuric acid,,7664-93-9,LR,90570,5 L,28070010,18,
Fine & Research Chemicals,Sulphuric acid (N/10) CVS,,7664-93-9,CVS,97010,6 AMP,28070010,18,
Fine & Research Chemicals,Sulphuric acid (N/50) solution,,7664-93-9,Solution,97154,500 ML,28070010,18,
Fine & Research Chemicals,Sulphuric acid 15% solution,,7664-93-9,Solution,97031,1 L,28070010,18,
Fine & Research Chemicals,Sulphuric acid 50% solution,,7664-93-9,Solution,93263,5 L,28070010,18,
Fine & Research Chemicals,Sulphuric acid 60% solution,,7664-93-9,Solution,90622,5 L,28070010,18,
Fine & Research Chemicals,Sulphuric acid 90-91% (for fat determination) Sulphuric acid 95-98%,,7664-93-9,AR,96059,1 L,28070010,18,
Fine & Research Chemicals,(for Trace Metal Analysis) ppb level Sulphuric acid 95-98%,,7664-93-9,AD Trace +,97608,500 ML,28070010,18,
Fine & Research Chemicals,(for Trace Metal Analysis) ppb level Sulphuric acid 95-98%,,7664-93-9,AD Trace +,97608,1 L,28070010,18,
Fine & Research Chemicals,(for Trace Metal Analysis) ppm level Sulphuric acid 95-98%,,7664-93-9,AD Trace,97607,500 ML,28070010,18,
Fine & Research Chemicals,(for Trace Metal Analysis) ppm level,,7664-93-9,AD Trace,97607,1 L,28070010,18,
Fine & Research Chemicals,Surgical spirit,,67-63-0,LR,96054,500 ML,30043990,12,
Fine & Research Chemicals,Syringaldehyde,,134-96-3,Synthesis,92889,100 G,29122990,18,
Fine & Research Chemicals,Tannic acid,,1401-55-4,LR,93452,250 G,32019090,18,
Fine & Research Chemicals,Taurine,,107-35-7,Synthesis,92796,100 G,98020000,18,
Fine & Research Chemicals,Terephthalic acid,,100-21-0,LR,92897,500 G,29173930,18,
Fine & Research Chemicals,tert-Amyl alcohol,,75-85-4,LR,93433,2.5 L,29051990,18,
Fine & Research Chemicals,tert-Butanol (tert-Butyl alcohol),,75-65-0,HPLC,98706,500 ML,29051490,18,
Fine & Research Chemicals,tert-Butanol (tert-Butyl alcohol),,75-65-0,HPLC,98706,1 L,29051490,18,
Fine & Research Chemicals,tert-Butanol (tert-Butyl alcohol),,75-65-0,HPLC,98706,2.5 L,29051490,18,
Fine & Research Chemicals,tert-Butanol (tert-Butyl alcohol),,75-65-0,GC,94036,250 ML,29051490,18,
Fine & Research Chemicals,tert-Butanol (tert-Butyl alcohol),,75-65-0,GC,94036,500 ML,29051490,18,
Fine & Research Chemicals,tert-Butanol (tert-Butyl alcohol),,75-65-0,GC,94036,1 L,29051490,18,
Fine & Research Chemicals,tert-Butanol (tert-Butyl alcohol),,75-65-0,AR,96103,500 ML,29051490,18,
Fine & Research Chemicals,tert-Butanol (tert-Butyl alcohol),,75-65-0,LR,91856,500 ML,29051490,18,
Fine & Research Chemicals,tert-Butanol (tert-Butyl alcohol),,75-65-0,LR,91856,2.5 L,29051490,18,
Fine & Research Chemicals,tert-Butanol (tert-Butyl alcohol),,75-65-0,LN,94268,500 ML,29051490,18,
Fine & Research Chemicals,tert-Butanol (tert-Butyl alcohol),,75-65-0,LN,94268,2.5 L,29051490,18,
Fine & Research Chemicals,"tert-Butyl bromoacetate, 98%",,5292-43-3,Synthesis,92031,100 G,29159070,18,
Fine & Research Chemicals,"tert-Butyl bromoacetate, 98%",,5292-43-3,Synthesis,92031,500 G,29159070,18,
Fine & Research Chemicals,tert-Butylamine,,75-64-9,LR,93394,100 ML,29211990,18,
Fine & Research Chemicals,tert-Butylbenzoic acid,,98-73-7,AR,92552,500 G,29163190,18,
Fine & Research Chemicals,"tert-Butyldimethylsilyl chloride, 98% [TBDMSCl]",,18162-48-6,Synthesis,92291,100 G,29310095,18,
Fine & Research Chemicals,"tert-Butyldimethylsilyl chloride, 98% [TBDMSCl]",,18162-48-6,Synthesis,92291,500 G,29310095,18,
Fine & Research Chemicals,Tetra methyl ammonium chloride,,75-57-0,Synthesis,93352,25 G,29239000,12,
Fine & Research Chemicals,Tetrabutyl ammonium hydroxide 1 wt.% solution,,2052-49-5,Solution,91714,100 ML,29239000,18,
Fine & Research Chemicals,Tetrabutyl ammonium hydroxide 40% in water,,2052-49-5,Solution,97192,500 ML,29239000,18,
Fine & Research Chemicals,"Tetrabutylammonium acetate, 97%",,10534-59-5,Synthesis,92317,25 G,29239000,18,
Fine & Research Chemicals,"Tetrabutylammonium acetate, 97%",,10534-59-5,Synthesis,92317,100 G,29239000,18,
Fine & Research Chemicals,"Tetrabutylammonium bromide, 98% Tetrabutylammonium chloride,",,1643-19-2,LR,90572,500 G,29239000,18,
Fine & Research Chemicals,50 wt% solution in water,,1112-67-0,Synthesis,92319,250 G,29239000,18,
Fine & Research Chemicals,"Tetrabutylammonium chloride, 98%",,1112-67-0,Synthesis,91824,5 G,29239000,18,
Fine & Research Chemicals,"Tetrabutylammonium chloride, 98%",,1112-67-0,Synthesis,91824,25 G,29239000,18,
Fine & Research Chemicals,Tetrabutylammonium dihydrogen phosphate,,5574-97-0,HPLC,90079,25 G,29239000,18,
Fine & Research Chemicals,Tetrabutylammonium dihydrogen phosphate,,5574-97-0,AR,96075,25 G,29239000,18,
Fine & Research Chemicals,"Tetrabutylammonium fluoride trihydrate, 97%",,87749-50-6,Synthesis,92320,25 G,29239000,18,
Fine & Research Chemicals,"Tetrabutylammonium fluoride trihydrate, 97%",,87749-50-6,Synthesis,92320,100 G,29239000,18,
Fine & Research Chemicals,"Tetrabutylammonium fluoride, 1 M in THF Tetrabutylammonium hexafluoro",,429-41-4,Synthesis,92321,100 ML,29239000,18,
Fine & Research Chemicals,"phosphate, 98% Tetrabutylammonium hexafluoro",,3109-63-5,Synthesis,92326,25 G,29239000,18,
Fine & Research Chemicals,"phosphate, 98%",,3109-63-5,Synthesis,92326,100 G,29239000,18,
Fine & Research Chemicals,"Tetrabutylammonium hydrogen sulphate, 99%",,32503-27-8,UHPLC,90082,500 G,28331990,18,
Fine & Research Chemicals,"Tetrabutylammonium hydrogen sulphate, 99%",,32503-27-8,HPLC,90062,500 G,28331990,18,
Fine & Research Chemicals,"Tetrabutylammonium hydrogen sulphate, 98%",,32503-27-8,Synthesis,92322,100 G,28331990,18,
Fine & Research Chemicals,"Tetrabutylammonium hydrogen sulphate, 98% Tetrabutylammonium hydroxide",,32503-27-8,Synthesis,92322,500 G,28331990,18,
Fine & Research Chemicals,0.1 M solution in water Tetrabutylammonium hydroxide,,2052-49-5,AR,91758,500 ML,29239000,18,
Fine & Research Chemicals,0.1 N solution in Methanol Tetrabutylammonium hydroxide,,2052-49-5,AR,91754,500 ML,29239000,18,
Fine & Research Chemicals,0.1 N solution in water Tetrabutylammonium hydroxide,,2052-49-5,AR,91742,100 ML,29239000,18,
Fine & Research Chemicals,0.1 N solution in water Tetrabutylammonium hydroxide,,2052-49-5,AR,91742,500 ML,29239000,18,
Fine & Research Chemicals,1.0 N solution in Methanol Tetrabutylammonium hydroxide,,2052-49-5,AR,91737,100 ML,29239000,18,
Fine & Research Chemicals,1.0 N solution in Methanol Tetrabutylammonium hydroxide,,2052-49-5,AR,91737,500 ML,29239000,18,
Fine & Research Chemicals,10 wt.% solution in Methanol,,2052-49-5,AR,91753,100 ML,29239000,18,
Fine & Research Chemicals,10 wt.% solution in Methanol Tetrabutylammonium hydroxide,,2052-49-5,AR,91753,500 ML,29239000,18,
Fine & Research Chemicals,10 wt.% solution in water Tetrabutylammonium hydroxide,,2052-49-5,AR,91750,100 ML,29239000,18,
Fine & Research Chemicals,10 wt.% solution in water Tetrabutylammonium hydroxide,,2052-49-5,AR,91750,500 ML,29239000,18,
Fine & Research Chemicals,20 wt.% solution in Methanol Tetrabutylammonium hydroxide,,2052-49-5,AR,91752,100 ML,29239000,18,
Fine & Research Chemicals,20 wt.% solution in Methanol Tetrabutylammonium hydroxide,,2052-49-5,AR,91752,500 ML,29239000,18,
Fine & Research Chemicals,20 wt.% solution in water Tetrabutylammonium hydroxide,,2052-49-5,AR,91749,100 ML,29239000,18,
Fine & Research Chemicals,20 wt.% solution in water Tetrabutylammonium hydroxide,,2052-49-5,AR,91749,500 ML,29239000,18,
Fine & Research Chemicals,25 wt.% solution in Methanol Tetrabutylammonium hydroxide,,2052-49-5,AR,91751,100 ML,29239000,18,
Fine & Research Chemicals,25 wt.% solution in Methanol Tetrabutylammonium hydroxide,,2052-49-5,AR,91751,500 ML,29239000,18,
Fine & Research Chemicals,25 wt.% solution in water Tetrabutylammonium hydroxide,,2052-49-5,AR,91748,100 ML,29239000,18,
Fine & Research Chemicals,25 wt.% solution in water Tetrabutylammonium hydroxide,,2052-49-5,AR,91748,500 ML,29239000,18,
Fine & Research Chemicals,40 wt.% solution in water Tetrabutylammonium hydroxide,,2052-49-5,AR,91747,100 ML,29239000,18,
Fine & Research Chemicals,"40 wt.% solution in water Tetrabutylammonium hydroxide,",,2052-49-5,AR,91747,500 ML,29239000,18,
Fine & Research Chemicals,"40 wt% in Methanol Tetrabutylammonium hydroxide,",,2052-49-5,AR,93088,100 ML,29239000,18,
Fine & Research Chemicals,40 wt% in Methanol,,2052-49-5,AR,93088,500 ML,29239000,18,
Fine & Research Chemicals,"Tetrabutylammonium iodide, 98%",,311-28-4,Synthesis,92323,100 G,29239000,18,
Fine & Research Chemicals,"Tetrabutylammonium iodide, 98%",,311-28-4,Synthesis,92323,500 G,29239000,18,
Fine & Research Chemicals,"Tetrabutylammonium tribromide, 98%",,38932-80-8,Synthesis,92325,25 G,29239000,18,
Fine & Research Chemicals,"Tetrabutylammonium tribromide, 98%",,38932-80-8,Synthesis,92325,100 G,29239000,18,
Fine & Research Chemicals,"1,1,2,2-Tetrachloroethane",,79-34-5,AR,90258,500 ML,29031910,18,
Fine & Research Chemicals,"1,1,2,2-Tetrachloroethane",,79-34-5,LR,90573,500 ML,29031990,18,
Fine & Research Chemicals,Tetrachloroethylene,,127-18-4,LR,93448,500 ML,29031990,18,
Fine & Research Chemicals,Tetrachloroethylene,,127-18-4,GC,99035,50 ML,29032300,18,
Fine & Research Chemicals,Tetradecylammonium bromide,,14937-42-9,HPLC,90078,25 G,29239000,18,
Fine & Research Chemicals,Tetradecylammonium bromide,,14937-42-9,HPLC,90078,500 G,29239000,18,
Fine & Research Chemicals,Tetradecylammonium bromide,,14937-42-9,HPLC,90078,1 KG,29239000,18,
Fine & Research Chemicals,Tetradecylammonium bromide,,14937-42-9,HPLC,90078,5 KG,29239000,18,
Fine & Research Chemicals,"Tetradecyltrimethylammonium bromide, 98%",,1119-97-7,LR,92720,500 G,29239000,18,
Fine & Research Chemicals,Tetraethyl orthosilicate,,78-10-4,LR,93287,1 L,29209099,18,
Fine & Research Chemicals,"Tetraethylammonium bromide, 98%",,71-91-0,LR,90574,100 G,29239000,18,
Fine & Research Chemicals,"Tetraethylammonium bromide, 98%",,71-91-0,LR,90574,500 G,29239000,18,
Fine & Research Chemicals,"Tetraethylammonium hydrogen sulphate, 98%",,16873-13-5,Synthesis,92327,25 G,29239000,18,
Fine & Research Chemicals,"Tetraethylammonium hydrogen sulphate, 98%",,16873-13-5,Synthesis,92327,100 G,29239000,18,
Fine & Research Chemicals,Tetrafluoroboric acid,,16872-11-0,LR,92569,500 ML,28111990,18,
Fine & Research Chemicals,Tetraheptylammonium bromide,,4368-51-8,AR,96045,25 G,29239000,18,
Fine & Research Chemicals,Tetrahydrofuran,,109-99-9,LC-MS,90067,1 L,29321100,18,
Fine & Research Chemicals,Tetrahydrofuran,,109-99-9,HPLC,90049,100 ML,29321100,18,
Fine & Research Chemicals,Tetrahydrofuran,,109-99-9,HPLC,90049,500 ML,29321100,18,
Fine & Research Chemicals,Tetrahydrofuran,,109-99-9,HPLC,90049,1 L,29321100,18,
Fine & Research Chemicals,Tetrahydrofuran,,109-99-9,HPLC,90049,2.5 L,29321100,18,
Fine & Research Chemicals,Tetrahydrofuran,,109-99-9,GC,94057,250 ML,29321100,18,
Fine & Research Chemicals,Tetrahydrofuran,,109-99-9,GC,94057,500 ML,29321100,18,
Fine & Research Chemicals,Tetrahydrofuran,,109-99-9,GC,94057,1 L,29321100,18,
Fine & Research Chemicals,Tetrahydrofuran,,109-99-9,ACS,91650,2.5 L,29321100,18,
Fine & Research Chemicals,Tetrahydrofuran,,109-99-9,AR,90259,500 ML,29321100,18,
Fine & Research Chemicals,Tetrahydrofuran,,109-99-9,AR,90259,2.5 L,29321100,18,
Fine & Research Chemicals,Tetrahydrofuran,,109-99-9,DRYSOLV,90726,500 ML,29321100,18,
Fine & Research Chemicals,Tetrahydrofuran,,109-99-9,DRYSOLV,90726,2.5 L,29321100,18,
Fine & Research Chemicals,Tetrahydrofuran,,109-99-9,LR,90575,500 ML,29321100,18,
Fine & Research Chemicals,Tetrahydrofuran,,109-99-9,LR,90575,1 L,29321100,18,
Fine & Research Chemicals,Tetrahydrofuran,,109-99-9,LR,90575,2.5 L,29321100,18,
Fine & Research Chemicals,Tetrahydrofuran,,109-99-9,SG,94110,500 ML,29321100,18,
Fine & Research Chemicals,Tetrahydrofuran (Inhibitor free),,109-99-9,HPLC,90075,100 ML,29321100,18,
Fine & Research Chemicals,Tetrahydrofuran (Inhibitor free),,109-99-9,HPLC,90075,500 ML,29321100,18,
Fine & Research Chemicals,Tetrahydrofuran (Inhibitor free),,109-99-9,HPLC,90075,1 L,29321100,18,
Fine & Research Chemicals,"1,1,3,3-Tetramethoxyproane, 98%",,102-52-3,LR,92554,1 KG,29420090,18,
Fine & Research Chemicals,"Tetramethylammonium bromide, 99%",,64-20-0,Synthesis,92328,100 G,29239000,18,
Fine & Research Chemicals,"Tetramethylammonium bromide, 99%",,64-20-0,Synthesis,92328,500 G,29239000,18,
Fine & Research Chemicals,"Tetramethylammonium chloride, 98%",,75-57-0,Synthesis,92329,100 G,29239000,18,
Fine & Research Chemicals,"Tetramethylammonium chloride, 98%",,75-57-0,Synthesis,92329,500 G,29239000,18,
Fine & Research Chemicals,"Tetramethylammonium hydrogen sulphate,",,80526-82-5,98% Synthesis,92330,100 G,29239000,18,
Fine & Research Chemicals,"Tetramethylammonium hydrogen sulphate, Tetramethylammonium hydroxide",,80526-82-5,98% Synthesis,92330,500 G,29239000,18,
Fine & Research Chemicals,10 wt.% in water Tetramethylammonium hydroxide,,75-59-2,Synthesis,93110,100 ML,38220090,18,
Fine & Research Chemicals,10 wt.% in water,,75-59-2,Synthesis,93110,500 ML,38220090,18,
Fine & Research Chemicals,Tetramethylammonium hydroxide pentahydrate,,10424-65-4,Synthesis,90955,25 G,29239000,18,
Fine & Research Chemicals,"Tetramethylammonium hydroxide pentahydrate Tetramethylammonium hydroxide,",,10424-65-4,Synthesis,90955,100 G,29239000,18,
Fine & Research Chemicals,"25 wt.% in water Tetramethylammonium hydroxide,",,75-59-2,Synthesis,93113,100 ML,38220090,18,
Fine & Research Chemicals,25 wt.% in water,,75-59-2,Synthesis,93113,500 ML,38220090,18,
Fine & Research Chemicals,Tetramethylethylenediamine,,110-18-9,LR,93298,100 ML,29212990,5,
Fine & Research Chemicals,Tetramethylethylenediamine,,110-18-9,LR,93298,500 ML,29212990,18,
Fine & Research Chemicals,"2,2,6,6-Tetramethylpiperidine, 98%",,768-66-1,Synthesis,92490,100 G,29333200,18,
Fine & Research Chemicals,"Tetra-n-octylammonium bromide, 99%",,14866-33-2,Synthesis,92341,25 G,29239000,18,
Fine & Research Chemicals,"Tetra-n-octylammonium bromide, 99%",,14866-33-2,Synthesis,92341,100 G,29239000,18,
Fine & Research Chemicals,"Tetrapropylammonium bromide, 99%",,1941-30-6,Synthesis,92331,100 G,29239000,18,
Fine & Research Chemicals,"Tetrapropylammonium bromide, 99% Tetrapropylammonium hydroxide",,1941-30-6,Synthesis,92331,500 G,29239000,18,
Fine & Research Chemicals,10 wt.% solution in water Tetrapropylammonium hydroxide,,4499-86-9,AR,91757,100 ML,29239000,18,
Fine & Research Chemicals,20 wt.% solution in water Tetrapropylammonium hydroxide,,4499-86-9,AR,91756,100 ML,29239000,18,
Fine & Research Chemicals,40 wt.% solution in water,,4499-86-9,AR,91755,100 ML,29239000,18,
Fine & Research Chemicals,Tetra-Sodium pyrophosphate decahydrate,,13472-36-1,AR,96056,500 G,28353900,18,
Fine & Research Chemicals,"Tetrazine (for microscopy), 85%",,1934-21-0,MolBio,90946,25 G,32041990,18,
Fine & Research Chemicals,"Tetrazine (for microscopy), 85%",,1934-21-0,MolBio,90946,100 G,32041990,18,
Fine & Research Chemicals,Thiamine hydrochloride (Vitamin B1),,67-03-8,MolBio,92639,500 G,29362210,18,
Fine & Research Chemicals,Thioacetamide,,62-55-5,LR,93156,500 G,29242950,18,
Fine & Research Chemicals,"Thioanisole, 99%",,100-68-5,Synthesis,92032,100 ML,29309070,18,
Fine & Research Chemicals,"Thioanisole, 99%",,100-68-5,Synthesis,92032,500 ML,29309070,18,
Fine & Research Chemicals,Thiobarbituric acid,,504-17-6,Synthesis,91584,25 G,29333990,18,
Fine & Research Chemicals,Thioglycolic acid,,68-11-1,LR,93142,500 ML,29309099,18,
Fine & Research Chemicals,Thioglycolic acid,,68-11-1,LR,93142,1 L,29157090,18,
Fine & Research Chemicals,Thionyl chloride,,7719-09-7,LR,93059,2.5 L,28129000,18,
Fine & Research Chemicals,"2,5-Thiophenedicarboxylic acid",,4282-31-9,Synthesis,92857,25 G,29349900,18,
Fine & Research Chemicals,Thiourea,,62-56-6,AR,90260,500 G,29309010,18,
Fine & Research Chemicals,Thiourea,,62-56-6,LR,90576,500 G,29309010,18,
Fine & Research Chemicals,Thymidine,,50-89-5,LR,93599,100 G,29335990,18,
Fine & Research Chemicals,Thymol,,89-83-8,LR,93363,100 G,29071990,18,
Fine & Research Chemicals,Thymol blue indicator powder,,76-61-9,Indicator,91794,5 G,29349900,18,
Fine & Research Chemicals,Thymol blue indicator powder,,76-61-9,Indicator,91794,25 G,29349900,18,
Fine & Research Chemicals,Thymolphthalein indicator powder,,125-20-2,Indicator,94171,5 G,29322090,18,
Fine & Research Chemicals,Thymolphthalein indicator solution,,125-20-2,Indicator,94199,125 ML,38220090,18,
Fine & Research Chemicals,Tin metal granulated,,7440-31-5,LR,90577,100 G,28051900,18,
Fine & Research Chemicals,Tin metal granulated,,7440-31-5,LR,90577,500 G,28051900,18,
Fine & Research Chemicals,TISAB III solution (for fluoride determination),,,AR,97161,500 ML,38229090,18,
Fine & Research Chemicals,Titanium (IV) butoxide,,5593-70-4,LR,93381,500 ML,29051990,18,
Fine & Research Chemicals,Titanium (IV) dioxide,,13463-67-7,AR,91511,1 KG,28230010,18,
Fine & Research Chemicals,Titanium (IV) isopropoxide,,546-68-9,LR,93288,500 ML,29051990,18,
Fine & Research Chemicals,Titanium tetrachloride (Titanium(IV) chloride),,7550-45-0,LR,93197,500 ML,28273990,18,
Fine & Research Chemicals,Titanium tetrachloride (Titanium(IV) chloride),,7550-45-0,LR,93197,1 L,28273990,18,
Fine & Research Chemicals,Titanium tetrachloride (Titanium(IV) chloride),,7550-45-0,LR,93197,2.5 L,28273990,18,
Fine & Research Chemicals,Titanium(III) chloride 15% solution,,7705-07-9,LR,93283,500 ML,28273990,18,
Fine & Research Chemicals,Titanium(III) chloride 15% solution,,7705-07-9,LR,93283,1 L,28273990,18,
Fine & Research Chemicals,Titanium(IV) dioxide,,13463-67-7,AR,91511,100 G,28230010,18,
Fine & Research Chemicals,Titanium(IV) dioxide,,13463-67-7,AR,91511,500 G,28230010,18,
Fine & Research Chemicals,Titanium(IV) dioxide,,13463-67-7,LR,90578,500 G,28230010,18,
Fine & Research Chemicals,Titanium(IV) dioxide,,13463-67-7,LR,90578,1 KG,28230010,18,
Fine & Research Chemicals,Tocophenyl acetate,,7695-91-2,LR,93063,25G M,29362800,18,
Fine & Research Chemicals,Tollens reagent,,,LR,94231,100 ML,38229090,12,
Fine & Research Chemicals,Toluene,,108-88-3,HPLC,90050,1 L,29023000,18,
Fine & Research Chemicals,Toluene,,108-88-3,HPLC,90050,2.5 L,29023000,18,
Fine & Research Chemicals,Toluene,,108-88-3,GC,94031,250 ML,29023000,18,
Fine & Research Chemicals,Toluene,,108-88-3,GC,94031,500 ML,29023000,18,
Fine & Research Chemicals,Toluene,,108-88-3,GC,94031,1 L,29023000,18,
Fine & Research Chemicals,Toluene,,108-88-3,AR,90261,500 ML,29023000,18,
Fine & Research Chemicals,Toluene,,108-88-3,AR,90261,2.5 L,29023000,18,
Fine & Research Chemicals,Toluene,,108-88-3,DRYSOLV,90727,500 ML,29023000,18,
Fine & Research Chemicals,Toluene,,108-88-3,DRYSOLV,90727,1 L,29023000,18,
Fine & Research Chemicals,Toluene,,108-88-3,DRYSOLV,90727,2.5 L,29023000,18,
Fine & Research Chemicals,Toluene,,108-88-3,LN,94270,2.5 L,29023000,18,
Fine & Research Chemicals,Toluene,,108-88-3,SG,94114,2.5 L,29023000,18,
Fine & Research Chemicals,Toluene (rectified),,108-88-3,LR,90579,500 ML,29023000,18,
Fine & Research Chemicals,Toluene (rectified),,108-88-3,LR,90579,2.5 L,29023000,18,
Fine & Research Chemicals,Toluene (sulphur free),,108-88-3,LR,90580,500 ML,29023000,18,
Fine & Research Chemicals,Toluene (sulphur free),,108-88-3,LR,90580,2.5 L,29023000,18,
Fine & Research Chemicals,Toluene anhydrous,,108-88-3,AR,93431,2.5 L,29023000,18,
Fine & Research Chemicals,Toluidine Blue O,,92-31-9,Stain,94177,5 G,32049000,18,
Fine & Research Chemicals,Total hardness tablets,,,LR,94208,100 TABS,38220090,18,
Fine & Research Chemicals,"Trans-2-phenylvinylboronic acid, 95%",,6783-05-7,Synthesis,92841,5 G,29335990,18,
Fine & Research Chemicals,"Tributylamine, 98%",,102-82-9,LR,93082,500 ML,29211990,18,
Fine & Research Chemicals,"Tributylamine, 98% Tributylmethylammonium chloride,",,102-82-9,LR,93082,2.5 L,29211990,18,
Fine & Research Chemicals,70 wt% solution in water,,56375-79-2,Synthesis,92312,100 ML,39140090,18,
Fine & Research Chemicals,70 wt% solution in water,,56375-79-2,Synthesis,92312,500 ML,39140090,18,
Fine & Research Chemicals,"Tributylmethylammonium chloride, 98%",,56375-79-2,Synthesis,92311,25 G,39140090,18,
Fine & Research Chemicals,"Tributylmethylammonium chloride, 98%",,56375-79-2,Synthesis,92311,100 G,39140090,18,
Fine & Research Chemicals,Trichloroacetic acid (6.1 N) solution,,76-03-9,Solution,97028,100 ML,29154030,18,
Fine & Research Chemicals,"Trichloroacetic acid, 99%",,76-03-9,Synthesis,91918,500 G,29154030,18,
Fine & Research Chemicals,"Trichloroacetic acid, 99%",,76-03-9,LR,93027,500 G,29154030,18,
Fine & Research Chemicals,"1,2,4-Trichlorobenzene, 99%",,120-82-1,HPLC,90065,500 ML,29039990,5,
Fine & Research Chemicals,"1,2,4-Trichlorobenzene, 99%",,120-82-1,HPLC,90065,1 L,29039990,5,
Fine & Research Chemicals,"1,2,4-Trichlorobenzene, 99%",,120-82-1,HPLC,90065,2.5 L,29039990,5,
Fine & Research Chemicals,"1,2,4-Trichlorobenzene, 99%",,120-82-1,LR,93046,500 ML,29039990,5,
Fine & Research Chemicals,"1,2,4-Trichlorobenzene, 99%",,120-82-1,LR,93046,2.5 L,29039990,5,
Fine & Research Chemicals,Trichloroethylene,,79-01-6,EL,90735,2.5 L,29032200,18,
Fine & Research Chemicals,Trichloroethylene,,79-01-6,AR,90262,500 ML,29032200,18,
Fine & Research Chemicals,Trichloroethylene,,79-01-6,AR,90262,2.5 L,29032200,18,
Fine & Research Chemicals,Trichloroethylene,,79-01-6,LR,90581,500 ML,29032200,18,
Fine & Research Chemicals,Trichloroethylene,,79-01-6,LR,90581,2.5 L,29032200,18,
Fine & Research Chemicals,Triethanolamine,,102-71-6,AR,90263,500 ML,29221310,18,
Fine & Research Chemicals,Triethanolamine,,102-71-6,AR,90263,2.5 L,29221310,18,
Fine & Research Chemicals,Triethanolamine,,102-71-6,LR,90582,500 ML,29221310,18,
Fine & Research Chemicals,Triethanolamine,,102-71-6,LR,90582,1 L,29221310,18,
Fine & Research Chemicals,Triethanolamine,,102-71-6,LR,90582,2.5 L,29221310,18,
Fine & Research Chemicals,"Triethyl orthoformate, 98%",,122-51-0,Synthesis,91938,250 ML,29159090,18,
Fine & Research Chemicals,"Triethyl phosphate, 99%",,78-40-0,Synthesis,91923,250 ML,29199090,18,
Fine & Research Chemicals,Triethylamine,,121-44-8,HPLC,90051,3 ML,29211900,18,
Fine & Research Chemicals,Triethylamine,,121-44-8,HPLC,90051,5X3 ML,29211900,18,
Fine & Research Chemicals,Triethylamine,,121-44-8,HPLC,90051,250 ML,29211900,18,
Fine & Research Chemicals,Triethylamine,,121-44-8,HPLC,90051,500 ML,29211900,18,
Fine & Research Chemicals,Triethylamine,,121-44-8,HPLC,90051,1 L,29211900,18,
Fine & Research Chemicals,Triethylamine,,121-44-8,GC-HS,90716,250 ML,29211900,18,
Fine & Research Chemicals,Triethylamine,,121-44-8,GC-HS,90716,500 ML,29211900,18,
Fine & Research Chemicals,Triethylamine,,121-44-8,GC-HS,90716,1 L,29211900,18,
Fine & Research Chemicals,Triethylamine,,121-44-8,GC,94088,250 ML,29211900,18,
Fine & Research Chemicals,Triethylamine,,121-44-8,GC,94088,500 ML,29211900,18,
Fine & Research Chemicals,Triethylamine,,121-44-8,GC,94088,1 L,29211900,18,
Fine & Research Chemicals,Triethylamine,,121-44-8,AR,91514,500 ML,29211900,18,
Fine & Research Chemicals,Triethylamine,,121-44-8,AR,91514,1 L,29211900,18,
Fine & Research Chemicals,Triethylamine,,121-44-8,AR,91514,2.5 L,29211900,18,
Fine & Research Chemicals,Triethylamine,,121-44-8,DRYSOLV,93424,500 ML,29211900,18,
Fine & Research Chemicals,Triethylamine,,121-44-8,DRYSOLV,93424,1 L,29211900,18,
Fine & Research Chemicals,Triethylamine,,121-44-8,DRYSOLV,93424,2.5 L,29211900,18,
Fine & Research Chemicals,Triethylamine,,121-44-8,LR,91837,500 ML,29211990,18,
Fine & Research Chemicals,Triethylamine,,121-44-8,LR,91837,2.5 L,29211990,18,
Fine & Research Chemicals,Triethylamine,,121-44-8,LN,94271,500 ML,29211900,18,
Fine & Research Chemicals,Triethylamine,,121-44-8,LN,94271,1 L,29211900,18,
Fine & Research Chemicals,Triethylamine,,121-44-8,LN,94271,2.5 L,29211900,18,
Fine & Research Chemicals,"Triethylamine hydrochloride, 99%",,554-68-7,Synthesis,92002,500 G,29211990,18,
Fine & Research Chemicals,Triethylene glycol,,112-27-6,GC,94087,500 ML,29053100,18,
Fine & Research Chemicals,Triethylorthoformate,,122-51-0,GC,99103,250 ML,29211900,18,
Fine & Research Chemicals,"Triethylsilane, 98%",,617-86-7,Synthesis,92064,25 G,29319090,18,
Fine & Research Chemicals,"Triethylsilane, 98%",,617-86-7,Synthesis,92064,100 G,29319090,18,
Fine & Research Chemicals,Trifluoroacetic acid,,76-05-1,DRYSOLV,96256,50 ML,29159090,18,
Fine & Research Chemicals,"Trifluoroacetic acid, 99% (ampoules)",,76-05-1,LC-MS,98710,5x3 ML,29159090,18,
Fine & Research Chemicals,"Trifluoroacetic acid, 99%",,76-05-1,LC-MS,98710,50 ML,29159090,18,
Fine & Research Chemicals,"Trifluoroacetic acid, 99 %",,76-05-1,LC-MS,98710,100 ML,29159090,18,
Fine & Research Chemicals,"Trifluoroacetic acid, 99 %",,76-05-1,LC-MS,98710,500 ML,29159090,18,
Fine & Research Chemicals,"Trifluoroacetic acid, 99 %",,76-05-1,AR,92496,100 ML,29159090,18,
Fine & Research Chemicals,"Trifluoroacetic acid, 99 %",,76-05-1,AR,92496,500 ML,29159090,18,
Fine & Research Chemicals,"Trifluoroacetic acid, 99%",,76-05-1,HPLC,92433,100 ML,29159090,18,
Fine & Research Chemicals,"Trifluoroacetic acid, 99%",,76-05-1,HPLC,92433,500 ML,29159090,18,
Fine & Research Chemicals,"Trifluoroacetic acid, 99%",,76-05-1,HPLC,92433,1 L,29159090,18,
Fine & Research Chemicals,"Trifluoroacetic acid, 99%",,76-05-1,Synthesis,91924,100 ML,29159090,18,
Fine & Research Chemicals,"Trifluoroacetic acid, 99%",,76-05-1,Synthesis,91924,500 ML,29159090,18,
Fine & Research Chemicals,Trifluoroacetic anhydride,,407-25-0,LR,93620,500 ML,29159090,18,
Fine & Research Chemicals,"2,2,2-Trifluoroethanol, 99%",,75-89-8,Synthesis,92066,100 ML,29095090,18,
Fine & Research Chemicals,"2,2,2-Trifluoroethanol, 99%",,75-89-8,Synthesis,92066,500 ML,29095090,18,
Fine & Research Chemicals,"2,2,2-Trifluoroethyl iodide, 99%",,353-83-3,Synthesis,92367,5 G,29033990,18,
Fine & Research Chemicals,"2,2,2-Trifluoroethyl iodide, 99%",,353-83-3,Synthesis,92367,25 G,29033990,18,
Fine & Research Chemicals,"Trifluoromethanesulphonic acid,99%",,1493-13-6,LR,93365,500 ML,29049900,18,
Fine & Research Chemicals,4-(Trifluoromethyl)aniline 98%,,455-14-1,Synthesis,92779,100 G,29214110,18,
Fine & Research Chemicals,Trimethyl borate,,121-43-7,LR,92884,100 ML,29209099,18,
Fine & Research Chemicals,Trimethyl orthoacetate,,1445-45-0,GC,99124,250 ML,29420090,18,
Fine & Research Chemicals,"Trimethyl orthoformate, 98%",,149-73-5,Synthesis,91939,500 ML,29152990,18,
Fine & Research Chemicals,Trimethylamine 30% in water,,75-50-3,LR,93376,1 L,29211990,18,
Fine & Research Chemicals,"Trimethylphenylammonium bromide, 98%",,16056-11-4,Synthesis,92313,25 G,29239000,18,
Fine & Research Chemicals,"Trimethylphenylammonium bromide, 98%",,16056-11-4,Synthesis,92313,100 G,29239000,18,
Fine & Research Chemicals,"Trimethylphenylammonium chloride, 98%",,138-24-9,Synthesis,92314,100 G,29239000,18,
Fine & Research Chemicals,"Trimethylphenylammonium chloride, 98%",,138-24-9,Synthesis,92314,500 G,29239000,18,
Fine & Research Chemicals,"Trimethylsulphonium iodide, 98%",,2181-42-2,Synthesis,92352,100 G,29309099,18,
Fine & Research Chemicals,"Trimethylsulphonium iodide, 98%",,2181-42-2,Synthesis,92352,500 G,29309099,18,
Fine & Research Chemicals,"Trimethylsulphoxonium iodide, 98%",,1774-47-6,Synthesis,92357,100 G,29291090,18,
Fine & Research Chemicals,"Trimethylsulphoxonium iodide, 98%",,1774-47-6,Synthesis,92357,500 G,29291090,18,
Fine & Research Chemicals,"Tri-n-butyl phosphate, 99%",,126-73-8,Synthesis,91919,500 ML,29199090,18,
Fine & Research Chemicals,Trioctylphosphine oxide,,78-50-2,AR,96047,10 G,29319090,18,
Fine & Research Chemicals,Trioctylphosphine oxide,,78-50-2,AR,96047,100 G,29319090,18,
Fine & Research Chemicals,"1,3,5-Trioxane",,110-88-3,LR,93435,1 KG,29121990,18,
Fine & Research Chemicals,Triphenyl phosphine,,603-35-0,LR,93301,250 G,29319090,18,
Fine & Research Chemicals,"Triphenyl phosphite, 98%",,101-02-0,Synthesis,91901,500 ML,29209099,18,
Fine & Research Chemicals,"Triphosgene, 98%",,32315-10-9,Synthesis,92065,100 G,29209099,18,
Fine & Research Chemicals,"Triphosgene, 98%",,32315-10-9,Synthesis,92065,500 G,29209099,18,
Fine & Research Chemicals,Tris buffer,,77-86-1,AR,90265,100 G,29211110,18,
Fine & Research Chemicals,Tris buffer,,77-86-1,AR,90265,500 G,29211110,18,
Fine & Research Chemicals,"Tris hydrochloride, 98%",,1185-53-1,AR,91517,500 G,29221990,18,
Fine & Research Chemicals,Tris(2-ethylhexyl)phosphate,,78-42-2,LR,92930,500 ML,29161290,18,
Fine & Research Chemicals,Triton X-100,,9002-93-1,MolBio,90922,250 ML,34021900,18,
Fine & Research Chemicals,Triton X-100,,9002-93-1,MolBio,90922,500 ML,34021900,18,
Fine & Research Chemicals,Triton X-100,,9002-93-1,MolBio,90922,1 L,34021900,18,
Fine & Research Chemicals,Triton X-405 (70% solution),,9036-19-5,MolBio,90941,500 ML,34021300,18,
Fine & Research Chemicals,Triton X-405 (70% solution),,9036-19-5,MolBio,90941,1 L,34021300,18,
Fine & Research Chemicals,Triton X-705 (70% solution),,9036-19-5,MolBio,90942,500 ML,34021300,18,
Fine & Research Chemicals,"Trityl chloride, 98%",,76-83-5,Synthesis,92300,100 G,39039090,18,
Fine & Research Chemicals,"Trityl chloride, 98%",,76-83-5,Synthesis,92300,500 G,39039090,18,
Fine & Research Chemicals,Tungsten metal powder,,7440-33-7,LR,93356,500 G,81019990,18,
Fine & Research Chemicals,Universal indicator solution,,,Indicator,91773,100 ml,38220090,18,
Fine & Research Chemicals,Universal indicator solution,,,Indicator,91773,500 ml,38220090,18,
Fine & Research Chemicals,"Uracil, 99%",,66-22-8,Synthesis,92893,100 G,29335990,18,
Fine & Research Chemicals,Urea,,57-13-6,MolBio,92645,100 G,29241900,18,
Fine & Research Chemicals,Urea,,57-13-6,AR,90267,500 G,29241900,18,
Fine & Research Chemicals,Urea,,57-13-6,LR,90585,500 G,29241900,18,
Fine & Research Chemicals,Vanadium pentoxide,,1314-62-1,LR,90686,100 G,28253010,5,
Fine & Research Chemicals,Vanillic acid,,121-34-6,LR,92886,100 G,29072990,18,
Fine & Research Chemicals,Vanillin,,121-33-5,LR,90586,100 G,29124100,18,
Fine & Research Chemicals,"Vinyl acetate 99%, stabilized with HQ",,108-05-4,Synthesis,90998,500 ML,29153200,18,
Fine & Research Chemicals,"Vinyl acetate 99%, stabilized with HQ",,108-05-4,Synthesis,90998,1 L,29153200,18,
Fine & Research Chemicals,"Vinyl bromide solution, 1 M in THF",,593-60-2,Synthesis,90923,1 L,29420090,18,
Fine & Research Chemicals,"Vinyl bromide solution, 25% in THF",,593-60-2,AR,92507,1 L,29420090,18,
Fine & Research Chemicals,Vinyl magnesium bromide 1.0M in THF,,1826-67-1,AR,92504,1 L,29420090,18,
Fine & Research Chemicals,1-Vinyl-2-pyrrolidone,,88-12-0,LR,92899,500 ML,29339900,18,
Fine & Research Chemicals,Vitamin A acetate,,7695-91-2,Synthesis,92832,1 KG,29362100,18,
Fine & Research Chemicals,Water,,7732-18-5,LC-MS,98717,1 L,28539090,18,
Fine & Research Chemicals,Water,,7732-18-5,LC-MS,98717,4 L,28539090,18,
Fine & Research Chemicals,Water,,7732-18-5,HPLC,90052,1 L,38220090,18,
Fine & Research Chemicals,Water (Distilled),,7732-18-5,AR,93542,5 L,28539090,18,
Fine & Research Chemicals,Water (Distilled),,7732-18-5,LR,90399,5 L,38220090,18,
Fine & Research Chemicals,WIJ'S solution,,7790-99-0,Solution,91746,500 ML,38220090,18,
Fine & Research Chemicals,Wright's stain powder,,,Stain,94206,25 G,32041929,18,
Fine & Research Chemicals,Wright's stain solution,,,Stain,94207,125 ML,32041929,18,
Fine & Research Chemicals,Xylenes,,1330-20-7,AR,90268,500 ML,29024400,18,
Fine & Research Chemicals,Xylenes,,1330-20-7,AR,90268,2.5 L,29024400,18,
Fine & Research Chemicals,Xylenes (rectified),,1330-20-7,LR,90587,500 ML,29024400,18,
Fine & Research Chemicals,Xylenes (rectified),,1330-20-7,LR,90587,1 L,29024400,18,
Fine & Research Chemicals,Xylenes (rectified),,1330-20-7,LR,90587,2.5 L,29024400,18,
Fine & Research Chemicals,Xylenes (sulphur free),,1330-20-7,LR,90588,500 ML,29024400,18,
Fine & Research Chemicals,Xylenes (sulphur free),,1330-20-7,LR,90588,2.5 L,29024400,18,
Fine & Research Chemicals,Xylenol orange solution,,3618-43-7,LR,94238,500 ML,29349900,18,
Fine & Research Chemicals,Xylenol orange (Biological stain),,3618-43-7,Stain,91800,5 G,29349900,18,
Fine & Research Chemicals,Xylidine ponceau for microscopy,,3761-53-3,LR,92650,25 G,32049000,18,
Fine & Research Chemicals,g-Cyclodextrin,,17465-86-0,Synthesis,92928,5 G,29335990,18,
Fine & Research Chemicals,Yeast extract,,8013-01-2,MolBio,92627,500 G,38210000,18,
Fine & Research Chemicals,Yeast extract,,8013-01-2,LR,92644,500 G,21021090,18,
Fine & Research Chemicals,Yttrium(III) nitrate hexahydrate,,13494-98-9,LR,93126,100 G,28469020,18,
Fine & Research Chemicals,Zinc acetate dihydrate,,5970-45-6,AR,96042,500 G,29159090,18,
Fine & Research Chemicals,Zinc acetate dihydrate,,5970-45-6,LR,90589,500 G,29159090,18,
Fine & Research Chemicals,Zinc carbonate,,3486-35-9,LR,93209,500 G,28369990,18,
Fine & Research Chemicals,Zinc chloride,,7646-85-7,AR,90269,500 G,28273600,18,
Fine & Research Chemicals,Zinc chloride,,7646-85-7,LR,90590,500 G,28273600,18,
Fine & Research Chemicals,Zinc chloride,,7646-85-7,LR,90590,1 KG,28273600,18,
Fine & Research Chemicals,Zinc dust,,7440-66-6,AR,96046,500 G,79031000,18,
Fine & Research Chemicals,Zinc dust,,7440-66-6,LR,90591,500 G,79031000,18,
Fine & Research Chemicals,Zinc iodide,,10139-47-6,LR,92355,100 G,28276000,18,
Fine & Research Chemicals,Zinc iodide,,10139-47-6,LR,92355,500 G,28276000,18,
Fine & Research Chemicals,Zinc metal granulated,,7440-66-6,LR,90592,500 G,28051900,18,
Fine & Research Chemicals,Zinc nicotinate,,51914-60-4,LR,93556,500 G,29333990,18,
Fine & Research Chemicals,Zinc nicotinate,,51914-60-4,LR,93556,5 KG,29333990,18,
Fine & Research Chemicals,Zinc oxide,,1314-13-2,AR,90270,500 G,28170010,18,
Fine & Research Chemicals,Zinc oxide,,1314-13-2,LR,90593,500 G,28170010,18,
Fine & Research Chemicals,Zinc oxide,,1314-13-2,LR,90593,5 KG,28170010,18,
Fine & Research Chemicals,Zinc oxide nano powder(10-30nm),,1314-13-2,Synthesis,93500,50 G,28170010,18,
Fine & Research Chemicals,Zinc sulphate heptahydrate,,7446-20-0,AR,90271,500 G,28332690,18,
Fine & Research Chemicals,Zinc sulphate heptahydrate,,7446-20-0,LR,90609,500 G,28332690,18,
Fine & Research Chemicals,Zinc sulphate M/20 (0.05 M) solution,,7446-20-0,Solution,97188,500 ML,38220090,18,
Fine & Research Chemicals,Zirconium oxychloride,,13520-92-8,LR,93014,500 G,28273990,18,
Complying Pharmacopoeia Specifications,Adenine,,73-24-5,USP-NF,91165,500 G,29349990,18,
Complying Pharmacopoeia Specifications,Ammonium Chloride,,12125-02-9,EP,91405,500 G,28271000,18,
Complying Pharmacopoeia Specifications,Ammonium Sulphate,,7783-20-2,USP-NF,91162,500 G,28332990,18,
Complying Pharmacopoeia Specifications,Benzalkonium Chloride,,63449-41-2,IP,91226,500 G,34021200,18,
Complying Pharmacopoeia Specifications,Benzalkonium Chloride,,63449-41-2,USP-NF,91158,500 G,34021200,18,
Complying Pharmacopoeia Specifications,Benzoic Acid,,65-85-0,BP,91323,500 G,29163110,18,
Complying Pharmacopoeia Specifications,Benzoyl Peroxide Hydrous,,94-36-0,BP,91308,500 G,29163200,18,
Complying Pharmacopoeia Specifications,Boric Acid,,10043-35-3,BP,91314,500 G,28100020,18,
Complying Pharmacopoeia Specifications,Boric Acid,,10043-35-3,USP-NF,91136,500 G,28100020,18,
Complying Pharmacopoeia Specifications,Boric Acid,,10043-35-3,,91049,500 G,28100020,18,
Complying Pharmacopoeia Specifications,Butylated Hydroxy Anisole,,25013-16-5,IP,91201,500 G,29095090,18,
Complying Pharmacopoeia Specifications,Butylated Hydroxy Anisole,,25013-16-5,USP-NF,91147,500 G,29095090,18,
Complying Pharmacopoeia Specifications,Butylated Hydroxytoluene,,128-37-0,USP,91107,500 G,29071990,18,
Complying Pharmacopoeia Specifications,Butylated Hydroxytoluene,,128-37-0,EP,91418,500 G,29071990,18,
Complying Pharmacopoeia Specifications,Calamine,,NA USP-NF,,91130,500 G,30049087,18,
Complying Pharmacopoeia Specifications,Calcium Acetate,,62-54-4,USP-NF,91105,500 G,29152910,18,
Complying Pharmacopoeia Specifications,Calcium Acetate,,62-54-4,EP,91401,500 G,29152910,18,
Complying Pharmacopoeia Specifications,Calcium Carbonate,,471-34-1,IP,91212,500 G,28365000,18,
Complying Pharmacopoeia Specifications,Calcium Chloride Dihydrate,,10035-04-8,IP,91223,500 G,28272000,18,
Complying Pharmacopoeia Specifications,Calcium Chloride Dihydrate,,10035-04-8,USP-NF,91133,500 G,28272000,18,
Complying Pharmacopoeia Specifications,Calcium Chloride Dihydrate,,10035-04-8,,91008,500 G,28272000,18,
Complying Pharmacopoeia Specifications,Calcium Sulphate,,10101-41-4,USP-NF,91155,500 G,28332990,18,
Complying Pharmacopoeia Specifications,Camphor,,76-22-2,USP-NF,91137,500 G,29142922,18,
Complying Pharmacopoeia Specifications,Caramel Chlorobutanol (Hemihydrate),,NA USP-NF,,91131,500 G,17029040,18,
Complying Pharmacopoeia Specifications,"(1,1,1-Trichloro-2-Methyl-2-Propanol)",,57-15-8,USP-NF,91103,500 G,29051490,18,
Complying Pharmacopoeia Specifications,Citric Acid Anhydrous,,77-92-9,IP,91208,500 G,29181400,18,
Complying Pharmacopoeia Specifications,Citric Acid Anhydrous,,77-92-9,USP-NF,91178,500 G,29181400,18,
Complying Pharmacopoeia Specifications,Citric Acid Anhydrous,,77-92-9,,91009,500 G,29181400,18,
Complying Pharmacopoeia Specifications,"Citric Acid, Monohydrate",,5949-29-1,USP-NF,91181,500 G,29181400,18,
Complying Pharmacopoeia Specifications,Copper Gluconate,,527-09-3,USP-NF,91127,500 G,29024400,18,
Complying Pharmacopoeia Specifications,Creatinine,,60-27-5,USP-NF,91200,500 G,21061000,18,
Complying Pharmacopoeia Specifications,"Cupric Sulfate, 5-Hydrate",,7758-99-8,USP-NF,91134,500 G,28332500,18,
Complying Pharmacopoeia Specifications,Dextrose Anhydrous,,50-99-7,USP-NF,91434,500 G,17023020,18,
Complying Pharmacopoeia Specifications,Dextrose Anhydrous,,50-99-7,,91056,500 G,17023020,18,
Complying Pharmacopoeia Specifications,Diethyl Ether,,60-29-7,BP,91342,500 ML,29091100,18,
Complying Pharmacopoeia Specifications,Dimethylacetamide,,127-19-5,BP,91329,500 ML,29241900,18,
Complying Pharmacopoeia Specifications,Di-n-Butyl Phthalate,,84-74-2,BP,91337,500 ML,29173910,18,
Complying Pharmacopoeia Specifications,"Disodium Hydrogen Phosphate, Anhydrous",,7558-79-4,BP,91336,500 G,28352300,18,
Complying Pharmacopoeia Specifications,,,7558-79-4,,91054,500 G,28352300,18,
Complying Pharmacopoeia Specifications,,,10028-24-7,,91052,500 G,28352400,18,
Complying Pharmacopoeia Specifications,"Disodium Hydrogen Phosphate,",,10039-32-4,,91051,500 G,28352200,18,
Complying Pharmacopoeia Specifications,Heptahydrate,,7782-85-6,USP-NF,91189,500 G,28352200,18,
Complying Pharmacopoeia Specifications,D-Mannitol,,69-65-8,IP,91220,500 G,29054300,18,
Complying Pharmacopoeia Specifications,"Dried Aluminium Hydroxide Gel, Powder",,21645-51-2,IP,91204,500 G,28183000,18,
Complying Pharmacopoeia Specifications,E.D.T.A. Disodium Salt Dihydrate,,57-55-6,BP,91334,500 G,29053200,18,
Complying Pharmacopoeia Specifications,E.D.T.A. Disodium Salt Dihydrate,,6381-92-6,USP-NF,91430,500 G,29212100,18,
Complying Pharmacopoeia Specifications,E.D.T.A. Disodium Salt Dihydrate,,57-55-6,,91013,500 G,29053200,18,
Complying Pharmacopoeia Specifications,Ethyl Acetate,,141-78-6,USP-NF,91123,500 ML,29153100,18,
Complying Pharmacopoeia Specifications,Ethyl Acetate,,141-78-6,USP-NF,91123,2.5 L,29153100,18,
Complying Pharmacopoeia Specifications,Ethyl Oleate,,111-62-6,BP,91309,500 ML,29161590,18,
Complying Pharmacopoeia Specifications,Ethyl Oleate,,111-62-6,BP,91309,2.5 L,29161590,18,
Complying Pharmacopoeia Specifications,Ethylenediamine,,107-15-3,BP,91339,500 G,29212100,18,
Complying Pharmacopoeia Specifications,Ferrous Fumarate,,141-01-5,BP,91340,500 G,29171900,18,
Complying Pharmacopoeia Specifications,"Glutaraldehyde Solution, 50%",,111-30-8,BP,91345,500 ML,29121990,18,
Complying Pharmacopoeia Specifications,Glycin,,1313-99-1,USP-NF,91150,500 G,28254000,18,
Complying Pharmacopoeia Specifications,Glycin,,1313-99-1,,91005,500 G,28254000,18,
Complying Pharmacopoeia Specifications,Hydrogen Peroxide Solution (6%) Hydrogen Peroxide Solution,,7722-84-1,IP,91218,500 ML,28470000,18,
Complying Pharmacopoeia Specifications,(100 Vol) (27%),,7722-84-1,IP,91219,500 ML,28470000,18,
Complying Pharmacopoeia Specifications,Hydroxypropyl Betadex,,128446-35-5,USP-NF,91431,500 G,38220090,18,
Complying Pharmacopoeia Specifications,"L-(+)-Tartaric Acid,",,87-69-4,EP,91417,500 G,29181200,18,
Complying Pharmacopoeia Specifications,"L-(+)-Tartaric Acid,",,87-69-4,JP,-500 G,,29181200,18,
Complying Pharmacopoeia Specifications,"L-(+)-Tartaric Acid,",,87-69-4,,91032,500 G,29181200,18,
Complying Pharmacopoeia Specifications,Lactic Acid,,50-21-5,IP,91216,500 G,29181110,18,
Complying Pharmacopoeia Specifications,Lactic Acid,,50-21-5,USP-NF,91142,500 G,29181110,18,
Complying Pharmacopoeia Specifications,Lactose Monohydrate,,10039-26-6,USP-NF,91128,500 G,17021110,18,
Complying Pharmacopoeia Specifications,L-Arginine,,74-79-3,,91026,500 G,29224990,18,
Complying Pharmacopoeia Specifications,L-Methionine,,63-68-3,USP-NF,91182,500 G,29304010,18,
Complying Pharmacopoeia Specifications,L-Tryptophan,,73-22-3,USP-NF,91185,500 G,29224990,18,
Complying Pharmacopoeia Specifications,Magnesium Chloride Hexahydrate,,7791-18-6,USP-NF,91126,500 G,28273100,18,
Complying Pharmacopoeia Specifications,Magnesium Chloride Hexahydrate,,7791-18-6,,91028,500 G,28273100,18,
Complying Pharmacopoeia Specifications,Magnesium Hydroxide,,1309-42-8,BP,91325,500 G,28161010,18,
Complying Pharmacopoeia Specifications,Magnesium Oxide Light,,1309-48-4,USP-NF,91143,500 G,28259090,18,
Complying Pharmacopoeia Specifications,,,10034-99-8,,91037,500 G,28332100,18,
Complying Pharmacopoeia Specifications,Magnesium Sulphate Heptahydrte Manganese Sulphate Monohydrate,,10034-99-8,USP-NF,91132,500 G,28332100,18,
Complying Pharmacopoeia Specifications,(Manganous Sulphate Monohydrate),,10034-96-5,BP,91050,500 G,28332990,18,
Complying Pharmacopoeia Specifications,Manganese Sulphate Monohydrate,,10034-96-5,USP-NF,91148,500 G,28332990,18,
Complying Pharmacopoeia Specifications,Meglumine,,6284-40-8,USP-NF,91141,500 G,29222990,18,
Complying Pharmacopoeia Specifications,Meglumine,,6284-40-8,,91038,500 G,29222990,18,
Complying Pharmacopoeia Specifications,Metacresol,,108-39-4,USP-NF,91192,500 ML,29071290,18,
Complying Pharmacopoeia Specifications,Metformin Hydrochloride,,1115-70-44,,91030,500 G,30049099,18,
Complying Pharmacopoeia Specifications,Methyl Isobutyl Ketone,,108-10-1,USP-NF,90836,500 ML,29141300,18,
Complying Pharmacopoeia Specifications,Methyl Paraben Monobasic Sodium Phosphate (Sodium,,99-76-3,USP-NF,91433,500 G,29189900,18,
Complying Pharmacopoeia Specifications,"Phosphate, Monobasic, Anhydrous)",,7558-80-7,USP-NF,91436,500 G,28352300,18,
Complying Pharmacopoeia Specifications,Monothioglycerol,,96-26-5,IP,91229,500 ML,29309099,18,
Complying Pharmacopoeia Specifications,Oleic Acid,,112-80-1,USP-NF,91183,500 G,38231200,18,
Complying Pharmacopoeia Specifications,Oleic Acid,,497-19-8,EP,91421,500 ML,28362000,18,
Complying Pharmacopoeia Specifications,Phenol,,108-95-2,IP,91232,500 G,29071110,18,
Complying Pharmacopoeia Specifications,Phenol,,108-95-2,BP,91344,500 G,29071110,18,
Complying Pharmacopoeia Specifications,Phenol,,108-95-2,USP-NF,91191,500 G,29071110,18,
Complying Pharmacopoeia Specifications,Phenylethyl Alcohol,,60-12-8,USP-NF,91139,500 ML,29062920,18,
Complying Pharmacopoeia Specifications,Phenylmercuric Nitrate,,55-68-5,USP-NF,91140,500 G,28521000,18,
Complying Pharmacopoeia Specifications,Phosphoric Acid,,7664-38-2,IP,91225,500 ML,28092010,18,
Complying Pharmacopoeia Specifications,Phosphoric Acid,,7664-38-2,USP-NF,91167,500 ML,28092010,18,
Complying Pharmacopoeia Specifications,Phosphoric Acid,,7664-38-2,,91007,500 ML,28092010,18,
Complying Pharmacopoeia Specifications,Polyethylene Glycol 300,,25322-68-3,USP-NF,91194,500 ML,29053900,18,
Complying Pharmacopoeia Specifications,Polyethylene Glycol 400,,25322-68-3,USP-NF,91196,500 ML,29053900,18,
Complying Pharmacopoeia Specifications,(Methoxy Polyethylene Glycol 350) Aup,,9004-74-4,USP-NF,91190,500 G,39072090,18,
Complying Pharmacopoeia Specifications,Polysorbate 20,,9005-64-5,BP,91330,500 G,28352200,18,
Complying Pharmacopoeia Specifications,Polysorbate 60,,9005-67-8,USP-NF,91198,500 G,34024900,18,
Complying Pharmacopoeia Specifications,Polysorbate 80,,9005-65-6,BP,91317,500 G,8352200,18,
Complying Pharmacopoeia Specifications,Polysorbate 80 Potassium Bicarbonate,,9005-65-6,USP-NF,91199,500 Ml,8352200,18,
Complying Pharmacopoeia Specifications,(Potassium Hydrogen Carbonate),,298-14-6,USP-NF,91129,500 G,28364000,18,
Complying Pharmacopoeia Specifications,Potassium Chloride Potassium Dihydrogen Orthophosphate,,7447-40-7,BP,91338,500 G,28273990,18,
Complying Pharmacopoeia Specifications,Anhydrous (Potassium Phosphate Monobasic),,7778-77-0,EP,91408,500 G,28352400,18,
Complying Pharmacopoeia Specifications,"Potassium Hydroxide, Pellets",,1310-58-3,EP,91413,500 G,28152000,18,
Complying Pharmacopoeia Specifications,"Potassium Hydroxide, Pellets",,1310-58-3,,91036,500 G,28152000,18,
Complying Pharmacopoeia Specifications,Potassium Iodide,,7681-11-0,IP,91224,500 G,28276010,18,
Complying Pharmacopoeia Specifications,Potassium Phosphate Dibasic Anhydrous,,7758-11-4,EP,91406,500 G,28352400,18,
Complying Pharmacopoeia Specifications,Potassium Phosphate Dibasic,,7758-11-4,USP-NF,91427,500 G,28352990,18,
Complying Pharmacopoeia Specifications,"Potassium Phosphate, Dibasic",,7758-11-4,,91039,500 G,28352400,18,
Complying Pharmacopoeia Specifications,Potassium Phosphate Monobasic,,7778-77-0,USP-NF,91426,500 G,28352400,18,
Complying Pharmacopoeia Specifications,"Potassium Phosphate, Monobasic",,7778-77-0,,91040,500 G,28352400,18,
Complying Pharmacopoeia Specifications,Propionic Acid,,79-09-4,USP-NF,91157,500 ML,29155000,18,
Complying Pharmacopoeia Specifications,Propionic Acid,,79-09-4,USP-NF,91157,2.5 L,29155000,18,
Complying Pharmacopoeia Specifications,Propyl Paraben,,94-13-3,USP-NF,91432,500 G,29182990,18,
Complying Pharmacopoeia Specifications,Resorcinol,,108-46-3,USP-NF,91161,500 G,29072100,18,
Complying Pharmacopoeia Specifications,Saccharin Sodium Dihydrate,,6155-57-3,BP,91322,500 G,29251100,18,
Complying Pharmacopoeia Specifications,Salicylic Acid,,69-72-7,IP,91214,500 G,29182110,18,
Complying Pharmacopoeia Specifications,"Sodium Acetate, Anhydrous",,127-09-3,USP-NF,91101,500 G,29152200,18,
Complying Pharmacopoeia Specifications,"Sodium Acetate, Trihydrate",,6131-90-4,EP,91409,500 G,29152990,18,
Complying Pharmacopoeia Specifications,"Sodium Acetate, Trihydrate",,6131-90-4,,91027,500 G,29152990,18,
Complying Pharmacopoeia Specifications,Sodium Benzoate,,532-32-1,IP,91209,500 G,29163990,18,
Complying Pharmacopoeia Specifications,Sodium Bicarbonate,,144-55-8,IP,91203,500 G,28363000,18,
Complying Pharmacopoeia Specifications,Sodium Bicarbonate,,144-55-8,BP,91315,500 G,28363000,18,
Complying Pharmacopoeia Specifications,Sodium Bicarbonate,,144-55-8,USP-NF,91169,500 G,28363000,18,
Complying Pharmacopoeia Specifications,Sodium Bicarbonate,,144-55-8,,91003,500 G,28363000,18,
Complying Pharmacopoeia Specifications,Sodium Borate,,1303-96-4,USP-NF,91122,500 G,28100010,18,
Complying Pharmacopoeia Specifications,Sodium Borate,,1303-96-4,,91048,500 G,28100010,18,
Complying Pharmacopoeia Specifications,Sodium Carbonate Anhydrous,,497-19-8,BP,91304,500 G,28362000,18,
Complying Pharmacopoeia Specifications,Sodium Carbonate Anhydrous,,497-19-8,USP-NF,91171,500 G,28362000,18,
Complying Pharmacopoeia Specifications,Sodium Carbonate Anhydrous,,497-19-8,EP,13356,500 G,28362000,18,
Complying Pharmacopoeia Specifications,Sodium Chloride,,7647-14-5,IP,91205,500 G,25010010,18,
Complying Pharmacopoeia Specifications,Sodium Chloride,,7647-14-5,BP,91333,500 G,25010010,18,
Complying Pharmacopoeia Specifications,Sodium Chloride,,7647-14-5,USP-NF,91156,50 KG,25010010,18,
Complying Pharmacopoeia Specifications,Sodium Chloride,,7647-14-5,,91001,500 G,25010010,18,
Complying Pharmacopoeia Specifications,Sodium Citrate Dihydrate,,6132-04-3,BP,91316,500 G,29181520,18,
Complying Pharmacopoeia Specifications,Sodium Citrate Dihydrate,,6132-04-3,EP,91410,500 G,29181520,18,
Complying Pharmacopoeia Specifications,Sodium Citrate Dihydrate,,6132-04-3,,91004,500 G,29181520,18,
Complying Pharmacopoeia Specifications,Sodium Hydroxide Pellets,,1310-73-2,IP,91211,500 G,28151200,18,
Complying Pharmacopoeia Specifications,Sodium Hydroxide Pellets,,1310-73-2,BP,91311,500 G,28151200,18,
Complying Pharmacopoeia Specifications,Sodium Hydroxide Pellets,,1310-73-2,USP-NF,91102,500 G,28151200,18,
Complying Pharmacopoeia Specifications,Sodium Hydroxide Pellets,,1310-73-2,EP,91403,500 G,28151200,18,
Complying Pharmacopoeia Specifications,Sodium Hydroxide Pellets Sodium Lauryl Sulphate,,1310-73-2,,91002,500 G,28151200,18,
Complying Pharmacopoeia Specifications,(Also Known As Sodium Dodecyl Sulphate) Sodium Lauryl Sulphate,,151-21-3,BP,91017,500 G,28331990,18,
Complying Pharmacopoeia Specifications,(Also Known As Sodium Dodecyl Sulphate),,151-21-3,USP-NF,91164,500 G,28331990,18,
Complying Pharmacopoeia Specifications,Sodium Metabisulphite,,7681-57-4,IP,91206,500 G,28321090,18,
Complying Pharmacopoeia Specifications,Sodium Metabisulphite,,7681-57-4,BP,91328,500 G,28321090,18,
Complying Pharmacopoeia Specifications,Sodium Metabisulphite Sodium Orthophosphate Dodecahydrate,,7681-57-4,FOOD GRADE (FCC),91481,500 G,28321090,18,
Complying Pharmacopoeia Specifications,(Trisodium Phosphate) Sodium Phosphate Dibasic (Disodium,,10101-89-0,FOOD GRADE (FCC),91476,500 G,28352200,18,
Complying Pharmacopoeia Specifications,Hydrogen Orthophosphate) Anhydrous,,7558-79-4,USP-NF,91437,500 G,28352300,18,
Complying Pharmacopoeia Specifications,Sodium Phosphate Dibasic Dihydrate Sodium Phosphate Monobasic (Sodium,,10028-24-7,USP-NF,91429,500 G,28352400,18,
Complying Pharmacopoeia Specifications,Dihydrogen Orthophosphate) Dihydrate,,13472-35-0,BP,91335,500 G,28352200,18,
Complying Pharmacopoeia Specifications,Sodium Phosphate Monobasic Dihydrate,,13472-35-0,USP-NF,91428,500 G,28352200,18,
Complying Pharmacopoeia Specifications,,,10049-21-5,,91041,500 G,28352200,18,
Complying Pharmacopoeia Specifications,Sodium Starch Glycolate,,9063-38-1,IP,91213,500 G,29389090,18,
Complying Pharmacopoeia Specifications,Sodium Sulphate Anhydrous,,7757-82-6,BP,91320,500 G,28331990,18,
Complying Pharmacopoeia Specifications,Sodium Sulphate Anhydrous,,7757-82-6,USP-NF,91172,500 G,28331990,18,
Complying Pharmacopoeia Specifications,Sodium Sulphite,,7757-83-7,USP-NF,91173,500 G,28321000,18,
Complying Pharmacopoeia Specifications,Sodium Sulphobutylether-b-Cyclodextrin,,182410-00-0,USP-NF,91166,500 G,29335990,18,
Complying Pharmacopoeia Specifications,Sodium Tartrate Dihydrate,,6106-24-7,FOOD GRADE (FCC),91477,500 G,29181300,18,
Complying Pharmacopoeia Specifications,"Sodium Thiosulphate, Pentahydrate",,10102-17-7,USP-NF,91180,500 G,28323010,18,
Complying Pharmacopoeia Specifications,"Sodium Thiosulphate, Pentahydrate",,10102-17-7,EP,91416,500 G,28323010,18,
Complying Pharmacopoeia Specifications,Sorbic Acid,,110-44-1,USP-NF,91154,500 G,29161960,18,
Complying Pharmacopoeia Specifications,Sorbitan Monostearate,,1338-41-6,USP-NF,91197,500 G,34024200,18,
Complying Pharmacopoeia Specifications,Sorbitol,,50-70-4,USP-NF,91045,500 G,29054400,18,
Complying Pharmacopoeia Specifications,Sucrose,,57-50-1,IP,91231,500 G,17019990,18,
Complying Pharmacopoeia Specifications,Sucrose,,57-50-1,USP-NF,91163,500 G,17019990,18,
Complying Pharmacopoeia Specifications,Sucrose,,57-50-1,,91044,500 G,17019990,18,
Complying Pharmacopoeia Specifications,Talc,,14807-96-6,USP-NF,91146,500 G,25262000,18,
Complying Pharmacopoeia Specifications,1-Thioglycerol,,96-27-5,USP-NF,91441,500 G,29309070,18,
Complying Pharmacopoeia Specifications,Titanium Dioxide,,13463-67-7,USP-NF,91184,500 G,28230010,18,
Complying Pharmacopoeia Specifications,Triethyl Citrate,,77-93-0,USP-NF,91179,500 ML,29181590,18,
Complying Pharmacopoeia Specifications,Tris Buffer,,77-86-1,USP-NF,91159,500 G,29211110,18,
Complying Pharmacopoeia Specifications,Tris Buffer,,77-86-1,,91047,500 G,29211110,18,
Complying Pharmacopoeia Specifications,Triton X-100,,9002-93-1,USP-NF,91193,500 ML,34021900,18,
Complying Pharmacopoeia Specifications,Triton X-100,,9002-93-1,USP-NF,91193,2.5 L,34021900,18,
Complying Pharmacopoeia Specifications,Triton X-100,,9002-93-1,EP,91412,500 ML,34021900,18,
Complying Pharmacopoeia Specifications,Urea,,57-13-6,IP,91230,500 G,29241900,18,
Complying Pharmacopoeia Specifications,Urea,,151-21-3,BP,91307,500 G,28331990,18,
Complying Pharmacopoeia Specifications,Urea,,57-13-6,USP-NF,91440,500 G,29241900,18,
Complying Pharmacopoeia Specifications,Urea,,57-13-6,,91055,500 G,29241900,18,
Complying Pharmacopoeia Specifications,Vitamin E,,NA USP-NF,,91195,500 Ml,29362800,18,
Complying Pharmacopoeia Specifications,Zinc Sulphate Heptahydrate,,7446-20-0,USP-NF,91144,500 G,28332690,18,
Complying Pharmacopoeia Specifications,Zinc Sulphate Heptahydrate,,7446-20-0,,91053,500 G,28332690,18,
Complying Pharmacopoeia Specifications,Zinc Sulphate Monohydrate Zinc Sulphate Monohydrate Afg,,7446-19-7,USP-NF,91438,500 G,28332990,18,
Complying Pharmacopoeia Specifications,(Food Grade),,7446-19-7,FOOD GRADE (FCC),91479,500 G,28332990,18,
Building Blocks,"4-Acetylbenzenesulphonamide, 98%",,1565-17-9,,11005,5 G,,,
Building Blocks,"4-Acetylbenzenesulphonyl chloride, 98%",,1788-10-9,,11006,5 G,,,
Building Blocks,"2-Acetyl-1-naphthol, 98%",,711-79-5,,10001,25 G,,,
Building Blocks,"N-(4-Acetylphenyl)methanesulfonamide, 98%",,5317-89-5,,11007,5 G,,,
Building Blocks,"1-Acetylpiperidine-2-carboxylic acid, 97%",,35677-87-3,,10028,5 G,,,
Building Blocks,"1-Acetylpiperidine-3-carboxylic acid, 97%",,2637-76-5 HO,,N 10029,5 G,,,
Building Blocks,"N-Acetyl-L-proline, 97%",,68-95-1,,10097,5 G,,,
Building Blocks,"Adipic acid dihydrazide, 97%",,1071-93-8,,11001,1 KG,,,
Building Blocks,"2-Allyl-1-boc-piperidine-2-carboxylic acid, 98%",,862711-13-5,,OH 10074,5 G,,,
Building Blocks,"3-Allyl-1-boc-piperidine-3-carboxylic acid, 98%",,,,10075,5 G,,,
Building Blocks,"4-Allyl-1-boc-piperidine-4-carboxylic acid, 98%",,426842-70-8,,N 11002,5 G,,,
Building Blocks,"2-Allyl-1-boc-DL-proline, 95%",,315234-49-2,,10099,25 G,,,
Building Blocks,"2-Allyl-1-boc-DL-proline methyl ester, 95%",,112348-45-5,,10108,25 G,,,
Building Blocks,"3-Aminobenzamide, 98%",,3544-24-9,,15024,25 G,,,
Building Blocks,"4-Aminobenzamide, 98%",,2835-68-9,,NH2 15022,25 G,,,
Building Blocks,"2-Amino-6-bromobenzoic acid, 98%",,20776-48-1,,11011,25G,,,
Building Blocks,"2-Amino-5-bromo-3-chloropyridine, 98%",,38185-55-6,,11010,25G,,,
Building Blocks,"2-Amino-5-bromo-3-methylpyridine, 97%",,3430-21-5,,11009,100 G,,,
Building Blocks,"2-Amino-5-bromo-4-methylpyridine, 97%",,98198-48-2,,11012,100 G,,,
Building Blocks,"2-Amino-5-bromopyridine, 98%",,1072-97-5 H2N,,Br 11003,25 G,,,
Building Blocks,"2-Amino-6-chlorobenzothiazole, 98%",,95-24-9,,11004,25 G,,,
Building Blocks,"2-Amino-6-chloro-3-nitropyridine, 98%",,27048-04-0,,13532,100 G,,,
Building Blocks,"2-Amino-4-chloropyrimidine, 97%",,3993-78-0,,10082,5 G,,,
Building Blocks,"4-Amino-2-chloropyrimidine, 97%",,7461-50-9,,17005,5 G,,,
Building Blocks,"2-Amino-5-(cyclopentyloxy)benzoic acid, 95%",,219527-53-4 O,,12020,5 G,,,
Building Blocks,"2-Amino-4,6-dichloropyridine, 95%",,116632-24-7,,12022,25 G,,,
Building Blocks,"7-Amino-3,4-dihydro-2H-naphthalen-1-one, 97%",,22009-40-1,,11013,5 G,,,
Building Blocks,"2-Amino-4-methoxybenzoic acid, 95%",,4294-95-5,,OH 13522,5 G,,,
Building Blocks,"2-Amino-(4'-nitro)acetophenone hydrochloride, 98%",,5425-81-0,,10002,5 G,,,
Building Blocks,"4-Amino-4'-nitrodiphenyl sulfide, 98%",,101-59-7,,17011,25 G,,,
Building Blocks,"4-Amino-4'-nitrodiphenyl sulfone, 95%",,1948-92-1,,S 17012,1 G,,,
Building Blocks,"4-Amino-4'-nitrodiphenyl sulfoxide, 95%",,5461-23-1,,17013,1 G,,,
Building Blocks,"N-(2-Aminophenyl)methanesulfonamide, 98%",,37073-18-0,,11008,25 G,,,
Building Blocks,"4-Amino-2-picoline, 95%",,18437-58-6,,12039,5 G,,,
Building Blocks,"5-Azidovaleric acid, 97%",,79583-98-5,,20004,1 G,,,
Building Blocks,"5-Azidovaleryl chloride, 95%",,79583-99-6,,21001,1 G,,,
Building Blocks,"Benzeneacetic acid, 4-(methoxycarbonyl)-, methyl ester, 97%",,52787-14-1,,12021,25 G,,,
Building Blocks,"1,3-Benzodioxole-7-chloro-5-carboxaldehyde, 95% (HPLC)",,88525-51-3 H,,12034,1 G,,,
Building Blocks,"1-(1,3-Benzodioxol-4-yl)ethanone, 95%",,33842-14-7,,12035,1 G,,,
Building Blocks,"3-(1,3-Benzodioxol-5-yl)-3- oxopropanenitrile, 95%",,96220-14-3,,13508,5 G,,,
Building Blocks,"7,8-Benzoflavone, 98%",,604-59-1,,10005,1 G,,,
Building Blocks,"1-Benzoyl-4-hydroxypiperidine, 97%",,80213-01-0,,10076,25 G,,,
Building Blocks,"1-Benzoylpiperidin-4-yl acetate, 95%",,NA O,,N 10049,5 G,,,
Building Blocks,"1-Benzoyl-4-piperidone, 97%",,24686-78-0,,N 10048,25 G,,,
Building Blocks,"N-Benzoyl-L-proline, 97%",,5874-58-8,,10100,25 G,,,
Building Blocks,"N-Benzoyl-L-proline ethyl ester, 97%",,,,10104,5 G,,,
Building Blocks,"N-Benzoyl-L-proline methyl ester, 97%",,114051-14-8,,10109,5 G,,,
Building Blocks,"6-Benzyl-2,4-dichloro-6,7-dihydro-5H-pyrrolo",,779323-58-9 Cl N,,12004,1 G,,,
Building Blocks,"Benzyl formimidate-hydrochloride, 95%",,60099-09-4,,12024,5 G,,,
Building Blocks,"4-Benzyloxybenzaldehyde, 98%",,4397-53-9,,10026,100 G,,,
Building Blocks,"(E)-3-[4-(Benzyloxy)phenyl]acrylic acid, 97%",,6272-45-3,,15020,5 G,,,
Building Blocks,"1-Benzylpiperidine-3-carboxylic acid, 95%",,141943-04-6 HO,,N 10052,5 G,,,
Building Blocks,"1-Benzylpiperidine-4-carboxylic acid, 97%",,10315-07-8,,10053,5 G,,,
Building Blocks,"1-Benzyl-4-piperidone, 98%",,3612-20-2,,10050,25 G,,,
Building Blocks,"N-Benzyl-L-proline, 97%",,31795-93-4,,10101,25 G,,,
Building Blocks,"N-Benzyl-L-proline ethyl ester, 97%",,955-40-8,,10105,5 G,,,
Building Blocks,"N-Benzyl-L-proline methyl ester, 97%",,201406-78-2,,10110,5 G,,,
Building Blocks,"Biphenyl-4-carbonyl chloride, 98%",,14002-51-8,,13510,25 G,,,
Building Blocks,"3-[(1,1'-Biphenyl)-4-yl]-2-aminopropanoic acid hydrochloride, 98%",,63024-23-7,,11020,1 G,,,
Building Blocks,"3,5-Bis(aminomethyl)pyridine",,94413-66-8,,11018,1 G,,,
Building Blocks,"Boc-4-Abz-OH, 97%",,66493-39-8,,11022,25 G,,,
Building Blocks,"Boc-D-Aph(Cbm-tBu)-OH, 98% [N a -(tert-Butyl- oxycarbonyl)-p-tert-butylureido-D-phenylalanine]",,324017-19-8,,16018,5 G,,,
Building Blocks,"Boc-L-Aph(Cbm-tBu)-OH, 98% [N a -(tert-Butyl-",,,,22003,1 G,,,
Building Blocks,"N-Boc-4-amino-D-phenylalanine, 97%",,164332-89-2,,OH 16027,5 G,,,
Building Blocks,"N-Boc-4-amino-L-phenylalanine, 97%",,55533-24-9,,OH 16028,5 G,,,
Building Blocks,"2-(Boc-amino)-4-methylpyridine, 97%",,90101-20-5,,10081,5 G,,,
Building Blocks,"N-Boc-1,4-diaminobutane, 98%",,68076-36-8,,16029,25 G,,,
Building Blocks,"N-Boc-1,5-diaminopentane, 98%",,51644-96-3,,16032,5 G,,,
Building Blocks,"N-Boc-1,3-diaminopropane, 98%",,75178-96-0,,14008,5 G,,,
Building Blocks,"6-(Boc-amino)-3-pyridine boronic acid, 97%",,883231-20-7,,13526,5 G,,,
Building Blocks,"2-(Boc-amino)pyridine-5-carboxaldehyde, 95%",,199296-40-7,,12046,5 G,,,
Building Blocks,"1-Boc-azepan-4-one, 95%",,188975-88-4,,10022,25 G,,,
Building Blocks,"Na-Boc-L-Glutamine, 98%",,13726-85-7,,15012,25 G,,,
Building Blocks,"N-Boc-glycine, 99%",,4530-20-5,,14021,25 G,,,
Building Blocks,"1-Boc-4-methoxypiperidine, 97%",,188622-27-7,,10078,25 G,,,
Building Blocks,"1-Boc-4-methyleneazepane, 95%",,790705-08-7,,10023,5 G,,,
Building Blocks,"1-Boc-4-methylenepiperidine, 95%",,159635-49-1,,N O 10080,5 G,,,
Building Blocks,"1-Boc-2-methylpiperidine-2-carboxylic acid, 97%",,746658-74-2,,10071,5 G,,,
Building Blocks,,,HO,,10073,5 G,,,
Building Blocks,"1-Boc-2-methyl-DL-proline, 97%",,203869-80-1,,10102,25 G,,,
Building Blocks,"1-Boc-2-methyl-DL-proline methyl ester, 97%",,220060-17-3,,10111,25 G,,,
Building Blocks,"1-Boc-4-methylsulfonyloxypiperidine, 97%",,141699-59-4,,10079,25 G,,,
Building Blocks,"1-Boc-nipecotamide, 98%",,91419-49-7 H2N,,N O 11014,25 G,,,
Building Blocks,"1-Boc-nipecotic acid, 98%",,71381-75-4 HO,,N O 10055,25 G,,,
Building Blocks,"N-Boc-4-nitro-D-phenylalanine, 98%",,61280-75-9,,OH 16033,5 G,,,
Building Blocks,"N-Boc-4-nitro-L-phenylalanine, 98%",,33305-77-0,,OH 16034,5 G,,,
Building Blocks,"1-Boc-3-piperidone, 98%",,98977-36-7,,N O 12047,25 G,,,
Building Blocks,"1-Boc-4-piperidone, 98%",,79099-07-3,,10054,25 G,,,
Building Blocks,"1-Boc-L-proline ethyl ester, 98%",,125347-83-3,,10106,25 G,,,
Building Blocks,"Na-Boc-L-tryptophan, 98%",,13139-14-5,,15005,25 G,,,
Building Blocks,"2-Bromobenzyl alcohol, 98%",,18982-54-2,,14019,100 G,,,
Building Blocks,"2-Bromocyclopentanone, 95%",,21943-50-0,,13543,1 G,,,
Building Blocks,"2-Bromo-3', 4'-dibenzyloxy acetophenone, 95%",,27628-05-3 Bn,,17007,1 G,,,
Building Blocks,"2-Bromo-3', 4'-dihydroxy acetophenone, 95%",,,,17008,1 G,,,
Building Blocks,"2-Bromoethylamine hydrobromide, 98%",,2576-47-8,,10008,100 G,,,
Building Blocks,"5-Bromo-2-formylpyridine, 98%",,31181-90-5,,H 10003,5 G,,,
Building Blocks,"5-Bromo-2-hydroxybenzaldehyde, 98%",,1761-61-1,,H 10007,25 G,,,
Building Blocks,"3-Bromo-5-hydroxybenzoic acid, 97%",,140472-69-1,,13519,5 G,,,
Building Blocks,"6-Bromo-2-hydroxy-3-methoxybenzaldehyde,",,20035-41-0,97%,11021,25 G,,,
Building Blocks,"5-Bromo-2-hydroxypyrimidine, 98%",,38353-06-9,,11017,1 G,,,
Building Blocks,"6-Bromoimidazo[1,2-a]pyridine, 97%",,6188-23-4,,11015,25 G,,,
Building Blocks,"4-Bromo-1H-indazole, 98%",,186407-74-9,,15017,5 G,,,
Building Blocks,"5-Bromoisoindoline, 97%",,127168-84-7,,NH 13512,1 G,,,
Building Blocks,"4-Bromoisoquinoline, 98%",,1532-97-4,,10010,10 G,,,
Building Blocks,"5-Bromoisoquinoline, 98%",,34784-04-8,,10009,1 G,,,
Building Blocks,"3-Bromo-6-mercaptopyridine, 98%",,56673-34-8,,11016,5 G,,,
Building Blocks,"2-Bromo-4-methoxyphenol, 98%",,17332-11-5,,13502,25 G,,,
Building Blocks,"5-Bromo-3-methoxypyridin-2-amine, 98%",,42409-58-5,,11019,5 G,,,
Building Blocks,"2-Bromo-6-methoxy-1-tetralone, 98%",,20933-24-8,,10006,1 G,,,
Building Blocks,"5-Bromo-6-methyl-2(1H)-pyridinone, 97%",,54923-31-8,,13536,5 G,,,
Building Blocks,"2-(4-Bromophenyl)-5-phenyl-1,3,4-oxadiazole,",,21510-43-0,97%,14013,5 G,,,
Building Blocks,"4-Bromophthalic anhydride, 97%",,86-90-8,,11023,100 G,,,
Building Blocks,"6-Bromopyridine-3-carboxaldehyde, 97%",,149806-06-4,,10004,1 G,,,
Building Blocks,"6-Bromopyridine-2-carboxylic acid, methyl ester,",,26218-75-7,98%,O 10024,5 G,,,
Building Blocks,"7-Bromo-1H-pyrido[2,3-b][1,4]-oxazin-2(3H)-one,",,105544-36-3,,12019,1 G,,,
Building Blocks,97% (NMR),,,,12019,5 G,,,
Building Blocks,"4-Bromo-2-(1,1,1-trifluoro-2-methylpropan-2-yl) pyridine, 98%",,1357476-67-5,,14007,1 G,,,
Building Blocks,"5-Bromo-6-(trifluoromethyl)-2-pyridinamine, 95%",,882500-21-2,,12040,5 G,,,
Building Blocks,"3-(2-Carboxyphenyl)propionic acid, 98%",,776-79-4,,13535,5 G,,,
Building Blocks,"7-Chloro-1-cyclopropyl-6-fluoro-4-oxo-1,4- dihydro- quinoline-3-carboxylic acid, ethyl ester, 95%",,86483-54-7 Cl,,N 13509,5 G,,,
Building Blocks,"5-Chloro-1H-indole-2-carbaldehyde, 98%",,53590-49-1,,11024,1 G,,,
Building Blocks,"2-Chloro-4-methoxypyrimidine, 98%",,22536-63-6,,10085,5 G,,,
Building Blocks,"Chloromethyl benzoate, 98%",,5335-05-7,,10011,10 G,,,
Building Blocks,"4-Chloro-2-methyl-6-(1-boc-pyrrolidin-2-yl)- pyrimidine, 98%",,,,11045,1 G,,,
Building Blocks,"Chloromethyl pivalate, 98%",,18997-19-8,,10012,100 G,,,
Building Blocks,"6-Chloro-5-nitro-2,4 (1H,3H)- pyrimidinedione, 97%",,6630-30-4,,11025,1 G,,,
Building Blocks,1-(2-Chlorophenyl)piperazine,,41202-32-8,,10087,25 G,,,
Building Blocks,"monohydrochloride, 95%",,,,10087,100 G,,,
Building Blocks,"6-Chloro-9-phenyl-9H-Purine, 95%",,5470-24-6 N,,N 13501,1 G,,,
Building Blocks,"4-Chloro-1H-pyrazolo[3,4-d]pyrimidine, 95%",,5399-92-8,,13506,5 G,,,
Building Blocks,"5-Chloro-1H-pyrrolo[2,3-b]pyridine-2- carboxylic acid, 95%",,800401-84-7,,14002,1 G,,,
Building Blocks,"5-Chlorothiophene-2-carboxylic acid, 97%",,24065-33-6,,15018,25 G,,,
Building Blocks,"trans-p-Coumaric acid, 98% [trans- 4-hydroxycinnamic acid]",,501-98-4,,16035,100 G,,,
Building Blocks,"1-Cyanocyclobutanecarboxylic acid, ethyl ester, 90% (GC)",,28246-87-9,,12037,5 G,,,
Building Blocks,"3-Cyano-6-methyl-2(1H)-pyridinone, 97%",,4241-27-4,,12006,100 G,,,
Building Blocks,"Cyclopropyl-3-oxopropanenitrile, 95%",,118431-88-2,,CN 12007,5 G,,,
Building Blocks,"Decanal dimethyl acetal, 95%",,7779-41-1,,O 19018,5 G,,,
Building Blocks,"4-Diazobenzenesulphonic acid solution (H2O,",,305-80-6,~50%,15008,25 ML,,,
Building Blocks,"3,4-Dibenzyloxyacetophenone, 97%",,,,17009,5 G,,,
Building Blocks,"3,6-Dibromobenzene-1,2-diamine, 98%",,69272-50-0,,13504,5 G,,,
Building Blocks,"4,8-Dichloro-6-nitro-quinoline-3-carbonitrile,",,915369-46-9,97%,11026,1 G,,,
Building Blocks,"2,3-Dihydrobenzofuran-4-ol, 95%",,144822-82-2,,12012,1 G,,,
Building Blocks,"5,6-Dihydroxy-1H-indole-2-carboxylic acid, 95%",,4790-08-3,,10014,1 G,,,
Building Blocks,"3',4'-Dihydroxyphenylacetone, 90%",,2503-44-8,,16036,1 G,,,
Building Blocks,"3,4-Dihydroxyphenethyl alcohol, 98%",,10597-60-1,,17010,5 G,,,
Building Blocks,"5,6-Dimethoxyindane, 97%",,59078-28-3,,12008,5 G,,,
Building Blocks,"2,6-Dimethoxy-4-pyridinamine, 95%",,17325-39-2,,12041,1 G,,,
Building Blocks,"5-(4-N,N-Dimethylaminobenzylidene) barbituric acid, 97%",,1753-47-5,,10013,5 G,,,
Building Blocks,1-Ethoxycarbonylpiperidine-2-,,130497-14-2,,OH 10056,1 G,,,
Building Blocks,"carboxylic acid, 97%",,,,10056,5 G,,,
Building Blocks,1-Ethoxycarbonylpiperidine-3-,,,,10057,1 G,,,
Building Blocks,"carboxylic acid, 97%",,,,10057,5 G,,,
Building Blocks,1-Ethoxycarbonylpiperidine-4-,,118133-15-6,,10058,1 G,,,
Building Blocks,"carboxylic acid, 98%",,,,10058,5 G,,,
Building Blocks,"1-Ethoxycarbonyl-L-proline, 97%",,5700-74-3,,10103,5 G,,,
Building Blocks,"1-(3-Ethoxy-4-methoxyphenyl)-2- methylsulfonylethylamine, 98%",,253168-94-4 O,,S 13516,25 G,,,
Building Blocks,"Ethyl-2-amino-3-oxobutanoate hydrochloride, 98%",,20207-16-3,,11027,5 G,,,
Building Blocks,"Ethyl 1-benzoyl-piperidine-2-carboxylate, 95%",,,,10059,5 G,,,
Building Blocks,"Ethyl 1-benzoyl-piperidine-3-carboxylate, 95%",,37736-43-9 O,,N 10060,5 G,,,
Building Blocks,"Ethyl 1-benzoyl-piperidine-4-carboxylate, 95%",,136081-74-8,,10061,5 G,,,
Building Blocks,"Ethyl 1-benzyl-piperidine-2-carboxylate, 95%",,77034-34-5,,10062,5 G,,,
Building Blocks,"Ethyl 1-benzyl-piperidine-3-carboxylate, 95%",,117023-95-7 O,,N 10063,5 G,,,
Building Blocks,"Ethyl (R)-N-boc-nipecotate, 98%",,194726-40-4 O,,16003,5 G,,,
Building Blocks,"Ethyl 1-boc-piperidine-4-carboxylate, 97%",,142851-03-4,,10047,25 G,,,
Building Blocks,"Ethyl 3-bromo-2-oxocyclohexanecarboxylate,",,30132-23-1,98%,14012,1 G,,,
Building Blocks,"Ethyl 2-bromo-3-oxo-3-phenylpropanoate, 95%",,55919-47-6,,12009,5 G,,,
Building Blocks,"Ethyl 4-chloro-3-ethoxy-2-butenoate, 85%",,32809-81-7,,18004,1 G,,,
Building Blocks,"Ethyl 2,2-dichloroacetoacetate, 95%",,6134-66-3,,19017,5 G,,,
Building Blocks,"Ethyl 2,4-dichloroacetoacetate, 97%",,88-00-6,,18003,5 G,,,
Building Blocks,"Ethyl 3,6-dichloropyridazine-4-carboxylate, 95%",,34127-22-5,,12043,5 G,,,
Building Blocks,"Ethyl 5-(4'-formyl-3',5'-dimethoxyphenoxy)",,115109-57-4,,19021,5 G,,,
Building Blocks,"Ethyl 3-(4-hydroxyphenyl)-3-oxopropanoate, 98%",,77103-47-0,,11030,5 G,,,
Building Blocks,"(R)-Ethyl nipecotate hydrochloride, 98%",,37675-19-7,,16037,5 G,,,
Building Blocks,"Ethyl 7-nitroindole-2-carboxylate, 95%",,6960-46-9,,13538,5 G,,,
Building Blocks,"Ethyl piperidine-2-carboxylate hydrochloride, 97%",,77034-33-4,,10033,25 G,,,
Building Blocks,Ethyl piperidine-3-carboxylate,,4842-86-8,,10034,25 G,,,
Building Blocks,"hydrochloride, 97%",,,,10034,100 G,,,
Building Blocks,"Ethyl piperidine-4-carboxylate, 97%",,1126-09-6,,15004,100 G,,,
Building Blocks,Ethyl piperidine-4-carboxylate,,147636-76-8,,10035,25 G,,,
Building Blocks,"hydrochloride, 97%",,O,,10035,100 G,,,
Building Blocks,"1-(1-Ethylpiperidin-4-yl)-1H-1,2,3- triazole-4-carbaldehyde, 95%",,1175146-85-6 O,,11028,1 G,,,
Building Blocks,"N-[(9H-Fluoren-9-ylmethoxy)carbonyl]glycine,",,29022-11-5,,19011,25 G,,,
Building Blocks,"3-Fluoro-4-nitrobenzoic acid, 98%",,403-21-4,,11029,25 G,,,
Building Blocks,"2-Fluoro-4-nitrophenylacetonitrile, 95%",,853910-00-6,,14010,5 G,,,
Building Blocks,"6-Fluorochromone-2-carboxylic acid, 98%",,99199-59-4,,10015,5 G,,,
Building Blocks,"5-(4-Formyl-3,5-dimethoxyphenoxy)pentanoic acid, 98% [BAL LINKER (5)]",,115109-59-6,,19012,5 G,,,
Building Blocks,"2-Furan-2-ylacetic acid, 96% (GC)",,2745-26-8,,12025,5 G,,,
Building Blocks,"Glycine ethyl ester hydrochloride, 99%",,623-33-6,,19005,100 G,,,
Building Blocks,"Glycocholic acid hydrate, 98%",,1192657-83-2 H,,H 19007,25 G,,,
Building Blocks,"7-Hydroxy-1,3-benzodioxole-5-carbaldehyde, 95%",,81805-98-3,,12001,1 G,,,
Building Blocks,"5-Hydroxy-2,3-dihydrobenzofuran-",,99385-88-3,,11031,1 G,,,
Building Blocks,"4-Hydroxy-2,6-dimethoxybenzaldehyde, 98%",,22080-96-2,,19020,5 G,,,
Building Blocks,"5-Hydroxyindan-4-carbaldehyde, 97%",,858226-73-0 HO,,12005,1 G,,,
Building Blocks,"4-Hydroxyisophthalic acid, 98%",,636-46-4 HO,,OH 13517,5 G,,,
Building Blocks,"2-Hydroxy-6-methylbenzaldehyde, 95%",,18362-36-2,,OH 12023,5 G,,,
Building Blocks,"5-Hydroxy-4-oxo-4H-chromene- 2-carboxylic acid, 95%",,53878-47-0,,OH 13513,5 G,,,
Building Blocks,"4-Hydroxyphenylboronic acid, 97%",,71597-85-8,,12003,5 G,,,
Building Blocks,"3-(4-Hydroxyphenyl)propionic acid, 99%",,501-97-3,,14020,25 G,,,
Building Blocks,"1H-Indazole-5-carbaldehyde, 97%",,253801-04-6,,12017,5 G,,,
Building Blocks,"1H-Indazole-4-carboxylic acid, 97%",,677306-38-6,,15011,5 G,,,
Building Blocks,"1H-Indazole-5-carboxylic acid, 98%",,61700-61-6,,15010,5 G,,,
Building Blocks,"3-Iodobenzaldehyde, 97%",,696-41-3,,13537,5 G,,,
Building Blocks,"2-Iodo-6-methylpyridine, 95%",,62674-71-9,,10090,5 G,,,
Building Blocks,"6-Iodopyridine-2-carboxylic acid, methyl ester, 98%",,849830-15-5,,10025,1 G,,,
Building Blocks,"4-Isobutylphenylboronic acid, 98%",,153264-38-5,,11032,5 G,,,
Building Blocks,"3-(4-Methoxy-2-aminophenyl) acrylic acid, methyl ester, 97%",,231296-75-6,,13530,1 G,,,
Building Blocks,"2-Methoxybenzoylacetonitrile, 97%",,35276-83-6,,13505,5 G,,,
Building Blocks,"4-Methoxybenzoylacetonitrile, 98%",,3672-47-7,,11036,25 G,,,
Building Blocks,"1-Methoxydecane, 95%",,7289-52-3,,16014,1 G,,,
Building Blocks,"1-(3-Methoxyphenyl)piperazine, 98%",,16015-71-7,,10091,25 G,,,
Building Blocks,1-(3-Methoxyphenyl)piperazine,,6968-76-9,,11033,25 G,,,
Building Blocks,"dihydrochloride, 98%",,,,11033,100 G,,,
Building Blocks,"2-Methoxy-5-pyridineboronic acid, 96%",,163105-89-3 B,,O 11035,5 G,,,
Building Blocks,"7-Methoxyquinolin-2(1H)-one, 95%",,23981-26-2,,13518,1 G,,,
Building Blocks,"Methyl 2-allyl-1-boc-piperidine-2-carboxylate, 95%",,441773-82-6,,O 10068,1 G,,,
Building Blocks,"Methyl 3-allyl-1-boc-piperidine-3-carboxylate, 95%",,,,10069,1 G,,,
Building Blocks,"Methyl 4-allyl-1-boc-piperidine-4-carboxylate,",,441774-09-0,95%,10070,1 G,,,
Building Blocks,"Methyl 3-amino-5-bromo- 2-hydroxybenzoate, 95%",,141761-82-2,,O 13521,1 G,,,
Building Blocks,"Methyl 1-benzoylpiperidine-2-carboxylate, 97%",,99720-01-1,,10036,5 G,,,
Building Blocks,"Methyl 1-benzoylpiperidine-3-carboxylate, 97%",,NA O,,N 10037,5 G,,,
Building Blocks,"Methyl 1-benzoylpiperidine-4-carboxylate, 97%",,,,10038,5 G,,,
Building Blocks,"Methyl 4,6-O-benzylidene-a-D-glucopyranoside,",,3162-96-7,98%,13523,25 G,,,
Building Blocks,"Methyl 1-benzylpiperidine-2-carboxylate, 95%",,124619-69-8,,10039,5 G,,,
Building Blocks,"Methyl 1-benzylpiperidine-3-carboxylate, 95%",,50585-91-6,,10040,5 G,,,
Building Blocks,"Methyl 1-benzylpiperidine-4-carboxylate, 95%",,10315-06-7,,10041,5 G,,,
Building Blocks,"Methyl 1-boc-2-methylpiperidine-2-carboxylate,",,470668-97-4,95%,10065,1 G,,,
Building Blocks,"Methyl 1-boc-3-methylpiperidine-3-carboxylate,",,888952-55-4,95%,N O 10066,5 G,,,
Building Blocks,"Methyl 1-boc-4-methylpiperidine-4-carboxylate,",,724790-59-4,95%,10067,5 G,,,
Building Blocks,"Methyl 1-boc-piperidine-2-carboxylate, 95%",,132910-79-3,,10042,5 G,,,
Building Blocks,"Methyl 1-boc-piperidine-3-carboxylate, 98%",,148763-41-1 O,,N O 10043,25 G,,,
Building Blocks,"Methyl 1-boc-piperidine-4-carboxylate, 98%",,124443-68-1,,10044,5 G,,,
Building Blocks,"Methyl 1-boc-3-pyrrolidinecarboxylate, 98%",,122684-33-7,,10112,5 G,,,
Building Blocks,"Methyl 6-bromoindole-4-carboxylate, 98%",,107650-22-6,,12038,1 G,,,
Building Blocks,"Methyl 6-bromopyridine-2-carboxylate, 98%",,26218-75-7,,10092,5 G,,,
Building Blocks,"Methyl 4-chloro-2-fluorobenzoate, 98%",,148893-72-5,,12016,25 G,,,
Building Blocks,"Methyl 5-chloro-2-fluorobenzoate, 98%",,57381-36-9,,12015,5 G,,,
Building Blocks,"Methyl 2,2-dichloroacetoacetate, 90%",,6134-69-6,,19016,5 G,,,
Building Blocks,"Methyl 2,4-dichloroacetoacetate, 90%",,4877-84-3,,19013,5 G,,,
Building Blocks,"Methyl 4,5-dichlorothiophene-2-carboxylate, 95%",,89281-29-8,,15019,1 G,,,
Building Blocks,"2-Methyl-6-ethoxyquinoline, 98%",,6628-28-0,,13525,5 G,,,
Building Blocks,"Methyl 2-hydroxybiphenyl-4-carboxylate, 97%",,198994-00-2,,12026,1 G,,,
Building Blocks,"Methyl 5-hydroxy-2-nitrobenzoate, 95%",,59216-77-2,,12027,25 G,,,
Building Blocks,"2-Methylimidazo[1,2-a]pyridine-3-carbaldehyde,",,30384-93-1,97%,12002,25 G,,,
Building Blocks,"Methyl 6-iodopyridine-2-carboxylate, 97%",,849830-15-5,,O 10093,1 G,,,
Building Blocks,"Methyl 1-methyl-4-oxopiperidine- 3-carboxylate, 95%",,13221-89-1,,12029,5 G,,,
Building Blocks,"5-Methyl-2-phenyl-1,3-oxazole- 4-carboxylic acid, 98%",,18735-74-5,,11037,5 G,,,
Building Blocks,"Methyl piperidine-2-carboxylate hydrochloride, 98%",,32559-18-5,,10031,5 G,,,
Building Blocks,"Methyl piperidine-3-carboxylate hydrochloride, 98%",,89895-55-6,,10032,5 G,,,
Building Blocks,"Methyl piperidine-4-carboxylate hydrochloride, 98%",,7462-86-4,,11034,25 G,,,
Building Blocks,"1-Methyl-4-(prop-2-yn-1-yl)piperazine, 95%",,45813-02-3,,14001,1 G,,,
Building Blocks,"Methyl thiophene-2-carboxylate, 99%",,5380-42-7,,10113,25 G,,,
Building Blocks,"Methyl tetrahydro-4-oxo-2H-thiopyran- 3-carboxylate, 95%",,4160-61-6,,12028,5 G,,,
Building Blocks,"Morpholin-4-yl acetic acid hydrochloride, 98%",,89531-58-8 N,,13542,5 G,,,
Building Blocks,"Nipecotamide, 98%",,4138-26-5,,11038,25 G,,,
Building Blocks,"2-Nitrobenzamide, 98%",,610-15-1 O,,15025,25 G,,,
Building Blocks,"3-Nitrobenzamide, 98%",,645-09-0,,NH2 15023,25 G,,,
Building Blocks,"4-Nitrobenzamide, 98%",,619-80-7,,NH2 15021,25 G,,,
Building Blocks,"2-Nitrobenzoyl chloride, 95%",,610-14-0,,Cl 12010,25 G,,,
Building Blocks,"5-Nitroindole, 98%",,6146-52-7,,15001,25 G,,,
Building Blocks,"4-Nitro-D-phenylalanine hydrate, 98%",,56613-61-7,,OH 16001,5 G,,,
Building Blocks,"4-Nitro-L-phenylalanine hydrate, 98%",,949-99-5,,OH 16037,5 G,,,
Building Blocks,"2-(5-Nitropyridin-2-yl)acetonitrile, 98%",,123846-66-2,,11039,5 G,,,
Building Blocks,"2-Oxo-1,2-dihydroquinoline-7-carbonitrile, 95%",,1033747-90-8,,13515,5 G,,,
Building Blocks,"2-Oxoindoline-5-sulfonyl chloride, 95%",,199328-31-9,,13503,1 G,,,
Building Blocks,"2-Oxo-pyrrolidine-3-carboxylic acid, ethyl ester,",,36821-26-8,95%,12030,5 G,,,
Building Blocks,"Paramethoxybenzyl trichloroacetimidate, 96% (GC)",,89238-99-3,,11041,5 G,,,
Building Blocks,"Phenacyl bromide, 98%",,70-11-1,,11042,1 G,,,
Building Blocks,"Phenyl acrylate, 98%",,937-41-7,,10017,25 G,,,
Building Blocks,"1,2-Phenylenediacetic acid, 98%",,7500-53-0,,10016,5 G,,,
Building Blocks,"2-Phenylglycine methyl ester hydrochloride (Racemic), 95%",,26682-99-5,,13539,5 G,,,
Building Blocks,"4-Phenylmorpholin-3-one, 98%",,29518-11-4,,14017,5 G,,,
Building Blocks,"Piperazine-2,6-dione, 97%",,4774-22-5 HN,,NH 11043,5 G,,,
Building Blocks,"4-Piperidineacetic acid, 4-amino-1-[(1,1- dimethylethoxy)carbonyl]-ethyl ester, 95%(NMR)",,1333222-34-6,,O 12018,1 G,,,
Building Blocks,"Piperidine-2-carboxamide, 97%",,19889-77-1,,11040,5 G,,,
Building Blocks,"3-Piperidone hydrochloride, 97%",,61644-00-6,,13531,100 G,,,
Building Blocks,"L-Proline ethyl ester hydrochloride, 97%",,33305-75-8,,10107,25 G,,,
Building Blocks,,,N,,O 10107,100 G,,,
Building Blocks,"2-Pyrazinamide, 98%",,98-96-4,,10094,25 G,,,
Building Blocks,"Pyrazine-2-carboxylic acid, 98%",,98-97-5 N,,10095,25 G,,,
Building Blocks,"2,6-Pyridinedicarbonyl dichloride, 96%",,3739-94-4,,10018,25 G,,,
Building Blocks,"Sodium chenodeoxycholate, 97%",,2646-38-0,,18006,5 G,,,
Building Blocks,"Sodium glycochenodeoxycholate, 98%",,16564-43-5 H,,H 19002,5 G,,,
Building Blocks,"Sodium glycocholate hydrate, 99%",,338950-81-5 H,,H 19001,5 G,,,
Building Blocks,"Sodium glycodeoxycholate, 97%",,16409-34-0,,H 19040,1 G,,,
Building Blocks,"Sodium taurochenodeoxycholate, 95%",,6009-98-9,,N 19030,1 G,,,
Building Blocks,"Sodium taurodeoxycholate hydrate, 98%",,207737-97-1,,19010,5 G,,,
Building Blocks,"Spiro[4.5]decan-6-one, 95% (GC)",,13388-94-8,,12031,5 G,,,
Building Blocks,"Spiro[5.5]undecan-1-one, 95% (GC)",,1781-83-5,,12032,5 G,,,
Building Blocks,"Taurodeoxycholic acid, 97%",,516-50-7,,20001,5 G,,,
Building Blocks,"Tert-butyl 2-amino-2-methylpropylcarbamate,",,95034-05-2,98%,13540,5 G,,,
Building Blocks,"Tert-butyl-[4-(chloromethyl)-pyridin- 2-yl]carbamate, 95%",,672324-82-2,,12045,5 G,,,
Building Blocks,"Tert-butyl-[5-(chloromethyl)-pyridin-2-yl] carbamate, 95%",,1060801-28-6,,12044,25 G,,,
Building Blocks,Tert-butyl 3-[(methoxycarbonyl)methyl],,,,12036,25 G,,,
Building Blocks,"4-Tert-butylphenylboronic acid, 96%",,123324-71-0,,11044,25 G,,,
Building Blocks,Tert-butyl phenyl carbonate 98%,,6627-89-0,,17014,25 G,,,
Building Blocks,"1-Tert-butylpiperidin-4-one, 98% (GC)",,1465-76-5,,12033,5 G,,,
Building Blocks,"5,6,7,8-Tetrahydro-1-hydroxynaphthalene- 2-carbaldehyde, 95%",,86295-45-6,,12011,1 G,,,
Building Blocks,"1,2,3,4-Tetrahydroquinoline-5-carboxylic acid, 85%",,114527-54-7,,12042,1 G,,,
Building Blocks,"Thiophene-2-carbaldehyde, 98%",,98-03-3,,10020,100 G,,,
Building Blocks,"Thiophene-2-carbaldehyde oxime, 95%",,29683-84-9,,10114,25 G,,,
Building Blocks,"Thiophene-3-carbaldehyde oxime, 95%",,42466-50-2,,10115,5 G,,,
Building Blocks,"Thiophene-2-carboxamide, 99%",,5813-89-8,,10021,25 G,,,
Building Blocks,"Thiophene-2-methylamine, 95%",,27757-85-3,,10116,25 G,,,
Building Blocks,"Thiophene-3-methylamine, 95%",,27757-86-4,,10117,5 G,,,
Building Blocks,"Tris(2-chloroethyl)amine hydrochloride, 95%",,817-09-4,,17004,1 G,,,
Building Blocks,"3-(Tritylthio)propanoic acid, 98%",,27144-18-9,,23008,100 G,,,
Building Blocks,"L-Tyrosine ethyl ester hydrochloride, 99%",,4089-07-0,,19006,25 G,,,
Building Blocks,"Vanilyl alcohol, 98%",,498-00-0,,16012,25 G,,,
GC Secondary & Working Standards,(-)-Diethyl D-Tartrate,,13811-71-7,In-house GC Std./WS,98899,5 G,29181400,18%,
GC Secondary & Working Standards,(-)-Epicatechin,,490-46-0,In-house WS,85035,,29329900,18%,
GC Secondary & Working Standards,"(±)-1,3-Butanediol",,107-88-0,In-house GC Std./WS,98304,100 ML,29053990,18%,
GC Secondary & Working Standards,"(±)-Propylene oxide (1S,2S)-Cyclohexane-",,75-56-9,In-house GC Std./WS,98302,100 ML,29102000,18%,
GC Secondary & Working Standards,"1,2-diyldimethanol",,3205-34-3,In-house WS,85216,,29061990,18%,
GC Secondary & Working Standards,"(1S,2S,3R,5S)-(+)-2,3-Pinanediol",,18680-27-8,In-house WS,85045,25 G,29061990,18%,
GC Secondary & Working Standards,(2-Aminoethyl)urea hydrochloride,,858001-69-1,In-house WS,85153,,29333990,18%,
GC Secondary & Working Standards,"(R)-(-)-1,2-Propanediol",,4254-14-2,In-house GC Std/WS,80131,5 G,29053200,18%,
GC Secondary & Working Standards,(R)-2-Aminobutanoic Acid,,2623-91-8,In-house WS,85139,,29224990,18%,
GC Secondary & Working Standards,(R)-3-(Boc-amino)piperidine,,309956-78-3,In-house WS,85160,,29333990,18%,
GC Secondary & Working Standards,(R)-3-Aminobutan-1-ol,,61477-40-5,In-house GC Std./WS,98358,25 G,29052900,18%,
GC Secondary & Working Standards,(R)-Epichlorohydrin,,51594-55-9,In-house GC Std./WS,98094,25 G,29103000,18%,
GC Secondary & Working Standards,(S)-(-)-1-Phenylethylamine,,2627-86-3,In-house WS,85070,,29214929,18%,
GC Secondary & Working Standards,"(S)-(+)-1,2-Propanediol (S)-(+)-3-Aminopiperidine",,4254-15-3,In-house GC Std/WS,80130,5 G,29053200,18%,
GC Secondary & Working Standards,Dihydrochloride (S)-3-(tert-Butoxycarbonylamino),,334618-07-4,In-house WS,85239,,29333990,18%,
GC Secondary & Working Standards,piperidine,,216854-23-8,In-house WS,85099,5 G,29335990,18%,
GC Secondary & Working Standards,(S)-3-Aminobutan-1-ol,,61477-39-2,In-house GC Std./WS,98383,250 MG,29052900,18%,
GC Secondary & Working Standards,(S)-3-Aminobutan-1-ol,,61477-39-2,In-house GC Std./WS,98383,500 MG,29052900,18%,
GC Secondary & Working Standards,(S)-Epichlorohydrin,,67843-74-7,In-house GC Std./WS,98045,1 G,29103000,18%,
GC Secondary & Working Standards,(S)-Epichlorohydrin,,67843-74-7,In-house GC Std./WS,98045,5 G,29103000,18%,
GC Secondary & Working Standards,1-(2-Aminoethyl)piperazine,,140-31-8,In-house WS,85187,,29335995,18%,
GC Secondary & Working Standards,1-(2-Hydroxyethyl)-piperazine 1-(Chloroacetyl)-2-(trifluoroacetyl),,103-76-4,In-house GC Std./WS,98338,50 G,29335990,18%,
GC Secondary & Working Standards,hydrazine,,762240-99-3,In-house WS,85108,,29280000,18%,
GC Secondary & Working Standards,"1,1,1,3,3,3-Hexafluoro-2-propanol",,920-66-1,In-house GC Std./WS,98853,25 G,29051100,18%,
GC Secondary & Working Standards,"1,1,1,3,3,3-Hexamethyldisilazane",,999-97-3,In-house GC Std./WS,98382,100 ML,29319090,18%,
GC Secondary & Working Standards,"1,10-Dichlorodecane",,2162-98-3,In-house GC Std./WS,98059,25 G,29031990,18%,
GC Secondary & Working Standards,"1,10-Dichlorodecane",,2162-98-3,In-house GC Std./WS,98059,100 G,29031990,18%,
GC Secondary & Working Standards,"1,1-Cyclohexanediacetic acid",,4355-11-7,In-house GC Std./WS,98539,25 G,29172000,18%,
GC Secondary & Working Standards,"1,2,3,4-Tetrahydronaphthalene",,119-64-2,In-house GC Std./WS,98354,100 ML,29029090,18%,
GC Secondary & Working Standards,"1,2-Butanediol",,584-03-2,In-house GC Std./WS,98312,100 ML,29051490,18%,
GC Secondary & Working Standards,"1,2-Butylene oxide [1,2-Epoxybutane]",,106-88-7,In-house GC Std./WS,98060,100 ML,29109000,18%,
GC Secondary & Working Standards,"1,2-Diamino-2-methylpropane",,811-93-8,In-house GC Std./WS,98895,5 ML,29215190,18%,
GC Secondary & Working Standards,"1,2-Dibromobenzene",,583-53-9,In-house GC Std/WS,80174,25 G,29036990,18%,
GC Secondary & Working Standards,"1,2-Dibromoethane",,106-93-4,In-house GC Std./WS,98048,100 ML,29033100,18%,
GC Secondary & Working Standards,"1,2-Dichlorobenzene",,95-50-1,In-house GC Std./WS,98199,100 ML,29039120,18%,
GC Secondary & Working Standards,"1,2-Dichloroethane",,107-06-2,USP,98191,100 ML,29031500,18%,
GC Secondary & Working Standards,(mixture of cis & trans),,540-59-0,In-house GC Std./WS,98927,25 ML,29032910,18%,
GC Secondary & Working Standards,"1,2-Dimethoxyethane",,110-71-4,USP,98171,100 ML,29093090,18%,
GC Secondary & Working Standards,"1,2-Ethanedithiol",,540-63-6,In-house GC Std./WS,98814,100 ML,29309098,18%,
GC Secondary & Working Standards,"1,2-Pentanediol 1,3,5-Trimethyl-2,4,6-tris(3,5-di-tert-",,5343-92-0,In-house GC Std./WS,98217,25 ML,29053990,18%,
GC Secondary & Working Standards,"butyl-4-hydroxybenzyl)benzene 1,3,5-tris(3,5-di-tert-butyl-4-",,1709-70-2,In-house GC Std/WS,98582,25 G,29072990,18%,
GC Secondary & Working Standards,"hydroxybenzyl)[1,3,5]triazin-2,4,6-trione",,27676-62-6,In-house GC Std/WS,98942,25 G,29336900,18%,
GC Secondary & Working Standards,"1,3-Dibromobenzene",,108-36-1,In-house GC Std/WS,80173,25 G,29039900,18%,
GC Secondary & Working Standards,"1,3-Dichloro-2-propanol",,96-23-1,In-house GC Std/WS,80111,25 G,29055910,18%,
GC Secondary & Working Standards,"1,3-Dichloro-2-propanone",,534-07-6,In-house GC Std/WS,80160,25 G,29147090,18%,
GC Secondary & Working Standards,"1,3-Dichloropropane",,142-28-9,In-house GC Std./WS,98907,25 ML,29033020,18%,
GC Secondary & Working Standards,"1,3-Dichloropropene",,542-75-6,In-house GC Std/WS,80165,25 G,29031990,18%,
GC Secondary & Working Standards,"1,3-Dicylcohexylurea",,2387-23-7,In-house GC Std./WS,98504,25 G,29242190,18%,
GC Secondary & Working Standards,"1,3-Diflurobenzene",,372-18-9,In-house GC Std./WS,98215,25 G,29039990,18%,
GC Secondary & Working Standards,"1,3-Dihydroxyacetone",,96-26-4,In-house GC Std/WS,98938,100 G,29144099,18%,
GC Secondary & Working Standards,"1,3-Dimethyl-2-imidazolidinone",,80-73-9,In-house GC Std./WS,98324,100 ML,29332990,18%,
GC Secondary & Working Standards,"1,3-Di-tert-butylbenzene",,1014-60-4,In-house WS,85149,5 ML,29029090,18%,
GC Secondary & Working Standards,"1,3-Propanediol",,504-63-2,In-house GC Std/WS,98947,100 ML,29053920,18%,
GC Secondary & Working Standards,"1,4-Benzoquinone",,106-51-4,In-house WS,85188,100 G,29146990,18%,
GC Secondary & Working Standards,"1,4-Butanediol",,110-63-4,In-house GC Std./WS,98842 100 ML,,29053990,18%,
GC Secondary & Working Standards,"1,4-Butanesultone",,1633-83-6,In-house GC Std./WS,98361,50 ML,29053990,18%,
GC Secondary & Working Standards,"1,4-Cyclohexanediol",,556-48-9,In-house GC Std/WS,98950,25 G,29061900,18%,
GC Secondary & Working Standards,"1,4-Dibromobenzene",,106-37-6,In-house GC Std/WS,80175,100 G,29035990,18%,
GC Secondary & Working Standards,"1,4-Dibromobutane",,110-52-1,In-house GC Std./WS,98140,100 ML,29039990,18%,
GC Secondary & Working Standards,"1,4-Dichlorobenzene",,106-46-7,In-house GC Std/WS,80106,100 G,29039100,18%,
GC Secondary & Working Standards,"1,4-Dichlorobutane",,110-56-5,In-house GC Std./WS,98310,100 ML,29039990,18%,
GC Secondary & Working Standards,"1,4-Dimethyl piperazine",,106-58-1,In-house GC Std./WS,98287,25 ML,29339900,18%,
GC Secondary & Working Standards,"1,4-Dioxane",,123-91-1,USP,98152,100 ML,29329900,18%,
GC Secondary & Working Standards,"1,5-Pentanediol",,111-29-5,In-house GC Std/WS,98949,25 G,29053990,18%,
GC Secondary & Working Standards,"1,6-Dibromohexane",,629-03-8,In-house GC Std./WS,98225,100 G,29036100,18%,
GC Secondary & Working Standards,"1,8-Cineol 1,8-Diazabicyclo(5.4.0)undec-",,470-82-6,In-house GC Std./WS,98012,25 ML,29329900,18%,
GC Secondary & Working Standards,7-ene [DBU],,6674-22-2,In-house GC Std./WS,98136,100 ML,29339990,18%,
GC Secondary & Working Standards,1-Aminodecane,,2016-57-1,In-house GC Std/WS,80120,5 ML,29211990,18%,
GC Secondary & Working Standards,"1-Bromo-2,2-dimethylpropane",,630-17-1,In-house GC Std./WS,98921,5 G,29036990,18%,
GC Secondary & Working Standards,1-Bromo-2-butyne,,3355-28-0,In-house GC Std./WS,98890,1 G,29039000,18%,
GC Secondary & Working Standards,1-Bromo-2-chloroethane,,107-04-0,In-house GC Std./WS,98848,25 G,29037900,18%,
GC Secondary & Working Standards,1-Bromo-2-iodobenzene,,583-55-1,In-house GC Std/WS,80169,25 G,29049090,18%,
GC Secondary & Working Standards,1-Bromo-3-chloropropane,,109-70-6,In-house GC Std./WS,98365,100 ML,29037900,18%,
GC Secondary & Working Standards,1-Bromo-3-Iodobenzene,,591-18-4,In-house GC Std/WS,80155,25 G,29039990,18%,
GC Secondary & Working Standards,1-Bromo-3-Iodobenzene,,591-18-4,In-house GC Std/WS,80155,100 G,29039990,18%,
GC Secondary & Working Standards,1-Bromo-3-Methoxybenzene,,2398-37-0,In-house GC Std/WS,80143,100 G,29093011,18%,
GC Secondary & Working Standards,1-Bromo-4-chlorobutane,,6940-78-9,In-house GC Std./WS,98311,25 G,29037900,18%,
GC Secondary & Working Standards,1-Bromo-5-chloropentane,,54512-75-3,In-house GC Std./WS,98050,25 G,29335990,18%,
GC Secondary & Working Standards,1-Bromo-5-chloropentane,,54512-75-3,In-house GC Std./WS,98050,100 G,29335990,18%,
GC Secondary & Working Standards,1-Bromobutane,,109-65-9,In-house GC Std./WS,98063,100 G,29039990,18%,
GC Secondary & Working Standards,1-Bromodecane,,112-29-8,In-house GC Std./WS,98201,100 ML,29036100,18%,
GC Secondary & Working Standards,1-Bromoeicosane,,4276-49-7,In-house GC Std/WS,98586,5 G,29033990,18%,
GC Secondary & Working Standards,1-Chloro-4-nitrobenzene,,100-00-5,In-house GC Std./WS,98828,100 G,29042090,18%,
GC Secondary & Working Standards,1-Chlorobutane,,109-69-3,In-house GC Std./WS,98246,100 ML,29039990,18%,
GC Secondary & Working Standards,1-Chlorodecane,,1002-69-3,In-house GC Std/WS,80121,25 G,29031990,18%,
GC Secondary & Working Standards,1-Chlorononane,,2473-01-0,In-house GC Std./WS,98872,5 ML,29041900,18%,
GC Secondary & Working Standards,1-Chlorononane,,2473-01-0,In-house GC Std./WS,98872,25 ML,29041900,18%,
GC Secondary & Working Standards,1-Chloropropane,,540-54-5,In-house GC Std./WS,98098,100 ML,29039990,18%,
GC Secondary & Working Standards,1-Decanol,,112-30-1,In-house GC Std./WS,98260,100 ML,29051990,18%,
GC Secondary & Working Standards,1-Dodecanol (Lauryl alchol),,112-53-8,In-house GC Std./WS,98298,100 G,38237090,18%,
GC Secondary & Working Standards,"1-Fluoro-2,4-dinitrobenzene",,70-34-8,In-house WS,85196,10 G,29049990,18%,
GC Secondary & Working Standards,1-Fluoro-2-nitrobenzene,,1493-27-2,In-house GC Std./WS,98393,25 G,29049090,18%,
GC Secondary & Working Standards,1-Fluoronaphthalene,,321-38-0,In-house GC Std./WS,98214,5 G,29039990,18%,
GC Secondary & Working Standards,1-Hexanol 1-Hydroxy-2-naphthoic Acid,,111-27-3,In-house GC Std./WS,98290,100 ML,29012990,18%,
GC Secondary & Working Standards,{Xinafoic acid},,86-48-6,In-house WS,85159,5 G,29332990,18%,
GC Secondary & Working Standards,1-Iodopropane,,107-08-4,In-house GC Std./WS,98805,100 G,29420034,18%,
GC Secondary & Working Standards,1-Methoxy-2-propanol,,107-98-2,In-house GC Std/WS,80177,100 ML,29094990,18%,
GC Secondary & Working Standards,1-Methylpyrrolidine,,120-94-5,In-house GC Std./WS,98228,100 ML,29339900,18%,
GC Secondary & Working Standards,1-Methyl-3-Pyrrolidinol,,13220-33-2,In-house GC Std/WS,80138,25 G,29339900,18%,
GC Secondary & Working Standards,1-Methylimidazole,,616-47-7,In-house GC Std./WS,98038,100 ML,29332990,18%,
GC Secondary & Working Standards,1-Octadecene 1-Octane sulphonic acid,,112-88-9,In-house GC Std./WS,98855,1 ML,29012990,18%,
GC Secondary & Working Standards,sodium salt anhydrous,,5324-84-5,In-house GC Std./WS,98544,10 G,29041000,18%,
GC Secondary & Working Standards,1-Pentadecanol,,629-76-5,In-house GC Std./WS,98519,25 G,29051900,18%,
GC Secondary & Working Standards,1-Pentanol,,71-41-0,USP,98195,100 ML,29051500,18%,
GC Secondary & Working Standards,1-Phenoxy-2-propanol,,770-35-4,In-house GC Std./WS,98091,100 ML,29094900,18%,
GC Secondary & Working Standards,1-Phenylethanol,,98-85-1,In-house GC Std./WS,98081,100 ML,29062990,18%,
GC Secondary & Working Standards,1-Propanol/n-propanol,,71-23-8,USP,98135,100 ML,29051220,18%,
GC Secondary & Working Standards,1-Tetradecanol,,112-72-1,In-house GC Std./WS,98869,100 G,29051990,18%,
GC Secondary & Working Standards,1-Vinyl-2-pyrrolidinone,,88-12-02,In-house GC Std./WS,98335,100 ML,29339900,18%,
GC Secondary & Working Standards,2-(2-chloroethoxy)ethanol 2-(2-Hydroxy-5-methylphenyl),,628-89-7,In-house GC Std./WS,98210,25 G,29094990,18%,
GC Secondary & Working Standards,benzotriazole [Benazol P],,2440-22-4,In-house WS,85135,25 G,29339900,18%,
GC Secondary & Working Standards,2-(Diethylamino)ethanol,,100-37-8,In-house GC Std./WS,98908,100 ML,29221900,18%,
GC Secondary & Working Standards,2-(Dimethylamino)ethanol,,108-01-0,In-house GC Std/WS,80156,100 ML,29221990,18%,
GC Secondary & Working Standards,2-(Dimethylamino)ethylmethacrylate,,2867-47-2,In-house GC Std/WS,80115,100 ML,29221999,18%,
GC Secondary & Working Standards,2-(Dimethylamino)pyridine (2-DAP),,5683-33-0,In-house WS,85009,,29333999,18%,
GC Secondary & Working Standards,2-(Methylamino)ethanol,,109-83-1,In-house GC Std./WS,98919,100 ML,29221900,18%,
GC Secondary & Working Standards,"2,2,2-Trichloroethanol",,115-20-8,In-house GC Std./WS,98285,100 G,29054900,18%,
GC Secondary & Working Standards,"2,2,2-Trichloroethanol",,115-20-8,In-house GC Std./WS,98285,25 G,29054900,18%,
GC Secondary & Working Standards,"2,2,2-Trichloroethyl chloroformate",,17341-93-4,In-house GC Std./WS,98318,25 G,29159090,18%,
GC Secondary & Working Standards,"2,2,2-Trifluoroethanol",,75-89-8,In-house GC Std/WS,98219,25 G,29055900,18%,
GC Secondary & Working Standards,"2,2,2-Trifluoroethanol",,75-89-8,In-house GC Std/WS,98219,100 G,29055900,18%,
GC Secondary & Working Standards,"2,2,3-Trimethylbutane",,464-06-2,In-house GC Std/WS,80133,5 ML,29011000,18%,
GC Secondary & Working Standards,"2,2,4,6,6-Pentamethylheptane",,13475-82-6,In-house GC Std./WS,98542,1 ML,29011000,18%,
GC Secondary & Working Standards,"2,2,4,6,6-Pentamethylheptane 2,2,6,6-Tetramethylpiperidine",,13475-82-6,In-house GC Std./WS,98542,500 MG,29011000,18%,
GC Secondary & Working Standards,1-oxyl (TEMPO),,2564-83-2,In-house GC Std./WS,98523,25 G,29333990,18%,
GC Secondary & Working Standards,"2,2-Diethoxypropane 2,2-Dimethoxybutane",,126-84-1,In-house GC Std/WS,80137,5 ML,29110000,18%,
GC Secondary & Working Standards,"{2-Butanone, dimethyl acetal}",,3453-99-4,In-house WS,85152,,29091990,18%,
GC Secondary & Working Standards,"2,2-Dimethoxypropane",,77-76-9,In-house GC Std./WS,98300,100 ML,29142990,18%,
GC Secondary & Working Standards,"2,2-Dimethylbutyric acid",,595-37-9,In-house GC Std./WS,98216,25 ML,29159099,18%,
GC Secondary & Working Standards,"2,2-Dimethylbutane",,75-83-2,In-house GC Std./WS,98116,25 ML,29011000,18%,
GC Secondary & Working Standards,"2,2-Dimethylpentane",,75-83-2,In-house GC Std./WS,98891,1 ML,29011000,18%,
GC Secondary & Working Standards,"2,2'-Oxybis(ethylamine)",,2752-17-3,In-house GC Std./WS,98396,100 MG,29221900,18%,
GC Secondary & Working Standards,"2,3,5,6-Tetrachloronitrobenzene",,117-18-0,In-house GC Std/WS,80504,5 G,29049090,18%,
GC Secondary & Working Standards,"2,3,5-Triflurophenyl acetic acid",,132992-28-0,In-house WS,85156,2 G,29163990,18%,
GC Secondary & Working Standards,"2,3,6-Trifluorophenyl acetic acid",,114152-23-7,In-house WS,85157,2 G,29339900,18%,
GC Secondary & Working Standards,"2,3-Butanediol",,513-85-9,In-house GC Std./WS,98328,25 G,29054900,18%,
GC Secondary & Working Standards,"2,3-Dichloro-1-propanol 2,3-Dichloro-5,6-dicyano-",,616-23-9,In-house GC Std./WS,98901,25 G,29051290,18%,
GC Secondary & Working Standards,"1,4-benzoquinone",,84-58-2,In-house WS,85175,10 G,29280090,18%,
GC Secondary & Working Standards,"2,3-Difluorobenzyl bromide",,113211-94-2,In-house GC Std./WS,98080,5 G,29039990,18%,
GC Secondary & Working Standards,"2,3-Dihydrobenzofuran",,496-16-2,In-house GC Std./WS,98168,5 G,29329990,18%,
GC Secondary & Working Standards,"2,3-Dimethylbutane",,79-29-8,In-house GC Std./WS,98837,25 ML,29011000,18%,
GC Secondary & Working Standards,"2,3-Dimethylpentane",,565-59-3,In-house GC Std/WS,80136,5 ML,29011000,18%,
GC Secondary & Working Standards,"2,4,5-Trichloropyrimidine",,5750-76-5,In-house WS,85194,,29335990,18%,
GC Secondary & Working Standards,"2,4,5-Trifluorophenylacetic acid",,209995-38-0,In-house WS,85065,25 G,29163990,18%,
GC Secondary & Working Standards,"2,4,5-Trifluorophenylacetic acid",,209995-38-0,In-house WS,85065,100 G,29163990,18%,
GC Secondary & Working Standards,"2,4-Difluoronitrobenzene",,446-35-5,In-house GC Std./WS,98096,100 G,29214990,18%,
GC Secondary & Working Standards,"2,4-Dihydroxybenzaldehyde",,95-01-2,In-house WS,85223,,29124900,18%,
GC Secondary & Working Standards,"2,4-Dimethylheptane",,2213-23-2,In-house GC Std./WS,98863,1 ML,29011000,18%,
GC Secondary & Working Standards,"2,4-Dimethylpentane",,108-08-7,In-house GC Std./WS,98897,5 ML,29011000,18%,
GC Secondary & Working Standards,"2,4-Dinitrochlorobenzene",,97-00-7,In-house GC Std./WS,98397,100 G,29042090,18%,
GC Secondary & Working Standards,"2,5-Dibromothiophene",,3141-27-3,In-house GC Std/WS,98933,5 G,29349990,18%,
GC Secondary & Working Standards,"2,5-Dibromothiophene",,3141-27-3,In-house GC Std/WS,98933,25 G,29349990,18%,
GC Secondary & Working Standards,"2,5-Dichloropyrimidine, 98%",,22536-67-0,In-house WS,85193,,29335990,18%,
GC Secondary & Working Standards,"2,6-Dichlorobenzyl chloride",,2014-83-7,In-house GC Std./WS,98100,100 G,29039940,18%,
GC Secondary & Working Standards,"2,6-Dichlorophenylacetic acid",,6575-24-2,In-house WS,85133,,29339900,18%,
GC Secondary & Working Standards,"2,6-Dichloroquinone-4-chlorimide",,101-38-2,In-house WS,85078,5 G,29252990,18%,
GC Secondary & Working Standards,"2,6-Difluorobenzylamine",,69385-30-4,In-house GC Std/WS,80129,5 G,29214980,18%,
GC Secondary & Working Standards,"2,6-Difluorobenzylamine",,69385-30-4,In-house GC Std/WS,80129,25 G,29214980,18%,
GC Secondary & Working Standards,"2,6-Dimethylaniline",,87-62-7,In-house GC Std./WS,98205,100 ML,29214223,18%,
GC Secondary & Working Standards,"2,6-Di-tert-butyl-1,4-benzoquinone",,719-22-2,In-house GC Std/WS,98943,5 G,29146900,18%,
GC Secondary & Working Standards,"2,6-Di-tert-butylphenol",,128-39-2,In-house GC Std./WS,98904,100 G,29071290,18%,
GC Secondary & Working Standards,"2,6-Lutidine",,108-48-5,In-house GC Std./WS,98303,100 ML,29333918,18%,
GC Secondary & Working Standards,2-Amino-5-chloropyrimidine,,5428-89-7,In-house WS,85190,,29335990,18%,
GC Secondary & Working Standards,2-Aminoacetophenone,,551-93-9,In-house GC Std./WS,98932,5 G,29242990,18%,
GC Secondary & Working Standards,2-Aminobenzamide,,88-68-6,In-house WS,85237,,29242990,18%,
GC Secondary & Working Standards,2-Aminobenzophenone,,2835-77-0,In-house WS,85025,,29143990,18%,
GC Secondary & Working Standards,2-Aminophenol,,95-55-6,In-house WS,85014,25 G,29222990,18%,
GC Secondary & Working Standards,2-Bromo-1-chloropropane,,3017-95-6,In-house WS,85180,5 G,29339900,18%,
GC Secondary & Working Standards,2-Bromoaniline,,615-36-1,In-house GC Std/WS,80166,5 G,29309090,18%,
GC Secondary & Working Standards,2-Bromoaniline,,615-36-1,In-house GC Std/WS,80166,25 G,29309090,18%,
GC Secondary & Working Standards,2-Bromoethanol,,540-51-2,In-house GC Std./WS,98906,25 G,29051220,18%,
GC Secondary & Working Standards,2-Bromoethanol,,540-51-2,In-house GC Std./WS,98906,100 G,29051220,18%,
GC Secondary & Working Standards,2-Bromoethyl benzoate,,939-54-8,In-house GC Std./WS,98062,5 ML,29093090,18%,
GC Secondary & Working Standards,2-Bromothiophene,,1003-09-4,In-house GC Std./WS,98816,25 G,29339900,18%,
GC Secondary & Working Standards,2-Bromothiophene,,1003-09-4,In-house GC Std./WS,98816,100 G,29339900,18%,
GC Secondary & Working Standards,2-Butanol,,78-92-2,USP,98129,100 ML,29051490,18%,
GC Secondary & Working Standards,2-Butanone (Ethyl methyl ketone),,78-93-3,USP,98154,100 ML,29141200,18%,
GC Secondary & Working Standards,2-Butyn-1-ol 2-Chloro-2-methylpropane,,764-01-2,In-house GC Std./WS,98931,5 ML,29051990,18%,
GC Secondary & Working Standards,(tert-Butyl Chloride),,507-20-0,In-house GC Std./WS,98266,100 ML,29039990,18%,
GC Secondary & Working Standards,"2-Chloro-5-iodopyrimidine, 98%",,32779-38-7,In-house WS,85192,,29173400,18%,
GC Secondary & Working Standards,2-Chloroacetamide,,79-07-2,In-house GC Std./WS,98051,100 G,29242990,18%,
GC Secondary & Working Standards,2-Chlorobenzaldehyde,,89-98-5,In-house GC Std./WS,98224,100 ML,29130090,18%,
GC Secondary & Working Standards,2-Chlorobenzyl chloride,,611-19-8,In-house GC Std/WS,98948,25 G,29039990,18%,
GC Secondary & Working Standards,2-Chloroethanol,,107-07-3,In-house GC Std./WS,98179,100 ML,29055900,18%,
GC Secondary & Working Standards,2-Chloroethyl acetate,,542-58-5,In-house WS,85126,25 ML,29153900,18%,
GC Secondary & Working Standards,2-Chloroethyl acetate,,542-58-5,In-house WS,85126,100 ML,29153900,18%,
GC Secondary & Working Standards,2-Chloropropane,,75-29-6,In-house GC Std./WS,98138,100 ML,29031990,18%,
GC Secondary & Working Standards,2-Chloropyridine,,109-09-1,In-house GC Std/WS,80145,100 ML,29333990,18%,
GC Secondary & Working Standards,2-Chlorotoluene,,95-49-8,In-house GC Std./WS,98265,100 ML,29039990,18%,
GC Secondary & Working Standards,2-Ethoxy ethanol,,110-85-5,In-house GC Std./WS,98291,100 ML,29153990,18%,
GC Secondary & Working Standards,2-Ethoxyphenol,,94-71-3,In-house GC Std/WS,80110,25 G,29095090,18%,
GC Secondary & Working Standards,2-Ethyl-1-hexanol,,104-76-7,In-house GC Std./WS,98064,100 ML,29051690,18%,
GC Secondary & Working Standards,2-Ethyl-1-hexene,,1632-16-2,In-house GC Std./WS,98876,5 ML,29021900,18%,
GC Secondary & Working Standards,2-Ethyl-2-hexenol 2-Ethylamino-1-(4-methoxyphenyl),,50639-00-4,In-house WS,85145,,29052900,18%,
GC Secondary & Working Standards,propane (HCl),,93963-24-7,In-house WS,85022,,29420090,18%,
GC Secondary & Working Standards,2-Ethylhexanoic acid,,149-57-5,In-house GC Std./WS,98172,100 ML,29159099,18%,
GC Secondary & Working Standards,2-Ethylhexyl acrylate,,103-11-7,In-house GC Std/WS,80157,25 ML,29161290,18%,
GC Secondary & Working Standards,2-Ethylhexyl acrylate,,103-11-7,In-house GC Std/WS,80157,100 ML,29161290,18%,
GC Secondary & Working Standards,2-Fluoro-6-methoxybenzaldehyde,,116241-61-3,In-house WS,85115,,29181990,18%,
GC Secondary & Working Standards,2-Fluorobenzaldehyde,,446-52-6,In-house GC Std/WS,80150,5 ML,29319090,18%,
GC Secondary & Working Standards,2-Fluorobenzylamine,,89-99-6,In-house GC Std./WS,98040,25 G,29214900,18%,
GC Secondary & Working Standards,2-Fluorobiphenyl,,321-60-8,In-house WS,85151,1 G,29036990,18%,
GC Secondary & Working Standards,2-Fluoromethylaniline,,88-17-5,In-house GC Std./WS,98389,25 G,29214390,18%,
GC Secondary & Working Standards,2-Heptanone,,110-43-0,In-house GC Std./WS,98079,100 ML,29141990,18%,
GC Secondary & Working Standards,2-Hexanone,,591-78-6,In-house GC Std./WS,98909,25 ML,29142200,18%,
GC Secondary & Working Standards,2-Hydroxyethylacrylate 2-Hydroxyisobutyramide,,818-61-1,In-house GC Std./WS,98887,100 ML,29161200,18%,
GC Secondary & Working Standards,[2-Hydroxy-2-methylpropanamide],,13027-88-8,In-house WS,85074,5 G,29241990,18%,
GC Secondary & Working Standards,2-Iodopropane,,75-30-9,In-house GC Std./WS,98313,100 G,29039990,18%,
GC Secondary & Working Standards,2-Isopropoxyethanol,,109-59-1,In-house GC Std./WS,98868,100 ML,29051210,18%,
GC Secondary & Working Standards,2-Mercaptoethanol,,60-24-2,In-house GC Std./WS,98922,100 G,29051300,18%,
GC Secondary & Working Standards,2-Methoxy ethanol,,109-86-4,In-house GC Std./WS,98178,100 ML,29094300,18%,
GC Secondary & Working Standards,2-Methyl pentane,,107-83-5,In-house GC Std./WS,98120,100 ML,29012990,18%,
GC Secondary & Working Standards,2-Methyl pyridine,,109-06-8,In-house GC Std/WS,80105,100 ML,29333912,18%,
GC Secondary & Working Standards,2-Methyl tetrahydrofuran,,96-47-9,In-house GC Std./WS,98229,100 ML,29321990,18%,
GC Secondary & Working Standards,2-Methyl-2-butene,,513-35-9,In-house GC Std./WS,98234,100 ML,29012990,18%,
GC Secondary & Working Standards,"2-Methyl-4,5-diphenyloxazole",,14224-99-8,In-house GC Std./WS,98541,1 G,29332990,18%,
GC Secondary & Working Standards,2-Methyl-4-isothiazolin-3-one,,2682-20-4,In-house WS,85076,1 G,29349990,18%,
GC Secondary & Working Standards,2'-Methylacetophenone,,577-16-2,In-house WS,85048,25 G,29143990,18%,
GC Secondary & Working Standards,2'-Methylacetophenone,,577-16-2,In-house WS,85048,100 G,29143990,18%,
GC Secondary & Working Standards,2-Methylhexane,,591-76-4,In-house GC Std./WS,98834,5 ML,29011000,18%,
GC Secondary & Working Standards,2-Methylpentanal,,123-15-9,In-house GC Std./WS,98838,25 ML,29141990,18%,
GC Secondary & Working Standards,2-Naphthyl benzoate,,93-44-7,In-house GC Std./WS,98896,5 G,29163990,18%,
GC Secondary & Working Standards,2-Naphthyl benzoate,,93-44-7,In-house GC Std./WS,98896,25 G,29163990,18%,
GC Secondary & Working Standards,2-Nitrobenzaldehyde,,552-89-6,In-house GC Std./WS,98379,25 G,29130090,18%,
GC Secondary & Working Standards,2-Nitrotoluene,,88-72-2,In-house GC Std./WS,98806,100 G,29042040,18%,
GC Secondary & Working Standards,2-Nonanol,,628-99-9,In-house GC Std/WS,80119,5 G,29051990,18%,
GC Secondary & Working Standards,2-Octanone,,111-13-7,In-house GC Std./WS,98056,100 ML,29141990,18%,
GC Secondary & Working Standards,2-Pentanone,,107-87-9,In-house GC Std./WS,98327,100 ML,29147090,18%,
GC Secondary & Working Standards,2-Phenethyl acetate,,103-45-7,In-house GC Std./WS,98392,30 G,29153990,18%,
GC Secondary & Working Standards,2-Phenoxyethanol,,122-99-6,In-house WS,85064,100 G,29094990,18%,
GC Secondary & Working Standards,2-Phenyl-2-Propanol,,617-94-7,In-house GC Std/WS,80146,5 G,29062990,18%,
GC Secondary & Working Standards,2-Phenyl-2-Propanol,,617-94-7,In-house GC Std/WS,80146,25 G,29062990,18%,
GC Secondary & Working Standards,2-Phenyl-2-Propanol,,617-94-7,In-house GC Std/WS,80146,100 G,29062990,18%,
GC Secondary & Working Standards,2-Phenylethanol,,60-12-8,In-house GC Std./WS,98833,100 ML,29062920,18%,
GC Secondary & Working Standards,"2-Propylmalonic acid, 98%",,616-62-6,In-house WS,85167,,29171980,18%,
GC Secondary & Working Standards,2-Pyrrolidone,,616-45-5,In-house GC Std./WS,98334,100 ML,29333100,18%,
GC Secondary & Working Standards,"3-(3,4-dimethoxy)-L-phenylalanine",,32161-30-1,In-house WS,85017,5 G,29224999,18%,
GC Secondary & Working Standards,3-(Dimethylamino)propyl chloride HCl,,5407-04-5,In-house GC Std/WS,80159,25 G,29211990,18%,
GC Secondary & Working Standards,"3,3’-Dithiodipropionic acid",,1119-62-6,In-house WS,85081,5 G,29309090,18%,
GC Secondary & Working Standards,"3,3-Dimethylpentane",,562-49-2,In-house GC Std/WS,80135,1 ML,29309070,18%,
GC Secondary & Working Standards,"3,4-Dichloro-1-butene",,760-23-6,In-house GC Std/WS,80154,25 G,29031500,18%,
GC Secondary & Working Standards,"3,4-Dihydro-2H-pyran",,110-87-2,In-house GC Std./WS,98268,100 ML,29329990,18%,
GC Secondary & Working Standards,"3,4-Dihydroxybenzaldehyde",,139-85-5,In-house WS,85008,,29124949,18%,
GC Secondary & Working Standards,"3,4-Dihydroxyphenylacetone 3,4-Dimethoxybenzoic acid",,2503-44-8,In-house WS,85016,,29189900,18%,
GC Secondary & Working Standards,"(Veratric acid) 3,5-Di-tert-butyl-",,93-07-2,In-house WS,85015,,29189900,18%,
GC Secondary & Working Standards,"4-hydroxybenzaldehyde 3,5-Di-Tert-butyl-4-",,1620-98-0,In-house WS,85050,25 G,29420090,18%,
GC Secondary & Working Standards,Hydroxyphenylpropionic acid,,20170-32-5,In-house WS,85051,25 G,29182900,18%,
GC Secondary & Working Standards,3-Amino-1-butanol,,2867-59-6,In-house GC Std./WS,98886,5 G,29221990,18%,
GC Secondary & Working Standards,3-Amino-5-hydroxybenzoic acid,,76045-71-1,In-house WS,85221,,29225000,18%,
GC Secondary & Working Standards,3-Aminophenol,,591-27-5,In-house GC Std./WS,98923,25 G,29222990,18%,
GC Secondary & Working Standards,3-Aminophenol,,591-27-5,In-house GC Std./WS,98923,100 G,29222990,18%,
GC Secondary & Working Standards,3-Bromoaniline,,591-19-5,In-house GC Std/WS,80167,25 G,29214190,18%,
GC Secondary & Working Standards,3-Bromobenzyl chloride,,932-77-4,In-house GC Std/WS,80123,5 G,29039990,18%,
GC Secondary & Working Standards,3-Butyn-1-ol,,927-74-2,In-house GC Std./WS,98355,5 ML,29052900,18%,
GC Secondary & Working Standards,3-Carbamoyl-4-hydroxybenzoic acid,,76142-87-5,In-house WS,85252,,29333990,18%,
GC Secondary & Working Standards,"3-Chloro-1,2-propanediol",,96-24-2,In-house GC Std./WS,98065,100 ML,29054900,18%,
GC Secondary & Working Standards,3-Chloro-2-fluorobenzyl alcohol,,261723-30-2,In-house WS,85091,1 G,29062900,18%,
GC Secondary & Working Standards,3-Chloro-2-fluorobenzyl alcohol,,261723-30-2,In-house WS,85091,5 G,29062900,18%,
GC Secondary & Working Standards,3-Chloro-2-nitrophenol,,17802-02-7,In-house WS,85210,,29181998,18%,
GC Secondary & Working Standards,3-Chloro-5-nitrophenol,,618-63-3,In-house WS,85212,,29089990,18%,
GC Secondary & Working Standards,3-Chloroaniline,,108-42-9,In-house GC Std./WS,98801,100 ML,29214211,18%,
GC Secondary & Working Standards,3-Chlorobenzonitrile,,766-84-7,In-house GC Std/WS,80140,25 G,29269095,18%,
GC Secondary & Working Standards,3-Chloronitrobenzene,,121-73-3,In-house GC Std./WS,98978,100 G,29049000,18%,
GC Secondary & Working Standards,3-Chloropropionyl chloride,,625-36-5,In-house GC Std/WS,80505,100 G,29159099,18%,
GC Secondary & Working Standards,3-Chloropropiophenone,,936-59-4,In-house GC Std/WS,80139,25 G,29143990,18%,
GC Secondary & Working Standards,3-Ethylaniline,,587-02-0,In-house GC Std/WS,80101,5 G,29214200,18%,
GC Secondary & Working Standards,3-Ethylaniline,,587-02-0,In-house GC Std/WS,80101,25 G,29214200,18%,
GC Secondary & Working Standards,3-Ethylpentane,,617-78-7,In-house GC Std/WS,80134,1 ML,29269095,18%,
GC Secondary & Working Standards,3-Fluoronitrobenzene,,402-67-5,In-house GC Std/WS,80112,25 G,29049090,18%,
GC Secondary & Working Standards,3-Methyl-2-buten-1-ol (Prenol),,556-82-1,In-house GC Std./WS,98165,100 ML,29052900,18%,
GC Secondary & Working Standards,3'-Methylacetophenone,,585-74-0,In-house WS,85049,25 ML,29143990,18%,
GC Secondary & Working Standards,3-Methylenepiperidine hydrochloride,,155137-12-5,In-house WS,85245,,29333990,18%,
GC Secondary & Working Standards,3-Methylhexane,,589-34-4,In-house GC Std./WS,98835,1 ML,29011000,18%,
GC Secondary & Working Standards,3-Methylpentane,,96-14-0,In-house GC Std./WS,98149,100 ML,29012990,18%,
GC Secondary & Working Standards,3-Methylpyridine,,108-99-6,In-house GC Std/WS,80125,25 ML,29333916,18%,
GC Secondary & Working Standards,3-Methylpyridine,,108-99-6,In-house GC Std/WS,80125,100 ML,29333916,18%,
GC Secondary & Working Standards,3-Nitrobenzaldehyde,,99-61-6,In-house GC Std./WS,98847,25 G,29130090,18%,
GC Secondary & Working Standards,3-Nitrotoluene,,99-08-1,In-house GC Std./WS,98099,100 G,29420090,18%,
GC Secondary & Working Standards,3-Pentanol,,584-02-1,In-house GC Std./WS,98118,100 ML,29054900,18%,
GC Secondary & Working Standards,3-Pentanone,,96-22-0,In-house GC Std./WS,98117,100 ML,29143990,18%,
GC Secondary & Working Standards,3-Phenoxy-a-cyanobenzylalcohol,,39515-47-4,In-house WS,85028,,29269090,18%,
GC Secondary & Working Standards,3-Phenyl-1-propanol,,122-97-4,In-house GC Std/WS,80108,100 ML,29062900,18%,
GC Secondary & Working Standards,3-Trifluoromethylaniline,,98-16-8,In-house GC Std./WS,98391,25 G,29214390,18%,
GC Secondary & Working Standards,4-(2-Hydroxyethyl)morpholine,,622-40-2,In-house WS,85046,100 ML,29333917,18%,
GC Secondary & Working Standards,"4-(Aminomethyl)benzoic acid 4'-(Azidomethyl)-[1,1'-biphenyl]-",,56-91-7,In-house WS,85019,,29224999,18%,
GC Secondary & Working Standards,"2-carbonitrile [AZBC] 4'-(Azidomethyl)-[1,1'-biphenyl]-",,133690-91-2,In-house WS,85116,,29269090,18%,
GC Secondary & Working Standards,"2-carboxamide [AZBX] 4'-(azidomethyl)-[1,1'-biphenyl]-",,,In-house WS,85118,,38220090,18%,
GC Secondary & Working Standards,2-Carboxylic acid [AZBA],,,In-house WS,85117,,38220090,18%,
GC Secondary & Working Standards,4-(Dimethylamino)pyridine {4-DMAP},,1122-58-3,In-house WS,85039,,29333999,18%,
GC Secondary & Working Standards,"4,4'-Bipyridine di-N-oxide",,24573-15-7,In-house WS,85260,,29333990,18%,
GC Secondary & Working Standards,"4,4-Pentamethylene-2-pyrrolidinone",,64744-50-9,In-house GC Std./WS,98540,25 G,29337900,18%,
GC Secondary & Working Standards,4’-(Methylthio)acetophenone,,1778-09-2,In-house WS,85125,5 G,29309099,18%,
GC Secondary & Working Standards,4’-(Methylthio)acetophenone,,1778-09-2,In-house WS,85125,25 G,29309099,18%,
GC Secondary & Working Standards,4-Acetylbenzamide,,67014-02-2,In-house WS,85257,,29251900,18%,
GC Secondary & Working Standards,4-Aminobenzoic acid,,150-13-0,In-house WS,85012,25 G,29224990,18%,
GC Secondary & Working Standards,4-Aminobenzoic acid,,150-13-0,In-house WS,85012,100 G,29224990,18%,
GC Secondary & Working Standards,4-Aminophenol,,123-30-8,In-house WS,85004,25 G,29222913,18%,
GC Secondary & Working Standards,4-Aminophenol. HCl,,51-78-5,In-house WS,85013,,29222911,18%,
GC Secondary & Working Standards,"4-Bromofluorobenzene 4-Bromoisobenzofuran-1,3-dione",,460-00-4,In-house GC Std./WS,98910,100 G,29036990,18%,
GC Secondary & Working Standards,{3-Bromophthalic Anhydride},,82-73-5,In-house WS,85155,,29329990,18%,
GC Secondary & Working Standards,4-Bromoisoquinoline,,1532-97-4,In-house WS,85129,,29339900,18%,
GC Secondary & Working Standards,4-Chlorobenzotrifluoride,,98-56-6,In-house GC Std./WS,98390,25 G,29039990,18%,
GC Secondary & Working Standards,4-chlorobenzoyl chloride,,122-01-0,In-house GC Std./WS,98198,25 G,29163990,18%,
GC Secondary & Working Standards,4-Chlorobenzyl chloride,,104-83-6,In-house GC Std./WS,98809,100 G,29039990,18%,
GC Secondary & Working Standards,4-Chlorobutyl acetate,,6962-92-1,In-house GC Std/WS,80109,25 G,29153900,18%,
GC Secondary & Working Standards,4-Chlorobutylchloride,,4635-59-0,In-house GC Std./WS,98289,100 ML,29159099,18%,
GC Secondary & Working Standards,4-Ethoxyacetophenone,,579-74-8,In-house GC Std./WS,98924,25 G,29147090,18%,
GC Secondary & Working Standards,4-Ethylaniline,,589-16-2,In-house GC Std./WS,98925,25 G,29214220,18%,
GC Secondary & Working Standards,4-Fluoroaniline,,371-40-4,In-house GC Std./WS,98881,100 G,29214210,18%,
GC Secondary & Working Standards,4-Fluorobenzaldehyde,,459-57-4,In-house GC Std./WS,98046,25 ML,29130090,18%,
GC Secondary & Working Standards,4-Fluorobenzylamine,,140-75-0,In-house GC Std./WS,98041,25 G,29214990,18%,
GC Secondary & Working Standards,4-Fluoronitrobenzene 4-Hydroxypyridine-3-,,350-46-9,In-house GC Std./WS,98092,100 G,29049990,18%,
GC Secondary & Working Standards,"sulfonic acid, 97%",,51498-37-4,In-house WS,85205,,29333999,18%,
GC Secondary & Working Standards,4-Methoxybenzyl chloride,,824-94-2,In-house GC Std/WS,80118,25 G,29093090,18%,
GC Secondary & Working Standards,4-Methoxyphenylacetone,,122-84-9,In-house GC Std/WS,80102,25 G,29143990,18%,
GC Secondary & Working Standards,4-Methoxyphenylacetone,,122-84-9,In-house GC Std/WS,80102,100 G,29143990,18%,
GC Secondary & Working Standards,4-Methyl-2-pentanol,,108-11-2,In-house GC Std./WS,98231,100 ML,29051990,18%,
GC Secondary & Working Standards,4-Methylsalicylic acid,,50-85-1,In-house GC Std./WS,98926,25 G,29183090,18%,
GC Secondary & Working Standards,4-Nitrotoluene,,99-99-0,In-house GC Std./WS,98023,100 G,29420090,18%,
GC Secondary & Working Standards,4-Phenyl-1-butanol,,3360-41-6,In-house GC Std/WS,80107,100 ML,29051990,18%,
GC Secondary & Working Standards,4-Phenyl-2-butanol,,2344-70-9,In-house GC Std/WS,80116,25 ML,29062900,18%,
GC Secondary & Working Standards,4-tert-Butylphenol 5-(4-Nitrophenyl)furan-,,98-54-4,In-house GC Std./WS,98930,100 G,29071210,18%,
GC Secondary & Working Standards,"2-carboxylic Acid 5-[4'-(Azidomethyl)[1,1'-biphenyl-",,28123-73-1,In-house WS,85163,,29321900,18%,
GC Secondary & Working Standards,"2-yl-2H-tetrazole [AZBT] 5-Amino-2,4,6-triiodoisophthaloyl",,152708-24-2,In-house WS,85119,,29420090,18%,
GC Secondary & Working Standards,dichloride,,37441-29-5,In-house WS,85138,,29211990,18%,
GC Secondary & Working Standards,5-Chloro-2-hydroxypyrimidine,,54326-16-8,In-house WS,85191,,29335990,18%,
GC Secondary & Working Standards,5-Chloro-2-iodopyrimidine,,874676-81-0,In-house WS,85189,,29221980,18%,
GC Secondary & Working Standards,5-Chloro-2-nitrophenol,,611-07-4,In-house WS,85211,,29089990,18%,
GC Secondary & Working Standards,5-Chlorovaleryl chloride,,1575-61-7,In-house GC Std/WS,98945,5 G,29159000,18%,
GC Secondary & Working Standards,5-Chlorovaleryl chloride,,1575-61-7,In-house GC Std/WS,98945,25 G,29159000,18%,
GC Secondary & Working Standards,6-Chloro-2-hexanone,,10226-30-9,In-house GC Std/WS,80149,25 ML,29147000,18%,
GC Secondary & Working Standards,6-Chloro-2-hexanone,,10226-30-9,In-house GC Std/WS,80149,50 ML,29147000,18%,
GC Secondary & Working Standards,6-Chloro-2-hexanone,,10226-30-9,In-house GC Std/WS,80149,100 ML,29147000,18%,
GC Secondary & Working Standards,6-Mercaptopurine monohydrate,,6112-76-1,In-house WS,85101,,29309090,18%,
GC Secondary & Working Standards,Acetaldehyde,,75-07-0,In-house GC Std./WS,98343,25 ML,29121200,18%,
GC Secondary & Working Standards,Acetaldehyde,,75-07-0,In-house GC Std./WS,98343,50 ML,29121200,18%,
GC Secondary & Working Standards,Acetaldehyde ammonia trimer,,58052-80-5,In-house GC Std./WS,98802,25 G,29335990,18%,
GC Secondary & Working Standards,Acetaldehyde ammonia trimer,,58052-80-5,In-house GC Std./WS,98802,100 G,29335990,18%,
GC Secondary & Working Standards,Acetaldehyde diethyl acetal,,105-57-7,In-house GC Std./WS,98296,25 ML,29110090,18%,
GC Secondary & Working Standards,"Acetaldehyde-2,4-DNPH",,1019-57-4,In-house GC Std./WS,98546,5 G,29280000,18%,
GC Secondary & Working Standards,Acetamide,,60-35-5,In-house GC Std./WS,98353,100 G,29242950,18%,
GC Secondary & Working Standards,Acetic acid,,64-19-7,USP,98115,100 ML,29152100,18%,
GC Secondary & Working Standards,Acetoacetic acid lithium salt,,3483-11-2,In-house WS,85234,,29183000,18%,
GC Secondary & Working Standards,Acetone,,67-64-1,USP,98110,100 ML,29141100,18%,
GC Secondary & Working Standards,Acetonitrile,,75-05-8,USP,98113,100 ML,29269000,18%,
GC Secondary & Working Standards,Acetophenone,,98-86-2,In-house GC Std./WS,98284,100 ML,29143910,18%,
GC Secondary & Working Standards,Acetyl acetone,,123-54-6,In-house GC Std./WS,98025,100 ML,29159090,18%,
GC Secondary & Working Standards,Acetyltriethyl citrate,,77-89-4,In-house GC Std./WS,98013,100 G,29181590,18%,
GC Secondary & Working Standards,Acrylic acid,,79-10-7,In-house GC Std./WS,98337,100 ML,29161100,18%,
GC Secondary & Working Standards,Acrylonitrile,,107-13-1,In-house GC Std/WS,80113,100 ML,29261000,18%,
GC Secondary & Working Standards,Adsolve-C,,,In-house GC Std./WS,98176,100 ML,29032200,18%,
GC Secondary & Working Standards,Adsolve-H,,,In-house GC Std./WS,98270,100 ML,27101990,18%,
GC Secondary & Working Standards,Allyl bromide,,106-95-6,In-house GC Std./WS,98911,100 G,29036930,18%,
GC Secondary & Working Standards,Allyl chloride,,107-05-1,In-house GC Std./WS,98070,100 ML,29032900,18%,
GC Secondary & Working Standards,Allylamine,,107-11-9,In-house GC Std./WS,98839,100 ML,29211990,18%,
GC Secondary & Working Standards,Aminoacetaldehyde dimethyl acetal,,22483-09-6,In-house WS,85162,25 ML,29225090,18%,
GC Secondary & Working Standards,Aminobutanol [2-Amino-1-butanol],,96-20-8,In-house GC Std./WS,98082,100 ML,29221990,18%,
GC Secondary & Working Standards,Aniline,,62-53-3,USP,98141,100 ML,29214110,18%,
GC Secondary & Working Standards,Anisole,,100-66-3,USP,98212,100 ML,29093090,18%,
GC Secondary & Working Standards,Anthracene WS,,120-12-7,In-house WS,85104,1 G,29029030,18%,
GC Secondary & Working Standards,Arachidic acid,,506-30-9,In-house GC Std./WS,98819,500 MG,29159090,18%,
GC Secondary & Working Standards,Arachidic acid,,506-30-9,In-house GC Std./WS,98819,1 G,29159090,18%,
GC Secondary & Working Standards,Azobenzene,,103-33-3,In-house GC Std/WS,80178,25 G,29270029,18%,
GC Secondary & Working Standards,Azure B,,531-55-5,In-house WS,85246,,32129000,18%,
GC Secondary & Working Standards,Bakuchiol,,10309-37-2,In-house WS,85231,,29329990,18%,
GC Secondary & Working Standards,Behenic acid,,112-85-6,In-house GC Std./WS,98820,500 MG,29159090,18%,
GC Secondary & Working Standards,Behenic acid,,112-85-6,In-house GC Std./WS,98820,1 G,29159090,18%,
GC Secondary & Working Standards,Benzaldehyde Benzaldehyde dimethyl acetal,,100-52-7,In-house GC Std./WS,98274,100 ML,29122100,18%,
GC Secondary & Working Standards,"(a,a-Dimethoxytoluene)",,1125-88-8,In-house GC Std./WS,98264,100 G,29110090,18%,
GC Secondary & Working Standards,Benzene,,71-43-2,USP,98142,100 ML,29022000,18%,
GC Secondary & Working Standards,Benzenesulfonic acid,,98-11-3,In-house WS,85247,5 G,29041090,18%,
GC Secondary & Working Standards,Benzenesulfonyl chloride,,98-09-9,In-house GC Std/WS,98251,5 G,29049990,18%,
GC Secondary & Working Standards,Benzenesulfonyl chloride,,98-09-9,In-house GC Std/WS,98251,25 G,29049990,18%,
GC Secondary & Working Standards,Benzoin,,119-53-9,In-house WS,85254,,29144099,18%,
GC Secondary & Working Standards,Benzophenone,,119-61-9,In-house GC Std./WS,98515,100 G,29143930,18%,
GC Secondary & Working Standards,Benzyl 2-bromoethyl ether,,1462-37-9,In-house WS,85132,5 G,29093090,18%,
GC Secondary & Working Standards,Benzyl 2-bromoethyl ether,,1462-37-9,In-house WS,85132,25 G,29093090,18%,
GC Secondary & Working Standards,Benzyl alcohol,,100-51-6,USP,98148,100 ML,29062100,18%,
GC Secondary & Working Standards,Benzyl bromide,,100-39-0,In-house GC Std./WS,98248,100 ML,29039990,18%,
GC Secondary & Working Standards,Benzyl butyl phthalate,,85-68-7,In-house WS,85179,50 G,29173400,18%,
GC Secondary & Working Standards,Benzyl butyl phthalate,,85-68-7,In-house WS,85179,100 G,29173400,18%,
GC Secondary & Working Standards,Benzyl Chloride,,100-44-7,In-house GC Std./WS,98143,100 ML,29039990,18%,
GC Secondary & Working Standards,Benzyl cyanide,,140-29-4,In-house GC Std./WS,98170,100 ML,29420090,18%,
GC Secondary & Working Standards,Benzylamine,,100-46-9,In-house GC Std./WS,98279,100 ML,29214990,18%,
GC Secondary & Working Standards,Bergapten,,484-20-8,In-house WS,85123,,29322090,18%,
GC Secondary & Working Standards,Biphenyl,,92-52-4,In-house GC Std./WS,98562,100 G,29029030,18%,
GC Secondary & Working Standards,"Bis Tris, 99%",,6976-37-0,In-house WS,85182,25 G,29221980,18%,
GC Secondary & Working Standards,Bis-(2-bromoethyl)ether Bis(2-ethylhexyl) maleate,,5414-19-7,In-house GC Std./WS,98061,5 G,29093090,18%,
GC Secondary & Working Standards,[Dioctyl maleate],,142-16-5,In-house WS,85080,100 ML,29171900,18%,
GC Secondary & Working Standards,Bisphenol A,,80-05-7,In-house GC Std./WS,98512,100 G,29071190,18%,
GC Secondary & Working Standards,Bromobenzene,,108-86-1,In-house GC Std./WS,98380,100 G,29039980,18%,
GC Secondary & Working Standards,Bromochloromethane,,74-97-5,In-house GC Std./WS,98846,1 ML,29036910,18%,
GC Secondary & Working Standards,Bromochloromethane,,74-97-5,In-house GC Std./WS,98846,5 ML,29036910,18%,
GC Secondary & Working Standards,Bromocyclopentane,,137-43-9,In-house GC Std./WS,98912,25 G,29036990,18%,
GC Secondary & Working Standards,Brompheniramine maleate,,980-71-2,In-house WS,85122,,29349990,18%,
GC Secondary & Working Standards,BSTFA-TMCS (99:1),,25561-30-2,In-house GC Std./WS,98865,5 ML,29319090,18%,
GC Secondary & Working Standards,Butyl benzene sulfonate,,80-44-4,In-house GC Std./WS,98037,5 ML,29041090,18%,
GC Secondary & Working Standards,Butyl methacrylate Butyl paraben,,97-88-1,In-house GC Std./WS,98128,100 ML,29161290,18%,
GC Secondary & Working Standards,(Butyl 4-hydroxybenzoate),,94-26-8,In-house WS,85037,,29182990,18%,
GC Secondary & Working Standards,Butylated hydroxy anisole (BHA),,25013-16-5,In-house GC Std./WS,98322,25 G,29096000,18%,
GC Secondary & Working Standards,Butylated hydroxy anisole (BHT),,128-37-0,In-house GC Std./WS,98321,25 G,29071990,18%,
GC Secondary & Working Standards,Butyric acid,,107-92-6,In-house GC Std./WS,98347,100 ML,29159090,18%,
GC Secondary & Working Standards,Butyric anhydride,,106-31-0,In-house GC Std./WS,98348,25 ML,29159099,18%,
GC Secondary & Working Standards,Butyryl chloride,,141-75-3,In-house GC Std./WS,98817,25 ML,29031990,18%,
GC Secondary & Working Standards,Butyryl chloride,,141-75-3,In-house GC Std./WS,98817,100 ML,29031990,18%,
GC Secondary & Working Standards,Calcium carbonate,,471-34-1,In-house GC Std/WS,98991,100 G,28365000,18%,
GC Secondary & Working Standards,Calcium D-pantothenate,,137-08-6,In-house WS,85021,,29362400,18%,
GC Secondary & Working Standards,"(1,1-cyclobutanedicarboxylato) platinum(II), 99%]",,41575-94-4,In-house WS,85214,,29339900,18%,
GC Secondary & Working Standards,Catechol,,120-80-9,In-house GC Std./WS,98534,100 G,29072900,18%,
GC Secondary & Working Standards,Cetyl alcohol Chloraminophenamide (4-Amino,,36653-82-4,In-house GC Std./WS,98400,100 G,29051700,18%,
GC Secondary & Working Standards,"-6-chloro-1,3-benzenedisulfonamide)",,121-30-2,In-house WS,85020,,29124949,18%,
GC Secondary & Working Standards,Chloroacetaldehyde dimethyl acetal,,97-97-2,In-house GC Std./WS,98898,100 ML,29109090,18%,
GC Secondary & Working Standards,Chloroacetic acid,,79-11-8,In-house GC Std./WS,98373,100 G,29154010,18%,
GC Secondary & Working Standards,Chloroacetone,,78-95-5,In-house GC Std./WS,98363,100 G,29147000,18%,
GC Secondary & Working Standards,Chloroacetonitrile,,107-14-2,In-house GC Std./WS,98370,100 ML,29269000,18%,
GC Secondary & Working Standards,Chloroacetyl chloride,,79-04-9,In-house GC Std./WS,98340,100 G,29159099,18%,
GC Secondary & Working Standards,Chlorobenzene,,108-90-7,USP,98200,100 ML,29039110,18%,
GC Secondary & Working Standards,Chlorobutanol hemihydrate,,6001-65-4,In-house GC Std./WS,98545,1 G,29055900,18%,
GC Secondary & Working Standards,Chloroform,,67-66-3,USP,98189,100 ML,29031300,18%,
GC Secondary & Working Standards,Chloromethyl ethyl carbonate,,35179-98-7,In-house WS,85094,,29209010,18%,
GC Secondary & Working Standards,Chloromethyl methyl carbonate,,40510-81-4,In-house WS,85092,,29209000,18%,
GC Secondary & Working Standards,"Chloromethyl N,N-diethylcarbamate",,133217-92-2,In-house WS,85096,,29094300,18%,
GC Secondary & Working Standards,Chloromethyl n-propyl carbonate Chlorothymol WS [4-Chloro-2-,,35273-90-6,In-house WS,85095,,29031300,18%,
GC Secondary & Working Standards,isopropyl-5-methylphenol],,89-68-9,In-house WS,85082,,29041000,18%,
GC Secondary & Working Standards,Cholecalciferol (Vitamin D3),,67-97-0,In-house WS,85113,,29362900,18%,
GC Secondary & Working Standards,Cholesterol,,57-88-5,In-house WS,85089,,29061310,18%,
GC Secondary & Working Standards,Choline glycerophosphate,,28319-77-9,In-house WS,85114,,29239000,18%,
GC Secondary & Working Standards,Cinnamyl alcohol,,104-54-1,In-house GC Std./WS,98810,100 G,29062990,18%,
GC Secondary & Working Standards,Copper gluconate,,527-09-3,In-house GC Std/WS,98981,5 G,29181600,18%,
GC Secondary & Working Standards,Crotonaldehyde,,123-73-9,In-house GC Std./WS,98844,100 ML,29121990,18%,
GC Secondary & Working Standards,Cucurbit[7]uril hydrate,,,In-house WS,85215,,38220090,18%,
GC Secondary & Working Standards,Cumene,,98-82-8,USP,98177,100 ML,27073000,18%,
GC Secondary & Working Standards,Cyanocobalamine WS,,68-19-9,In-house WS,85120,,29362610,18%,
GC Secondary & Working Standards,Cyclohexalamine,,108-91-8,In-house GC Std./WS,98258,100 ML,29213010,18%,
GC Secondary & Working Standards,Cyclohexane,,110-82-7,USP,98109,100 ML,29021100,18%,
GC Secondary & Working Standards,Cyclohexanecarboxaldehyde,,2043-61-0,In-house GC Std./WS,98902,25 ML,29122900,18%,
GC Secondary & Working Standards,Cyclohexanecarboxylic acid,,98-89-5,In-house GC Std/WS,80103,100 G,29162000,18%,
GC Secondary & Working Standards,Cyclohexanepropionic acid,,701-97-3,In-house GC Std/WS,80148,25 G,29162000,18%,
GC Secondary & Working Standards,Cyclohexanol,,108-93-0,In-house GC Std./WS,98272,100 ML,29142200,18%,
GC Secondary & Working Standards,Cyclohexanone,,108-94-1,In-house GC Std./WS,98271,100 ML,29142200,18%,
GC Secondary & Working Standards,Cyclohexene,,110-83-8,In-house GC Std./WS,98374,100 ML,29021100,18%,
GC Secondary & Working Standards,Cyclohexyl-1-chloroethyl carbonate,,50893-53-3,In-house GC Std./WS,98286,25 ML,29159099,18%,
GC Secondary & Working Standards,Cyclohexylmethanol,,100-49-2,In-house GC Std./WS,98520,25 G,29051100,18%,
GC Secondary & Working Standards,Cyclopentanone,,120-90-23,In-house GC Std./WS,98874,100 ML,29142200,18%,
GC Secondary & Working Standards,Cyclopentyl methyl ether,,5614-37-9,In-house GC Std./WS,98184,100 ML,29337900,18%,
GC Secondary & Working Standards,Cyclopropane carboxylic anhydride,,33993-24-7,In-house GC Std/WS,80162,1 G,29172000,18%,
GC Secondary & Working Standards,Cyclopropanecarboxylic acid,,1759-53-1,In-house GC Std./WS,98880,25 G,29159090,18%,
GC Secondary & Working Standards,Cyclopropanecarboxylic acid,,1759-53-1,In-house GC Std./WS,98880,100 G,29159090,18%,
GC Secondary & Working Standards,Cyclopropylamine,,765-30-0,In-house GC Std./WS,98211,25 ML,29213090,18%,
GC Secondary & Working Standards,Cyclopropylmethyl ketone,,765-43-5,In-house GC Std/WS,80158,25 ML,29142990,18%,
GC Secondary & Working Standards,Cyclopropylmethyl ketone,,765-43-5,In-house GC Std/WS,80158,100 ML,29142990,18%,
GC Secondary & Working Standards,Cyclopropylmethylamine,,2516-47-4,In-house GC Std./WS,98180,5 G,29213090,18%,
GC Secondary & Working Standards,D-(-)-Fructose,,57-48-7,Secondary standard,85111,100 G,29309090,18%,
GC Secondary & Working Standards,D-(+)-Lactose Monohydrate,,64044-51-5,In-house WS,85227,100 G,29183090,18%,
GC Secondary & Working Standards,D-(+)-Malic acid,,636-61-3,In-house WS,85107,5 G,29181980,18%,
GC Secondary & Working Standards,D-(+)-Malic acid,,636-61-3,In-house WS,85107,25 G,29181980,18%,
GC Secondary & Working Standards,D-(+)-Mannose,,3458-28-4,In-house WS,85000,,29400000,18%,
GC Secondary & Working Standards,D-Alanine,,338-69-2,In-house GC Std./WS,98557,1 G,29224995,18%,
GC Secondary & Working Standards,Decamethylcyclopentasiloxane,,541-02-6,In-house GC Std./WS,98970,1 G,39100090,18%,
GC Secondary & Working Standards,Decamethylcyclopentasiloxane,,541-02-6,In-house GC Std./WS,98970,25 ML,39100090,18%,
GC Secondary & Working Standards,Decamethyltetrasiloxane,,141-62-8,In-house GC Std./WS,98854,25 ML,39100090,18%,
GC Secondary & Working Standards,Decanoyl chloride,,112-13-0,In-house GC Std./WS,98870,25 ML,29159090,18%,
GC Secondary & Working Standards,"Denatonium benzoate Dextrose SRS, traceable to",,3734-33-6,In-house WS,85131,,29232090,18%,
GC Secondary & Working Standards,USP[D-(+)-Glucose] Di-(2-ethylhexyl) phthalate or,,50-99-7,In-house WS,85218,100 G,29224990,18%,
GC Secondary & Working Standards,Bis(2-ethylhexyl) phthalate Di-(2-ethylhexyl) phthalate or,,117-81-7,In-house GC Std/WS,98929,25 G,29173620,18%,
GC Secondary & Working Standards,Bis(2-ethylhexyl) phthalate,,117-81-7,In-house GC Std/WS,98929,100 G,29173620,18%,
GC Secondary & Working Standards,Diacetin,,25395-31-7,In-house GC Std./WS,98072,25 G,29153990,18%,
GC Secondary & Working Standards,Diacetin,,25395-31-7,In-house GC Std./WS,98072,100 G,29153990,18%,
GC Secondary & Working Standards,Diacetone alcohol,,123-42-2,In-house GC Std./WS,98188,100 ML,29144000,18%,
GC Secondary & Working Standards,Diacetyl,,431-03-8,In-house GC Std./WS,98830,100 ML,29141990,18%,
GC Secondary & Working Standards,Dibenzyl ether,,103-50-4,In-house GC Std./WS,98058,100 ML,29093090,18%,
GC Secondary & Working Standards,Di-boc piperazine,,76535-75-6,In-house WS,85198,5 G,29339900,18%,
GC Secondary & Working Standards,Dibutyl ether,,142-96-1,In-house GC Std/WS,80117,100 ML,29091990,18%,
GC Secondary & Working Standards,Dibutyl phthalate,,84-74-2,In-house GC Std./WS,98320,100 ML,29173400,18%,
GC Secondary & Working Standards,Dibutylamine,,111-92-2,In-house GC Std./WS,98276,100 ML,29211190,18%,
GC Secondary & Working Standards,Dichloroacetic acid,,79-43-6,In-house GC Std./WS,98829,100 G,29154020,18%,
GC Secondary & Working Standards,Dichloromethane,,75-09-2,USP,98107,100 ML,29031200,18%,
GC Secondary & Working Standards,Dicyandiamide,,461-58-5,In-house GC Std./WS,98507,25 G,29262000,18%,
GC Secondary & Working Standards,Dicyclohexyl,,92-51-3,In-house GC Std./WS,98342,50 ML,29251900,18%,
GC Secondary & Working Standards,Dicyclohexyl phthalate,,84-61-7,In-house WS,85178,100 G,29173400,18%,
GC Secondary & Working Standards,Dicyclohexylamine,,101-83-7,In-house GC Std./WS,98054,100 ML,29213010,18%,
GC Secondary & Working Standards,Didecylamine,,1120-49-6,In-house GC Std/WS,98590,5 G,29211990,18%,
GC Secondary & Working Standards,Diethanolamine,,111-42-2,In-house GC Std./WS,98011,100 ML,29221210,18%,
GC Secondary & Working Standards,Diethyl bromomalonate,,685-87-0,In-house GC Std./WS,98892,25 G,29171910,18%,
GC Secondary & Working Standards,Diethyl Cyanomethylphosphonate,,2537-48-6,In-house WS,85140,25 G,29314990,18%,
GC Secondary & Working Standards,Diethyl ether,,60-29-7,In-house GC Std./WS,98125,100 ML,29091100,18%,
GC Secondary & Working Standards,Diethyl malonate,,105-53-3,In-house GC Std./WS,98280,100 ML,29171990,18%,
GC Secondary & Working Standards,Diethyl oxalate,,95-92-1,In-house GC Std./WS,98278,100 ML,29171140,18%,
GC Secondary & Working Standards,Diethyl phthalate,,84-66-2,In-house GC Std./WS,98903,25 G,29173400,18%,
GC Secondary & Working Standards,Diethyl phthalate,,84-66-2,In-house GC Std./WS,98903,100 G,29173400,18%,
GC Secondary & Working Standards,Diethyl sulfone,,597-35-3,In-house GC Std./WS,98827,250 MG,29093000,18%,
GC Secondary & Working Standards,Diethyl sulphate,,64-67-5,In-house GC Std./WS,98849,100 ML,29209010,18%,
GC Secondary & Working Standards,Diethylamine,,109-89-7,In-house GC Std./WS,98133,100 ML,29215990,18%,
GC Secondary & Working Standards,Diethylene glycol,,111-46-6,USP,98283,100 ML,29094100,18%,
GC Secondary & Working Standards,Diethylene glycol dimethyl ether,,111-96-6,In-house GC Std./WS,98164,100 ML,29094900,18%,
GC Secondary & Working Standards,Diethylene glycol monoethyl ether,,111-90-0,In-house GC Std./WS,98090,100 ML,29094100,18%,
GC Secondary & Working Standards,Diethylenetriamine (DETA),,111-40-0,In-house WS,85177,,29212990,18%,
GC Secondary & Working Standards,Diethylmethyl malonate,,609-08-5,In-house GC Std./WS,98807,100 ML,29171970,18%,
GC Secondary & Working Standards,Diisobutyl phthalate,,84-69-5,In-house GC Std./WS,98387,25 G,29173910,18%,
GC Secondary & Working Standards,Diisobutylene,,25167-70-8,In-house GC Std./WS,98020,100 ML,29051490,18%,
GC Secondary & Working Standards,Diisopropyl adipate,,6938-94-9,In-house GC Std./WS,98299,25 ML,29173990,18%,
GC Secondary & Working Standards,Diisopropyl amine,,108-18-9,In-house GC Std./WS,98249,100 ML,29211990,18%,
GC Secondary & Working Standards,Diisopropyl carbonate,,6482-34-4,In-house WS,85093,,29209090,18%,
GC Secondary & Working Standards,Diisopropyl ether,,108-20-3,In-house GC Std./WS,98157,100 ML,29091900,18%,
GC Secondary & Working Standards,Dimethoxy methane,,109-87-5,In-house GC Std./WS,98295,100 ML,29110090,18%,
GC Secondary & Working Standards,Dimethyl carbamyl chloride,,79-44-7,In-house GC Std./WS,98372,100 G,29420090,18%,
GC Secondary & Working Standards,Dimethyl carbonate,,616-38-6,In-house GC Std./WS,98026,100 ML,29209000,18%,
GC Secondary & Working Standards,Dimethyl chloromalonate,,28868-76-0,In-house GC Std./WS,98085,25 G,29171970,18%,
GC Secondary & Working Standards,Dimethyl disulphide,,924-92-0,In-house GC Std./WS,98336,100 ML,29291090,18%,
GC Secondary & Working Standards,Dimethyl fumarate,,624-49-7,In-house WS,85047,25 G,29339900,18%,
GC Secondary & Working Standards,Dimethyl malonate,,108-59-8,In-house GC Std./WS,98084,250 ML,29171970,18%,
GC Secondary & Working Standards,Dimethyl malonate,,108-59-8,In-house GC Std./WS,98084,100 ML,29171970,18%,
GC Secondary & Working Standards,Dimethyl oxalate,,553-90-2,In-house GC Std./WS,98882,100 G,29171910,18%,
GC Secondary & Working Standards,Dimethyl sulfide,,75-18-3,In-house GC Std./WS,98259,100 ML,29309060,18%,
GC Secondary & Working Standards,Dimethyl sulfoxide,,67-68-5,USP,98146,100 ML,29309099,18%,
GC Secondary & Working Standards,Dimethyl sulphate,,77-78-1,In-house GC Std./WS,98196,100 ML,29209020,18%,
GC Secondary & Working Standards,Dimethylamine 40% solution,,124-40-3,In-house GC Std./WS,98975,100 ML,29211920,18%,
GC Secondary & Working Standards,Dimethylamine Hydrochloride,,506-59-2,In-house WS,85056,1 G,29211190,18%,
GC Secondary & Working Standards,Dimidium bromide,,518-67-2,In-house WS,85207,,29420090,18%,
GC Secondary & Working Standards,Dinonyl phthalate,,84-76-4,In-house GC Std./WS,98866,25 Ml,29173990,18%,
GC Secondary & Working Standards,Di-O-benzoyl-D-tartaric acid,,17026-42-5,In-house WS,85238,,29181300,18%,
GC Secondary & Working Standards,"Dioctadecyl 3,3-thiodipropanoate",,693-36-7,In-house GC Std/WS,98944,5 G,29309090,18%,
GC Secondary & Working Standards,Dioctyl phthalate,,117-81-7,In-house GC Std./WS,98929,25 G,29173620,18%,
GC Secondary & Working Standards,Dioctyl phthalate,,117-81-7,In-house GC Std./WS,98929,100 G,29173620,18%,
GC Secondary & Working Standards,Diphenhydramine HCl,,147-24-0,In-house WS,85024,,29339900,18%,
GC Secondary & Working Standards,Diphenyl chlorophosphate,,2524-64-3,In-house GC Std./WS,98894,25 G,29209090,18%,
GC Secondary & Working Standards,Diphenyl chlorophosphate,,2524-64-3,In-house GC Std./WS,98894,100 G,29209090,18%,
GC Secondary & Working Standards,Diphenyl ether,,101-84-8,In-house WS,85083,100 G,29093090,18%,
GC Secondary & Working Standards,Diphenyl sulfone,,127-63-9,In-house GC Std/WS,80163,100 G,29309099,18%,
GC Secondary & Working Standards,Diphenylmethane,,101-81-5,In-house GC Std/WS,80142,100 G,29029020,18%,
GC Secondary & Working Standards,Dipropylamine (Di-n-propylamine),,142-84-7,In-house GC Std./WS,98074,100 ML,29211110,18%,
GC Secondary & Working Standards,Dipropylene glycol monobutyl ether,,29911-28-2,In-house WS,85148,,29094990,18%,
GC Secondary & Working Standards,Di-p-tolyl sulfone,,599-66-6,In-house GC Std./WS,98826,5 G,29309099,18%,
GC Secondary & Working Standards,Di-p-tolyl sulfone,,599-66-6,In-house GC Std./WS,98826,25 G,29309099,18%,
GC Secondary & Working Standards,Disodium succinate hexahydrate,,6106-21-4,In-house GC Std/WS,80501,100 G,29171990,18%,
GC Secondary & Working Standards,DI-tert-butyl disulfide,,110-06-5,In-house GC Std/WS,80127,100 ML,29309098,18%,
GC Secondary & Working Standards,Di-tert-butyl icosanedioate,,1242820-90-1,In-house WS,85235,,29400060,18%,
GC Secondary & Working Standards,DL-alpha tocopheryl acetate,,7695-91-2,In-house WS,85086,25 G,29362800,18%,
GC Secondary & Working Standards,DL-alpha tocopheryl acetate,,7695-91-2,In-house WS,85086,100 G,29362800,18%,
GC Secondary & Working Standards,DL-alpha-tocopherol,,10191-41-0,In-house WS,85085,25 G,29362811,18%,
GC Secondary & Working Standards,DL-alpha-tocopherol,,10191-41-0,In-house WS,85085,100 G,29362811,18%,
GC Secondary & Working Standards,DL-Dithiothreitol,,3483-12-3.,In-house WS,85224-,,29309099,18%,
GC Secondary & Working Standards,DL-Lactic Acid,,50-21-5,In-house WS,85217,,29181110,18%,
GC Secondary & Working Standards,DL-Malic acid SRS,,6915-15-7,In-house WS,85142,100 G,29181990,18%,
GC Secondary & Working Standards,DL-Menthol,,89-78-1,In-house WS,85027,,29061100,18%,
GC Secondary & Working Standards,DL-Tartaric acid,,133-37-9,In-house GC Std./WS,98339,100 G,29181200,18%,
GC Secondary & Working Standards,DL-a-Methoxy-2-phenylacetic acid,,7021-09-2,In-house WS,85161,,29189999,18%,
GC Secondary & Working Standards,DMF-Dimethyl acetal Docosandioic acid,,4637-24-5,In-house WS,85043,100 ML,29225000,18%,
GC Secondary & Working Standards,mono-tert-butyl ester,,1642333-05-8,In-house WS,85228,,29420090,18%,
GC Secondary & Working Standards,Docosane,,629-97-0,In-house GC Std./WS,98867,1 G,29011000,18%,
GC Secondary & Working Standards,Dodecane,,112-40-3,In-house GC Std./WS,98156,100 ML,29012990,18%,
GC Secondary & Working Standards,EDC.HCl,,25952-53-8,In-house WS,85199,5 G,29252990,18%,
GC Secondary & Working Standards,EDC.HCl,,25952-53-8,In-house WS,85199,25 G,29252990,18%,
GC Secondary & Working Standards,Eicosane,,112-95-8,In-house GC Std./WS,98055,25 ML,29011000,18%,
GC Secondary & Working Standards,Eicosanedioic acid,,2424-92-2,In-house WS,85202,,29171980,18%,
GC Secondary & Working Standards,Eicosanedioic acid mono-tBu,,683239-16-9,In-house WS,85201,,29181998,18%,
GC Secondary & Working Standards,Eliadic acid,,112-79-8,In-house GC Std./WS,98972,1 G,29181990,18%,
GC Secondary & Working Standards,Eliadic acid,,112-79-8,In-house GC Std./WS,98972,5 G,29181990,18%,
GC Secondary & Working Standards,Epiandrosterone WS,,481-29-8,In-house WS,85098,,29144000,18%,
GC Secondary & Working Standards,Epichlorohydrin,,106-89-8,In-house GC Std./WS,98255,100 ML,29103000,18%,
GC Secondary & Working Standards,Epigallocatechin gallate (Hydrate),,989-51-5,In-house WS,85036,,29339900,18%,
GC Secondary & Working Standards,Ergocalciferol (Vitamin D2),,50-14-6,In-house WS,85185,1 G,29362940,18%,
GC Secondary & Working Standards,Ergocalciferol (Vitamin D2),,50-14-6,In-house WS,85185,5 G,29362940,18%,
GC Secondary & Working Standards,Erucic acid,,112-86-7,In-house GC Std./WS,98822,100 MG,29161990,18%,
GC Secondary & Working Standards,Erucic acid,,112-86-7,In-house GC Std./WS,98822,500 MG,29161990,18%,
GC Secondary & Working Standards,Ethanolamine,,141-43-5,In-house GC Std./WS,98263,100 ML,29221190,18%,
GC Secondary & Working Standards,Ethyl 4-chloroacetoacetate,,638-07-3,In-house GC Std./WS,98166,25 G,29183090,18%,
GC Secondary & Working Standards,Ethyl 4-chloroacetoacetate Ethyl 4-hydroxybenzoate,,638-07-3,In-house GC Std./WS,98166,100 G,29183090,18%,
GC Secondary & Working Standards,[Ethyl paraben],,120-47-8,In-house WS,85208,25 G,29182990,18%,
GC Secondary & Working Standards,Ethyl 5-methylisoxazole-4-carboxylate,,51135-73-0,In-house WS,85062,5 G,29349990,18%,
GC Secondary & Working Standards,"Ethyl 8-bromo-2,2-dimethyloctanoate",,73828-70-3,In-house WS,85088,,29093090,18%,
GC Secondary & Working Standards,Ethyl acetate,,141-78-6,USP,98111,100 ML,29153100,18%,
GC Secondary & Working Standards,Ethyl acrylate,,140-88-5,In-house GC Std./WS,98859,100 ML,29161200,18%,
GC Secondary & Working Standards,Ethyl benzene,,100-41-4,In-house GC Std./WS,98364,100 ML,29026000,18%,
GC Secondary & Working Standards,Ethyl benzenesulfonate,,515-46-8,In-house WS,85173,5 G,29041000,18%,
GC Secondary & Working Standards,Ethyl benzoate,,93-89-0,In-house GC Std./WS,98914,100 ML,29163100,18%,
GC Secondary & Working Standards,Ethyl bromide,,74-96-4,In-house GC Std./WS,98139,100 ML,29241900,18%,
GC Secondary & Working Standards,Ethyl bromoacetate,,105-36-2,In-house GC Std./WS,98066,100 ML,29159090,18%,
GC Secondary & Working Standards,Ethyl chloride in THF/DEE,,75-00-3,In-house GC Std./WS,98957,100 ML,29031120,18%,
GC Secondary & Working Standards,Ethyl chloroformate,,541-41-3,In-house GC Std./WS,98220,100 ML,29159090,18%,
GC Secondary & Working Standards,Ethyl ethanesulfonate,,1912-30-7,In-house WS,85250,1 G,29051990,18%,
GC Secondary & Working Standards,Ethyl fluoroacetate,,459-72-3,In-house GC Std./WS,98088,100 G,29159090,18%,
GC Secondary & Working Standards,Ethyl formate,,109-94-4,USP,98130,100 ML,29151300,18%,
GC Secondary & Working Standards,Ethyl iodide,,75-03-6,In-house GC Std./WS,98525,100 G,29332990,18%,
GC Secondary & Working Standards,Ethyl isobutyrate,,97-62-1,In-house GC Std./WS,98885,100 ML,29159090,18%,
GC Secondary & Working Standards,Ethyl isonipecotate,,1126-09-6,In-house WS,85134,25 G,29333999,18%,
GC Secondary & Working Standards,Ethyl Methyl Carbonate,,623-53-0,In-house GC Std/WS,80132,5 ML,29209090,18%,
GC Secondary & Working Standards,Ethyl propionate,,105-37-3,In-house GC Std./WS,98349,100 ML,29155000,18%,
GC Secondary & Working Standards,Ethyl p-toluenesulfonate,,80-40-0,In-house WS,85060,100 G,29041000,18%,
GC Secondary & Working Standards,Ethyl trifluoroacetate,,383-63-1,In-house GC Std./WS,98218,100 G,29159099,18%,
GC Secondary & Working Standards,Ethyl trifluoroacetate,,383-63-1,In-house GC Std./WS,98218,25 G,29159099,18%,
GC Secondary & Working Standards,Ethyl vinyl ether Ethyl-2-(ethoxymethylene),,109-92-2,In-house GC Std./WS,98158,100 ML,29091900,18%,
GC Secondary & Working Standards,acetoacetate (MCA-10),,3788-94-1,In-house WS,85166,5 G,29189900,18%,
GC Secondary & Working Standards,Ethylacetoacetate,,141-97-9,In-house GC Std./WS,98242,100 ML,29182990,18%,
GC Secondary & Working Standards,Ethylamine 70% solution,,75-04-7,In-house GC Std./WS,98823,100 ML,29221940,18%,
GC Secondary & Working Standards,Ethylene glycol,,107-21-1,USP,98194,100 ML,29053100,18%,
GC Secondary & Working Standards,Ethylhexyl glycerin,,70445-33-9,In-house WS,85168,,29053995,18%,
GC Secondary & Working Standards,Ethylmethane sulphonate,,62-50-0,In-house GC Std./WS,98021,5 G,29041090,18%,
GC Secondary & Working Standards,Fenoxanil,,115852-48-7,In-house WS,85033,,29269090,18%,
GC Secondary & Working Standards,Fluorobenzene,,462-06-6,In-house GC Std/WS,80170,5 ML,29039910,18%,
GC Secondary & Working Standards,Fluorobenzene,,462-06-6,In-house GC Std/WS,80170,25 ML,29039910,18%,
GC Secondary & Working Standards,Formaldehyde,,50-00-0,In-house GC Std./WS,98953,100 ML,29121100,18%,
GC Secondary & Working Standards,"Formaldehyde-2,4-DNPH",,1081-15-8,In-house GC Std./WS,98547,5 G,38220090,18%,
GC Secondary & Working Standards,Formamide,,75-12-7,USP,98241,100 ML,29211110,18%,
GC Secondary & Working Standards,Formic acid,,64-18-6,USP,98181,100 ML,29151100,18%,
GC Secondary & Working Standards,Fumaric acid SRS,,110-17-8,In-house WS,85143,25 G,29171950,18%,
GC Secondary & Working Standards,Furfural,,98-01-1,In-house GC Std./WS,98804,100 ML,29321300,18%,
GC Secondary & Working Standards,Furfurylamine,,617-89-0,In-house GC Std./WS,98325,100 ML,29321300,18%,
GC Secondary & Working Standards,Gatifloxacin WS,,112811-59-3,In-house WS,85121,,29339900,18%,
GC Secondary & Working Standards,Glutaric acid,,110-94-1,In-house WS,85243,,29171990,18%,
GC Secondary & Working Standards,Glutaric anhydride,,108-55-4,In-house GC Std./WS,98524,100 G,29171990,18%,
GC Secondary & Working Standards,Glutaroyl chloride,,2873-74-7,In-house GC Std/WS,98946,25 G,29171900,18%,
GC Secondary & Working Standards,Glycerol,,56-81-5,USP,98160,100 ML,29153990,18%,
GC Secondary & Working Standards,Glycerol monoacetate,,26446-35-5,In-house GC Std./WS,98071,25 G,29153990,18%,
GC Secondary & Working Standards,Glycerol monoacetate,,26446-35-5,In-house GC Std./WS,98071,100 G,29153990,18%,
GC Secondary & Working Standards,Glycidol,,556-52-5,In-house GC Std/WS,98936,5 G,29109000,18%,
GC Secondary & Working Standards,Glycidol,,556-52-5,In-house GC Std/WS,98936,25 G,29109000,18%,
GC Secondary & Working Standards,Glyoxal 40% solution in water,,107-22-2,In-house GC Std./WS,98974,100 ML,29130000,18%,
GC Secondary & Working Standards,Guanidine nitrate,,506-93-4,In-house GC Std./WS,98505,25 G,29252990,18%,
GC Secondary & Working Standards,Halquinol (mixtures),,8067-69-4,In-house WS,85090,,29334990,18%,
GC Secondary & Working Standards,Heneicosane,,629-94-7,In-house GC Std/WS,80180,5 G,29309098,18%,
GC Secondary & Working Standards,Heptacosane,,593-49-7,In-house GC Std./WS,98862,1 G,29011000,18%,
GC Secondary & Working Standards,Heptadecane,,629-78-7,In-house GC Std./WS,98851,5 ML,29011000,18%,
GC Secondary & Working Standards,Heptanes,,,In-house GC Std./WS,98314,100 ML,27101990,18%,
GC Secondary & Working Standards,Heptanoic acid,,111-14-8,In-house GC Std./WS,98840,100 ML,29159090,18%,
GC Secondary & Working Standards,Heptanoyl chloride,,2528-61-2,In-house GC Std./WS,98871,25 ML,29159090,18%,
GC Secondary & Working Standards,Hexachlorobenzene,,118-74-1,In-house WS,85127,1 G,29039200,18%,
GC Secondary & Working Standards,Hexacosane,,630-01-3,In-house GC Std./WS,98845,10 G,28011000,18%,
GC Secondary & Working Standards,Hexadecane,,544-76-3,In-house GC Std./WS,98237,50 ML,29011000,18%,
GC Secondary & Working Standards,Hexadecanedioic acid mono-tBu,,843666-27-3,In-house WS,85203,,29171980,18%,
GC Secondary & Working Standards,Hexaethylguadinium chloride,,69082-76-4,In-house WS,85176,,29252900,18%,
GC Secondary & Working Standards,Hexamethylcyclotrisiloxane,,541-05-9,In-house GC Std./WS,98878,25 G,39100090,18%,
GC Secondary & Working Standards,Hexamethyldisiloxane,,107-46-0,In-house GC Std./WS,98049,100 ML,29420090,18%,
GC Secondary & Working Standards,Hexanes,,,In-house GC Std./WS,98167,100 ML,27101980,18%,
GC Secondary & Working Standards,"Hexanes (Customised, 65% n-hexane)",,,In-house GC Std./WS,98077,100 ML,27101980,18%,
GC Secondary & Working Standards,Hexylene gycol,,107-41-5,In-house GC Std./WS,98053,50 ML,29053990,18%,
GC Secondary & Working Standards,Hexylene gycol,,107-41-5,In-house GC Std./WS,98053,100 ML,29053990,18%,
GC Secondary & Working Standards,Hydrazine Dihydrochloride,,5341-61-7,In-house WS,85222,,28251010,18%,
GC Secondary & Working Standards,Hydrazine hydrate,,7803-57-8,In-house GC Std./WS,98958,100 G,28251020,18%,
GC Secondary & Working Standards,Hydrazine sulfate,,10034-93-2,In-house GC Std/WS,98979,100 G,28251010,18%,
GC Secondary & Working Standards,Hydroxyacetone,,116-09-6,In-house GC Std/WS,98935,25 G,29144090,18%,
GC Secondary & Working Standards,Hydroxylamine hydrochloride,,5470-11-1,In-house GC Std./WS,98951,100 G,28251010,18%,
GC Secondary & Working Standards,Indene,,95-13-6,In-house GC Std./WS,98836,10 ML,29029090,18%,
GC Secondary & Working Standards,Iodobenzene,,591-50-4,In-house GC Std./WS,98928,25 G,29049000,18%,
GC Secondary & Working Standards,Isoamyl alcohol,,123-51-3,In-house GC Std./WS,98159,100 ML,29051500,18%,
GC Secondary & Working Standards,Isoamyl benzoate,,94-46-2,In-house GC Std./WS,98067,100 ML,29163190,18%,
GC Secondary & Working Standards,Isobutanol,,78-83-1,USP,98153,100 ML,29051490,18%,
GC Secondary & Working Standards,Isobutyl acetate,,110-19-0,USP,98151,100 ML,29153990,18%,
GC Secondary & Working Standards,Isobutyl bromide,,78-77-3,In-house GC Std./WS,98093,100 G,29036100,18%,
GC Secondary & Working Standards,Isobutyl chloroformate,,543-27-1,In-house GC Std./WS,98174,100 ML,29159099,18%,
GC Secondary & Working Standards,Isobutylamine,,78-81-9,In-house GC Std./WS,98277,100 ML,29141300,18%,
GC Secondary & Working Standards,Isobutylboronic acid Isobutylparaben,,84110-40-7,In-house GC Std./WS,98386,5 G,29319090,18%,
GC Secondary & Working Standards,(Isobutyl 4-hydroxybenzoate),,4247-02-3,In-house WS,85023,,29182900,18%,
GC Secondary & Working Standards,Isobutyraldehyde,,78-84-2,In-house GC Std./WS,98915,100 ML,29130000,18%,
GC Secondary & Working Standards,Isobutyramide,,563-83-7,In-house WS,85073,100 G,29241900,18%,
GC Secondary & Working Standards,Isobutyryl chloride,,79-30-1,In-house GC Std./WS,98052,100 G,29420090,18%,
GC Secondary & Working Standards,Isomalt,,64519-82-0,In-house WS,85230,1 G,29400060,18%,
GC Secondary & Working Standards,Isooctane,,540-84-1,In-house GC Std./WS,98227,100 ML,29011000,18%,
GC Secondary & Working Standards,Isopentane (2-methyl butane),,78-78-4,In-house GC Std./WS,98292,100 ML,29420090,18%,
GC Secondary & Working Standards,Isopropenyl acetate,,108-22-5,In-house GC Std/WS,98934,100 ML,29153900,18%,
GC Secondary & Working Standards,Isopropenyl acetate,,108-22-5,In-house GC Std/WS,98934,250 ML,29153900,18%,
GC Secondary & Working Standards,Isopropyl Acetate,,108-21-4,USP,98163,100 ML,29153940,18%,
GC Secondary & Working Standards,Isopropyl alcohol [2-Propanol],,67-63-0,USP,98112,100 ML,29051220,18%,
GC Secondary & Working Standards,Isopropyl ethanesulfonate,,14245-62-6,In-house WS,85255,5 G,29242990,18%,
GC Secondary & Working Standards,Isopropyl formate,,625-55-8,In-house GC Std./WS,98131,25 ML,29159090,18%,
GC Secondary & Working Standards,Isopropyl methane sulfonate,,926-06-7,In-house GC Std./WS,98238,5 G,29335990,18%,
GC Secondary & Working Standards,Isopropyl myristate,,110-27-0,In-house GC Std./WS,98078,100 ML,29159090,18%,
GC Secondary & Working Standards,Isopropyl palmitate,,142-91-6,In-house GC Std./WS,98877,100 ML,29157010,18%,
GC Secondary & Working Standards,Isopropyl propionate,,637-78-5,In-house GC Std/WS,80509,25 ML,29155090,18%,
GC Secondary & Working Standards,Isopropyl propionate,,637-78-5,In-house GC Std/WS,80509,100 ML,29155090,18%,
GC Secondary & Working Standards,Isopropyl propyl ether,,627-08-7,In-house WS,85248,,29051990,18%,
GC Secondary & Working Standards,Isopropyl p-toluenesulfonate,,2307-69-9,In-house WS,85063,,29041000,18%,
GC Secondary & Working Standards,Isopropylamine,,75-31-0,In-house GC Std./WS,98239,100 ML,29211990,18%,
GC Secondary & Working Standards,Isovaleraldehyde,,590-86-3,In-house GC Std./WS,98137,100 ML,29121990,18%,
GC Secondary & Working Standards,Isovanillin [3-OH-4-Ome-Benzaldehyde,,621-59-0,In-house WS,85165,25 G,29124900,18%,
GC Secondary & Working Standards,"Itaconic acid L-(-)-Lactide {(3S-cis)-3,6-Dimethyl-",,97-65-4,In-house GC Std/WS,98587,25 G,29171960,18%,
GC Secondary & Working Standards,"1,4-dioxane-2,5-dione}",,4511-42-6,In-house WS,85144,,29349990,18%,
GC Secondary & Working Standards,L-(-)-Malic acid,,97-67-6,In-house WS,85106,25 G,29181990,18%,
GC Secondary & Working Standards,L-Alanine,,56-41-7,In-house GC Std./WS,98555,100 G,29224995,18%,
GC Secondary & Working Standards,Lenoleic acid,,60-33-3,In-house GC Std./WS,98028,5 G,29161510,18%,
GC Secondary & Working Standards,Lignoceric acid,,557-59-5,In-house GC Std./WS,98821,100 MG,29159099,18%,
GC Secondary & Working Standards,Lignoceric acid,,557-59-5,In-house GC Std./WS,98821,500 MG,29159099,18%,
GC Secondary & Working Standards,Linalool,,78-70-6,In-house WS,85026,,29052210,18%,
GC Secondary & Working Standards,Linolenic acid,,463-40-1,In-house GC Std/WS,80151,500 MG,29161900,18%,
GC Secondary & Working Standards,Linoleyl alcohol,,506-43-4,In-house GC Std/WS,80176,1 ML,29052990,18%,
GC Secondary & Working Standards,Lithium hydroxide monohydrate,,1310-66-3,In-house GC Std/WS,98980,25 G,28252000,18%,
GC Secondary & Working Standards,L-Methylfolate Calcium Salt,,151533-22-1,In-house WS,85068,,29362900,18%,
GC Secondary & Working Standards,L-Proline methyl ester hydrochloride,,2133-40-6,In-house WS,85031,5 G,29189900,18%,
GC Secondary & Working Standards,Lycopene,,502-65-8,In-house WS,85130,,29153900,18%,
GC Secondary & Working Standards,Magnesium acetate,,16674-78-5,In-house GC Std/WS,80507,100 G,29152920,18%,
GC Secondary & Working Standards,Maleic acid SRS,,110-16-7,In-house WS,85141,25 G,29171990,18%,
GC Secondary & Working Standards,Maleic anhydride,,108-31-6,In-house GC Std./WS,98543,10 G,29171400,18%,
GC Secondary & Working Standards,Malononitrile,,109-77-3,In-house GC Std/WS,80147,25 G,29269000,18%,
GC Secondary & Working Standards,Maltitol,,585-88-6,In-house WS,85029,,29400000,18%,
GC Secondary & Working Standards,m-Chloroperbenzoic Acid,,937-14-4,In-house WS,85066,25 G,29163990,18%,
GC Secondary & Working Standards,"m-Cresol Meldrum's Acid [2,2-Dimethyl-",,108-39-4,In-house GC Std./WS,98235,100 G,29071290,18%,
GC Secondary & Working Standards,"1,3-dioxane-4,6-dione]",,2033-24-1,In-house WS,85206,5 G,29189990,18%,
GC Secondary & Working Standards,Menthol,,2216-51-5,In-house WS,85244,25 G,29061100,18%,
GC Secondary & Working Standards,Mesityl oxide,,141-79-7,In-house GC Std./WS,98173,100 G,29141990,18%,
GC Secondary & Working Standards,Methacrylamide,,79-39-0,In-house GC Std./WS,98917,100 G,29241900,18%,
GC Secondary & Working Standards,Methacrylic acid,,79-41-4,In-house GC Std./WS,98076,100 ML,29161400,18%,
GC Secondary & Working Standards,Methanesulphonic acid,,75-75-2,In-house GC Std./WS,98362,100 ML,29041050,18%,
GC Secondary & Working Standards,Methanesulphonyl chloride,,124-63-0,In-house GC Std./WS,98273,100 ML,29051990,18%,
GC Secondary & Working Standards,Methanol,,67-56-1,USP,98105,100 ML,29051100,18%,
GC Secondary & Working Standards,Methoxytrimethylsilane,,1825-61-2,In-house GC Std./WS,98858,25 ML,29091900,18%,
GC Secondary & Working Standards,Methyl 4-chlorobutyrate Methyl 4-hydroxybenzoate,,3153-37-5,In-house GC Std/WS,80161,25 ML,29159080,18%,
GC Secondary & Working Standards,[Methyl paraben] Methyl 4-hydroxybenzoate,,99-76-3,In-house WS,85110,25 G,29182900,18%,
GC Secondary & Working Standards,[Methyl paraben],,99-76-3,In-house WS,85110,100 G,29182900,18%,
GC Secondary & Working Standards,Methyl 4-methoxyacetoacetate,,41051-15-4,In-house WS,85164,25 G,29189900,18%,
GC Secondary & Working Standards,Methyl 5-methylisoxazole-4-carboxylate,,100047-54-9,In-house WS,85079,5 G,29349990,18%,
GC Secondary & Working Standards,Methyl acetate,,79-20-9,USP,98124,100 ML,29153999,18%,
GC Secondary & Working Standards,Methyl acetoacetate,,105-45-3,In-house GC Std./WS,98808,100 ML,29183010,18%,
GC Secondary & Working Standards,Methyl acrylate Methyl arachidate,,96-33-3,In-house GC Std./WS,98175,100 ML,29161200,18%,
GC Secondary & Working Standards,(methyl eicosanoate),,1120-28-1,In-house GC Std./WS,98530,1 G,29159090,18%,
GC Secondary & Working Standards,Methyl benzenesulfonate,,80-18-2,In-house WS,85183,25 G,29051990,18%,
GC Secondary & Working Standards,Methyl benzenesulfonate,,80-18-2,In-house WS,85183,5 G,29051990,18%,
GC Secondary & Working Standards,"Methyl bromide 4% in acetonitrile Methyl bromide in acetonitrile,",,74-83-9,In-house GC Std./WS,98961,100 ML,29037999,18%,
GC Secondary & Working Standards,2 M soln.,,74-83-9,In-house GC Std./WS,98955,100 ML,29033990,18%,
GC Secondary & Working Standards,Methyl butyrate,,623-42-7,In-house GC Std./WS,98875,100 ML,29154000,18%,
GC Secondary & Working Standards,Methyl caproate,,106-70-7,In-house GC Std./WS,98015,100 ML,29159090,18%,
GC Secondary & Working Standards,Methyl carbamate,,598-55-0,In-house GC Std./WS,98039,100 G,29241900,18%,
GC Secondary & Working Standards,Methyl chloride in THF/DEE,,74-87-3,In-house GC Std./WS,98956,100 ML,29031120,18%,
GC Secondary & Working Standards,Methyl chloroacetate,,96-34-4,In-house GC Std./WS,98087,100 G,29153940,18%,
GC Secondary & Working Standards,Methyl cis-11-eicosenoate,,2390-09-2,In-house GC Std./WS,98536,25 MG,29161990,18%,
GC Secondary & Working Standards,Methyl cis-13-docosenoate,,1120-34-9,In-house GC Std./WS,98508,5 ML,29159090,18%,
GC Secondary & Working Standards,Methyl decanoate,,110-42-9,In-house GC Std./WS,98014,100 ML,29159090,18%,
GC Secondary & Working Standards,Methyl dichloroacetate Methyl docosanoate,,116-54-1,In-house GC Std./WS,98083,100 G,29154030,18%,
GC Secondary & Working Standards,(Methyl behenate),,929-77-1,In-house GC Std./WS,98533,100 MG,29159090,18%,
GC Secondary & Working Standards,Methyl DOPA,,555-30-6,In-house WS,85044,,29181990,18%,
GC Secondary & Working Standards,Methyl ethanesulfonate,,1912-28-3,In-house WS,85253,5 G,29051990,18%,
GC Secondary & Working Standards,Methyl formate Methyl heptadecanoate,,107-31-3,In-house GC Std./WS,98326,25 ML,29159090,18%,
GC Secondary & Working Standards,(Methyl margarate),,1731-92-6,In-house GC Std./WS,98532,5 G,29159090,18%,
GC Secondary & Working Standards,Methyl iodide,,74-88-4,In-house GC Std./WS,98208,100 ML,29033930,18%,
GC Secondary & Working Standards,Methyl isobutyl ketone (MIBK),,108-10-1,USP,98119,100 ML,29141300,18%,
GC Secondary & Working Standards,Methyl isobutyrate,,547-63-7,In-house GC Std./WS,98057,100 ML,29156010,18%,
GC Secondary & Working Standards,Methyl laurate,,111-82-0,In-house GC Std./WS,98537,5 G,29159030,18%,
GC Secondary & Working Standards,Methyl laurate,,111-82-0,In-house GC Std./WS,98537,25 G,29159030,18%,
GC Secondary & Working Standards,Methyl linoleate,,112-63-0,In-house GC Std./WS,98376,1 G,29161590,18%,
GC Secondary & Working Standards,Methyl linolenate,,301-00-8,In-house GC Std./WS,98381,100 MG,29161590,18%,
GC Secondary & Working Standards,Methyl linolenate,,301-00-8,In-house GC Std./WS,98381,1 G,29161590,18%,
GC Secondary & Working Standards,Methyl methacrylate,,80-62-6,In-house GC Std./WS,98089,100 ML,29161400,18%,
GC Secondary & Working Standards,Methyl myristate,,124-10-7,In-house GC Std./WS,98377,100 ML,29092000,18%,
GC Secondary & Working Standards,Methyl octanoate (Methyl caprylate),,111-11-5,In-house GC Std./WS,98016,100 ML,29159090,18%,
GC Secondary & Working Standards,Methyl oleate,,112-62-9,In-house GC Std./WS,98535,1 G,29161500,18%,
GC Secondary & Working Standards,Methyl palmitate,,112-39-0,In-house GC Std./WS,98527,5 G,29159090,18%,
GC Secondary & Working Standards,Methyl palmitoleate,,1120-25-8,In-house GC Std./WS,98526,100 MG,38220090,18%,
GC Secondary & Working Standards,Methyl propionate,,554-12-1,In-house GC Std./WS,98022,25 ML,29159090,18%,
GC Secondary & Working Standards,Methyl propionate,,554-12-1,In-house GC Std./WS,98022,100 ML,29159090,18%,
GC Secondary & Working Standards,Methyl p-toluenesulfonate,,80-48-8,In-house WS,85034,,29051999,18%,
GC Secondary & Working Standards,Methyl stearate,,112-61-8,In-house GC Std./WS,98516,5 G,29157030,18%,
GC Secondary & Working Standards,Methyl tert-butyl ether (MTBE) Methyl tetracosanoate,,1634-04-4,USP,98127,100 ML,29091990,18%,
GC Secondary & Working Standards,[Methyl lignocerate] Methyl tetracosanoate,,2442-49-1,In-house GC Std./WS,98528,100 MG,29159050,18%,
GC Secondary & Working Standards,[Methyl lignocerate],,2442-49-1,In-house GC Std./WS,98528,1 G,29159050,18%,
GC Secondary & Working Standards,Methyl tridecanoate,,1731-88-0,In-house GC Std./WS,98030,5 ML,29159099,18%,
GC Secondary & Working Standards,Methyl valerate,,624-24-8,In-house GC Std./WS,98812,25 ML,29156020,18%,
GC Secondary & Working Standards,Methyl valerate,,624-24-8,In-house GC Std./WS,98812,100 ML,29156020,18%,
GC Secondary & Working Standards,Methyl vinyl ketone,,78-94-4,In-house GC Std./WS,98086,100 ML,29141990,18%,
GC Secondary & Working Standards,Methyl-3-oxovalerate,,30414-53-0,In-house GC Std./WS,98920,100 G,29183090,18%,
GC Secondary & Working Standards,Methylamine 40% solution in H2O,,74-89-5,In-house GC Std./WS,98824,100 ML,29211110,18%,
GC Secondary & Working Standards,Methylamine HCl,,593-51-1,In-house WS,85174,1 G,29211190,18%,
GC Secondary & Working Standards,Methylcyclohexane,,108-87-2,In-house GC Std./WS,98294,100 ML,29021900,18%,
GC Secondary & Working Standards,Methylcyclopentane,,96-37-7,In-house GC Std./WS,98150,100 ML,29141990,18%,
GC Secondary & Working Standards,Monothioglycerol,,96-27-5,In-house GC Std/WS,80104,100 ML,29309099,18%,
GC Secondary & Working Standards,Morpholine,,110-91-8,In-house GC Std./WS,98323,100 ML,29333917,18%,
GC Secondary & Working Standards,m-Xylene,,108-38-3,In-house GC Std./WS,98103,100 ML,29024200,18%,
GC Secondary & Working Standards,"Myristic acid N,N,N,N-Tetramethyl-",,544-63-8,In-house GC Std./WS,98971,100 G,29159090,18%,
GC Secondary & Working Standards,"1,4-diaminobutane",,111-51-3,In-house GC Std/WS,80153,5 ML,29212900,18%,
GC Secondary & Working Standards,"N,N-Dicyclohexylcarbodimide",,538-75-0,In-house GC Std./WS,98522,100 G,29251900,18%,
GC Secondary & Working Standards,"N,N-Diisopropylcarbodiimide(DIPC)",,693-13-0,In-house GC Std./WS,98916,25 G,29211990,18%,
GC Secondary & Working Standards,"N,N-Diisopropylcarbodiimide(DIPC)",,693-13-0,In-house GC Std./WS,98916,100 G,29211990,18%,
GC Secondary & Working Standards,"N,N-Diisopropylethylamine (DIPEA)",,7087-68-5,In-house GC Std./WS,98185,100 ML,29211990,18%,
GC Secondary & Working Standards,"N,N-Dimethylacetamide",,127-19-5,USP,98147,100 ML,29241900,18%,
GC Secondary & Working Standards,"N,N-Dimethylaniline",,121-69-7,In-house GC Std./WS,98204,100 ML,29211990,18%,
GC Secondary & Working Standards,"N,N-Dimethylbenzhydrylamine",,5336-72-1,In-house WS,85007,,29221990,18%,
GC Secondary & Working Standards,"N,N-Dimethyl-D-Glucamine",,76326-99-3,In-house WS,85030,,29211190,18%,
GC Secondary & Working Standards,"N,N-Dimethylethylamine",,598-56-1,In-house GC Std./WS,98378,100 ML,29211980,18%,
GC Secondary & Working Standards,"N,N-Dimethylformamide (DMF)",,68-12-2,USP,98145,100 ML,29211110,18%,
GC Secondary & Working Standards,"N,O-Bis(trimethylsilyl)acetamide",,10416-59-8,In-house GC Std./WS,98197,25 G,29319090,18%,
GC Secondary & Working Standards,"N,O-Bis(trimethylsilyl)trifluoroacetamide N,O-Bis(trimethylsilyl)",,25561-30-2,In-house GC Std./WS,98873,25 ML,29319090,18%,
GC Secondary & Working Standards,trifluoroacetamide N-[(2Z)-Piperazin-2-ylidene]-,,25561-30-2,In-house GC Std./WS,98873,100 ML,29319090,18%,
GC Secondary & Working Standards,"2,2,2-trifluoroacetohydrazide",,849832-73-1,In-house WS,85109,,29339900,18%,
GC Secondary & Working Standards,Naphthalene,,91-20-3,In-house GC Std./WS,98017,25 G,29029040,18%,
GC Secondary & Working Standards,Naphthalene,,91-20-3,In-house GC Std./WS,98017,100 G,29029040,18%,
GC Secondary & Working Standards,N-Benzyl-2-phenylethylamine,,3647-71-0,In-house WS,85154,,29171950,18%,
GC Secondary & Working Standards,N-Bromosuccinimide,,128-08-5,In-house WS,85240,25 G,29251900,18%,
GC Secondary & Working Standards,n-Butanol (1-Butanol),,71-36-3,In-house GC Std./WS,98126,100 ML,29051490,18%,
GC Secondary & Working Standards,n-Butyl acetate,,123-86-4,USP,98245,100 ML,29153300,18%,
GC Secondary & Working Standards,n-Butyl formate,,592-84-7,In-house GC Std/WS,98900,25 ML,29151300,18%,
GC Secondary & Working Standards,n-Butyl formate,,592-84-7,In-house GC Std/WS,98900,100 ML,29151300,18%,
GC Secondary & Working Standards,n-Butylamine,,109-73-9,In-house GC Std./WS,98203,100 ML,29051300,18%,
GC Secondary & Working Standards,n-Butylboronic acid,,4426-47-5,In-house GC Std./WS,98560,5 G,29420090,18,
GC Secondary & Working Standards,n-Butyraldehyde,,123-72-8,In-house GC Std./WS,98240,100 ML,29121990,18%,
GC Secondary & Working Standards,n-Decane,,124-18-5,In-house GC Std./WS,98317,100 ML,29011000,18%,
GC Secondary & Working Standards,N-Ethyl piperazine,,5308-25-8,In-house GC Std./WS,98250,100 G,29335990,18%,
GC Secondary & Working Standards,N-Ethylisopropylamine,,19961-27-4,In-house GC Std./WS,98075,5 ML,29211900,18%,
GC Secondary & Working Standards,N-Ethylpropylamine,,20193-20-8,In-house GC Std/WS,80171,5 ML,29309099,18%,
GC Secondary & Working Standards,N-Ethylpropylamine,,20193-20-8,In-house GC Std/WS,80171,25 ML,29309099,18%,
GC Secondary & Working Standards,"N-Heptafluorobutyrylimidazole, 98%",,32477-35-3,In-house WS,85158,,29332900,18%,
GC Secondary & Working Standards,n-Heptane,,142-82-5,USP,98121,100 ML,29021900,18%,
GC Secondary & Working Standards,n-Hexane,,110-54-3,USP,98108,100 ML,29011000,18%,
GC Secondary & Working Standards,n-Hexyl methanesulfonate,,16156-50-6,In-house WS,85136,5 G,29051990,18%,
GC Secondary & Working Standards,N-Hydroxysuccinimide,,6066-82-6,In-house WS,85052,25 G,29251900,18%,
GC Secondary & Working Standards,Nicotinic acid,,59-67-6,In-house WS,85125,100 G,29362990,18%,
GC Secondary & Working Standards,Nitrilotriacetic acid,,139-13-9,In-house WS,85229,100 G,29224990,18%,
GC Secondary & Working Standards,Nitrobenzene,,98-95-3,In-house GC Std./WS,98319,100 ML,29042010,18%,
GC Secondary & Working Standards,Nitromethane,,75-52-5,In-house GC Std./WS,98309,100 ML,29049090,18%,
GC Secondary & Working Standards,N-Methyl methanesulfonamide,,1184-85-6,In-house WS,85058,5 G,29359090,18%,
GC Secondary & Working Standards,N-Methyl-2-pyrrolidone (NMP),,872-50-4,USP,98162,100 ML,29337990,18%,
GC Secondary & Working Standards,N-Methylacetamide,,79-16-3,In-house GC Std./WS,98879,100 G,29242990,18%,
GC Secondary & Working Standards,N-Methylaniline,,100-61-8,In-house GC Std./WS,98346,100 ML,29214290,18%,
GC Secondary & Working Standards,N-Methylcyclohexylamine,,100-60-7,In-house GC Std./WS,98095,100 ML,29213099,18%,
GC Secondary & Working Standards,N-Methylmorpholine,,109-02-4,In-house GC Std./WS,98182,100 ML,29420090,18%,
GC Secondary & Working Standards,N-Methylpiperazine,,109-01-3,In-house GC Std./WS,98186,100 ML,29335990,18%,
GC Secondary & Working Standards,n-Octane,,111-65-9,In-house GC Std./WS,98293,100 ML,29012990,18%,
GC Secondary & Working Standards,n-Octanol,,111-87-5,In-house GC Std./WS,98316,100 ML,29051490,18%,
GC Secondary & Working Standards,Nonadecane,,629-92-5,In-house GC Std./WS,98856,5 G,29011000,18%,
GC Secondary & Working Standards,Nonane,,111-84-2,In-house GC Std./WS,98332,50 ML,29147090,18%,
GC Secondary & Working Standards,Norbornane,,279-23-2,In-house GC Std./WS,98371,5 G,29420090,18%,
GC Secondary & Working Standards,n-Pentadecane,,629-62-9,In-house GC Std./WS,98282,25 ML,29011000,18%,
GC Secondary & Working Standards,n-Pentane,,109-66-0,USP,98114,100 ML,29012990,18%,
GC Secondary & Working Standards,n-Propyl bromide,,106-94-5,In-house GC Std/WS,80144,100 G,29036100,18%,
GC Secondary & Working Standards,n-Tridecane,,629-50-5,In-house GC Std./WS,98281,100 ML,29011000,18%,
GC Secondary & Working Standards,N-Trimethylsilylimidazole,,18156-74-6,In-house GC Std./WS,98976,25 G,29339900,18%,
GC Secondary & Working Standards,N-Trimethylsilylimidazole,,18156-74-6,In-house GC Std./WS,98976,100 G,29339900,18%,
GC Secondary & Working Standards,n-Valeryl chloride,,638-29-9,In-house GC Std./WS,98308,50 ML,29159099,18%,
GC Secondary & Working Standards,"O-Chloropropiophenone, 95%",,6323-18-8,In-house WS,85169,,29143900,18%,
GC Secondary & Working Standards,Octadecane,,593-45-3,In-house GC Std./WS,98857,5 ML,29011000,18%,
GC Secondary & Working Standards,"Octadecanedioic acid mono-tBu Octadecyl 3-(3,5-di-tert-butyl-",,843666-40-0,In-house WS,85204,,29171980,18%,
GC Secondary & Working Standards,4-hydroxyphenyl) propionate,,2082-79-3,In-house GC Std/WS,98583,5 G,29182900,18%,
GC Secondary & Working Standards,Octafluoronaphthlene,,313-72-4,In-house GC Std/WS,80168,1 G,29039990,18%,
GC Secondary & Working Standards,Octamethylcyclotetracyloxane,,556-67-2,In-house GC Std./WS,98073,25 G,29319090,18%,
GC Secondary & Working Standards,Octanoic acid,,124-07-2,In-house GC Std./WS,98841,100 ML,29159020,18%,
GC Secondary & Working Standards,Octanoyl chloride,,111-64-8,In-house GC Std./WS,98825,100 ML,29159060,18%,
GC Secondary & Working Standards,Oleic acid,,112-80-1,In-house GC Std./WS,98529,5 G,29161510,18%,
GC Secondary & Working Standards,Oleic acid,,112-80-1,In-house GC Std./WS,98529,25 G,29161510,18%,
GC Secondary & Working Standards,Oleyl Alcohol,,143-28-2,In-house GC Std/WS,80172,100 MG,29052990,18%,
GC Secondary & Working Standards,Ortho phosphoric acid 88%,,7664-38-2,In-house GC Std/WS,98984,50 ML,28092011,18%,
GC Secondary & Working Standards,Ortho phosphoric acid 88%,,7664-38-2,In-house GC Std/WS,98984,100 ML,28092011,18%,
GC Secondary & Working Standards,o-Toluenesulphonamide,,88-19-7,In-house WS,85001,100 G,29350090,18%,
GC Secondary & Working Standards,o-Toluidine,,95-53-4,In-house WS,85102,,29214330,18%,
GC Secondary & Working Standards,Oxalacetic acid,,328-42-7,In-house GC Std/WS,98588,1 G,29171190,18%,
GC Secondary & Working Standards,Oxalic acid dihydrate,,6153-56-6,In-house GC Std/WS,98568,25 G,29171110,18%,
GC Secondary & Working Standards,"Oxalic acid dihydrate Oxalipatin [Oxalato(trans-l-1,2-",,6153-56-6,In-house GC Std/WS,98568,100 G,29171110,18%,
GC Secondary & Working Standards,"cyclohexanediamine)platinum(II), 98%]",,61825-94-3,In-house WS,85213,,28439090,18%,
GC Secondary & Working Standards,Oxane (Tetrahydropyran),,142-68-7,In-house GC Std./WS,98047,25 ML,29321100,18%,
GC Secondary & Working Standards,o-Xylene,,95-47-6,USP,98102,100 ML,29024100,18%,
GC Secondary & Working Standards,Palmitic acid,,57-10-3,In-house GC Std./WS,98375,100 G,29157010,18%,
GC Secondary & Working Standards,Palmitoleic acid,,373-49-9,In-house GC Std./WS,80179,250 MG,29161900,18%,
GC Secondary & Working Standards,Pamoic acid,,130-85-8,In-house WS,85146,25 G,29420090,18%,
GC Secondary & Working Standards,Pamoic acid,,130-85-8,In-house WS,85146,100 G,29420090,18%,
GC Secondary & Working Standards,P-Anisic aldehyde,,123-11-5,In-house GC Std/WS,80141,100 ML,29124910,18%,
GC Secondary & Working Standards,p-Cresol,,106-44-5,In-house GC Std./WS,98832,25 G,29071290,18%,
GC Secondary & Working Standards,"PEG 200 Analytical standard Pentaerythritol tetrakis(3,5-di-tert-",,25322-68-3,In-house GC Std./WS,98330,100 ML,39072910,18%,
GC Secondary & Working Standards,butyl-4-hydroxyhydrocinnamate),,6683-19-8,In-house GC Std/WS,98584,25 G,29183090,18%,
GC Secondary & Working Standards,Pentaethylene glycol,,4792-15-8,In-house GC Std/WS,98399,5 G,29094990,18%,
GC Secondary & Working Standards,Pentaethylene glycol Pentetic acid,,4792-15-8,In-house GC Std/WS,98399,25 G,29094990,18%,
GC Secondary & Working Standards,[Diethylenetriaminepentaacetic Acid],,67-43-6,In-house WS,85209,100 G,29224990,18%,
GC Secondary & Working Standards,o (Petroleum ether 40-60 C) o,,64742-49-0,In-house GC Std./WS,98144,100 ML,27101990,18%,
GC Secondary & Working Standards,Petroleum ether 60-80 C,,8032-32-4,In-house GC Std./WS,98183,100 ML,27101990,18%,
GC Secondary & Working Standards,Phenetole,,103-73-1,In-house GC Std./WS,98883,100 ML,29095010,18%,
GC Secondary & Working Standards,Phenol,,108-95-2,In-house GC Std./WS,98257,100 ML,29071110,18%,
GC Secondary & Working Standards,Phenyl chloroformate,,1885-14-9,In-house GC Std./WS,98207,100 ML,29159099,18%,
GC Secondary & Working Standards,Phenyl isothiocyanate,,103-72-0,In-house GC Std./WS,98019,25 G,29309099,18%,
GC Secondary & Working Standards,Phenylacetic acid,,103-82-2,In-house WS,85011,,29163400,18%,
GC Secondary & Working Standards,Phthalic acid,,88-99-3,In-house GC Std/WS,80152,100 G,29173930,18%,
GC Secondary & Working Standards,Phthalic anhydride,,85-44-9,In-house GC Std/WS,80164,100 G,29173500,18%,
GC Secondary & Working Standards,Pimelic acid,,111-16-0,In-house WS,85242,,29224990,18%,
GC Secondary & Working Standards,Piperazine,,110-85-0,In-house GC Std./WS,98513,100 G,29335990,18%,
GC Secondary & Working Standards,Piperidine,,110-89-4,In-house GC Std./WS,98253,100 ML,29333200,18%,
GC Secondary & Working Standards,Piperonal,,120-57-0,In-house WS,85055,1 G,29329300,18%,
GC Secondary & Working Standards,Pivalic acid,,75-98-9,In-house GC Std./WS,98815,250 G,29159090,18%,
GC Secondary & Working Standards,Pivalic acid,,75-98-9,In-house GC Std./WS,98815,100 G,29159090,18%,
GC Secondary & Working Standards,Polyethylene glycol 2000,,25322-68-3,In-house GC Std./WS,98553,100 ML,39072011,18%,
GC Secondary & Working Standards,Polyethylene glycol 400,,25322-68-3,In-house GC Std/WS,98986,100 ML,39072910,18%,
GC Secondary & Working Standards,Polyethylene glycol 4000,,25322-68-3,In-house GC Std./WS,98554,100 ML,39072011,18%,
GC Secondary & Working Standards,Polyethyleneimine,,9002-98-6,In-house WS,85256,,29051990,18%,
GC Secondary & Working Standards,Potassium acetate,,127-08-2,In-house GC Std/WS,80506,100 G,29152990,18%,
GC Secondary & Working Standards,p-Phenetidine (4-Ethoxyaniline),,156-43-4,In-house GC Std./WS,98069,100 ML,29222990,18%,
GC Secondary & Working Standards,Propanolamine,,156-87-6,In-house GC Std./WS,98344,100 G,29221990,18%,
GC Secondary & Working Standards,Propargyl alcohol,,107-19-7,In-house GC Std./WS,98357,100 ML,29052900,18%,
GC Secondary & Working Standards,Propionaldehyde,,123-38-6,In-house GC Std./WS,98331,100 ML,29309099,18%,
GC Secondary & Working Standards,Propionic acid,,79-09-4,In-house GC Std./WS,98329,100 ML,29155000,18%,
GC Secondary & Working Standards,Propionic anhydride,,123-62-6,In-house GC Std./WS,98345,100 ML,29159099,18%,
GC Secondary & Working Standards,Propionitrile,,107-12-0,In-house GC Std/WS,80114,100 ML,29269000,18%,
GC Secondary & Working Standards,Propionyl chloride,,79-03-8,In-house GC Std./WS,98818,25 ML,29159090,18%,
GC Secondary & Working Standards,Propionyl chloride,,79-03-8,In-house GC Std./WS,98818,100 ML,29159090,18%,
GC Secondary & Working Standards,Propyl 4-methylbenzenesulfonate,,599-91-7,In-house WS,85241,,29041000,18%,
GC Secondary & Working Standards,Propyl acetate,,109-60-4,USP,98254,100 ML,29153990,18%,
GC Secondary & Working Standards,Propyl methanesulfonate,,1912-31-8,In-house GC Std./WS,98032,5 G,29041090,18%,
GC Secondary & Working Standards,Propyl paraben,,94-13-3,Secondary standard,85100,,29182923,18%,
GC Secondary & Working Standards,Propyl paraben,,94-13-3,Secondary standard,85100,5 G,29182923,18%,
GC Secondary & Working Standards,Propyl paraben,,94-13-3,Secondary standard,85100,25 G,29182923,18%,
GC Secondary & Working Standards,Propylamine,,107-10-8,In-house GC Std./WS,98307,100 ML,29211990,18%,
GC Secondary & Working Standards,Propylene carbonate,,108-32-7,In-house GC Std./WS,98221,100 ML,29209000,18%,
GC Secondary & Working Standards,Propylene glycol,,57-55-6,USP,98252,100 ML,29053200,18%,
GC Secondary & Working Standards,Propylparaben sodium,,35285-69-9,In-house WS,85251,,29182990,18%,
GC Secondary & Working Standards,Pseudotropanol (Beta-Tropine),,135-97-7,In-house WS,85006,,29332990,18%,
GC Secondary & Working Standards,p-Toluenesulphonamide,,70-55-3,In-house WS,85002,100 G,29359093,18%,
GC Secondary & Working Standards,p-Toluenesulphonic acid,,104-15-4,In-house GC Std./WS,98501,100 G,29163990,18%,
GC Secondary & Working Standards,p-Toluenesulphonyl chloride,,98-59-9,In-house WS,85059,5 G,29041090,18%,
GC Secondary & Working Standards,p-Toluenesulphonyl chloride,,98-59-9,In-house WS,85059,100 G,29041090,18%,
GC Secondary & Working Standards,p-Toluidine,,106-49-0,In-house GC Std./WS,98395,100 G,29214350,18%,
GC Secondary & Working Standards,Pulegone,,89-82-7,In-house GC Std./WS,98033,5 G,29142990,18%,
GC Secondary & Working Standards,p-Xylene,,106-42-3,In-house GC Std./WS,98104,100 ML,29024300,18%,
GC Secondary & Working Standards,Pyrazine 2-carboxylic acid,,98-97-5,In-house GC Std./WS,98506,25 G,29339900,18%,
GC Secondary & Working Standards,Pyrazinecarbonitrile,,19847-12-2,In-house GC Std./WS,98213,25 G,29339990,18%,
GC Secondary & Working Standards,Pyrene,,129-00-0,In-house GC Std./WS,98556,10 G,29349990,18%,
GC Secondary & Working Standards,Pyrene,,129-00-0,In-house GC Std./WS,98556,25 G,29349990,18%,
GC Secondary & Working Standards,Pyridine,,110-86-1,In-house GC Std./WS,98134,100 ML,29333100,18%,
GC Secondary & Working Standards,Pyridine hydrochloride,,628-13-7,In-house WS,85103,25 G,29221990,18%,
GC Secondary & Working Standards,Pyridine hydrochloride,,628-13-7,In-house WS,85103,100 G,29221990,18%,
GC Secondary & Working Standards,Pyridinium Chlorochromate,,26299-14-9,In-house WS,85067,25 G,29333990,18%,
GC Secondary & Working Standards,Pyridinium-p-toluenesulphonate,,24057-28-1,In-house GC Std./WS,98503,100 G,29333990,18%,
GC Secondary & Working Standards,Pyridoxal-5-phosphate monohydrate,,41468-25-1,In-house WS,85010,5 G,29362500,18%,
GC Secondary & Working Standards,Pyrrolidine,,123-75-1,In-house GC Std./WS,98306,100 ML,29337900,18%,
GC Secondary & Working Standards,Pyruvic acid,,127-17-3,In-house GC Std./WS,98905,25 G,29181990,18%,
GC Secondary & Working Standards,Pyruvic acid,,127-17-3,In-house GC Std./WS,98905,100 G,29181990,18%,
GC Secondary & Working Standards,R-1-Boc-3-hydroxypiepridine,,143900-43-0,In-house WS,85147,,29333990,18%,
GC Secondary & Working Standards,Retinyl acetate (Vitamin A acetate),,127-47-9,In-house WS,85186,,29362100,18%,
GC Secondary & Working Standards,"S-(-)-1,1-Diphenylprolinol",,112068-01-6,In-house WS,85072,,29339900,18%,
GC Secondary & Working Standards,Saccharin [o-Sulfobenzimide],,81-07-2,In-house WS,85040,100 G,29251100,18%,
GC Secondary & Working Standards,Salicylaldazine,,959-46-4,In-house WS,85057,,29335995,18%,
GC Secondary & Working Standards,Salicylaldehyde,,90-02-8,In-house GC Std./WS,98024,100 ML,29124999,18%,
GC Secondary & Working Standards,Salicylamide,,65-45-2,In-house WS,85018,,29182330,18%,
GC Secondary & Working Standards,Salicylic acid (impurity of Mesalazine),,69-72-7,In-house WS,85053,100 G,29182100,18%,
GC Secondary & Working Standards,sec-Butyl methyl ether,,6795-87-5,In-house GC Std./WS,98369,5 ML,29091900,18%,
GC Secondary & Working Standards,Sec-butyl methyl ether,,6795-87-5,In-house GC Std./WS,98369,25 ML,29091900,18%,
GC Secondary & Working Standards,Sodium acetate anhydrous,,127-09-3,In-house GC Std./WS,98952,100 G,29152200,18%,
GC Secondary & Working Standards,Sodium acetate trihydrate,,6131-90-4,In-house GC Std/WS,80508,100 G,29152910,18%,
GC Secondary & Working Standards,Sodium benzoate,,532-32-1,In-house WS,85259,,29163140,18%,
GC Secondary & Working Standards,Sodium carbonate ahydrous,,497-19-8,In-house GC Std/WS,80503,100 G,28362010,18%,
GC Secondary & Working Standards,Sodium citrate dihydrate Sodium glutamate monohydrate or,,4/3/6132,In-house GC Std/WS,80502,100 G,28362010,18%,
GC Secondary & Working Standards,Monosodium Glutamate Monohydrate,,6106-04-3.,In-house WS,85226,,29224220,18%,
GC Secondary & Working Standards,Sodium metabisulfite,,7681-57-4,In-house GC Std./WS,98954,100 G,28321090,18%,
GC Secondary & Working Standards,Sodium Methyl Paraben,,5026-62-0,In-house WS,85219,500 G,29183090,18%,
GC Secondary & Working Standards,Sodium nitrate,,7631-99-4,In-house GC Std/WS,98990,100 G,28342990,18%,
GC Secondary & Working Standards,Sodium phosphate monobasic,,13472-35-0,In-house GC Std/WS,80510,100 G,28352200,18%,
GC Secondary & Working Standards,Sodium pyruvate,,113-24-6,In-house WS,85258,,29183090,18%,
GC Secondary & Working Standards,Sodium Salicylate,,54-21-7,In-house WS,85042,25 G,29182120,18%,
GC Secondary & Working Standards,Sodium sulfite,,7757-83-7,In-house GC Std/WS,98985,100 G,28321010,18%,
GC Secondary & Working Standards,Sodium tartarate dihydrate,,6106-24-7,In-house GC Std/WS,98969,100 G,29181390,18%,
GC Secondary & Working Standards,Spironolactone,,52-01-7,In-house WS,85172,1 G,29420090,18%,
GC Secondary & Working Standards,Squalane,,111-01-3,In-house GC Std./WS,98341,100 ML,29012990,18%,
GC Secondary & Working Standards,Squalene,,111-02-4,In-house GC Std./WS,98068,100 ML,29012990,18%,
GC Secondary & Working Standards,Stearic acid,,57-11-4,In-house GC Std./WS,98518,100 G,29157020,18%,
GC Secondary & Working Standards,Styrene,,100-42-5,In-house GC Std./WS,98861,100 ML,29025000,18%,
GC Secondary & Working Standards,Succinic Acid,,110-15-6,In-house WS,85225,100 G,29171980,18%,
GC Secondary & Working Standards,Succinic anhydride,,108-30-5,In-house GC Std./WS,98388,10 G,29171990,18%,
GC Secondary & Working Standards,Succinylcholine Chloride dihydrate,,6101-15-1,In-house WS,85200,,29239001,18%,
GC Secondary & Working Standards,Succinylmonocholine chloride,,5297-17-6,In-house WS,85232,,29239001,18%,
GC Secondary & Working Standards,Sucralose,,56038-13-2,In-house WS,85220,1 G,29321400,18%,
GC Secondary & Working Standards,Sucrose Octasulfate Pottasium Salt,,73264-44-5,In-house WS,85137,,29420090,18%,
GC Secondary & Working Standards,Sucrose SRS,,57-50-1,Secondary standard,85077,100 G,29241900,18%,
GC Secondary & Working Standards,Sulfolane,,126-33-0,In-house GC Std./WS,98226,100 ML,29349900,18%,
GC Secondary & Working Standards,TBAH 40% in water,,2052-49-5,In-house GC Std./WS,98973,25 ML,38249090,18%,
GC Secondary & Working Standards,TBAH 40% in water,,2052-49-5,In-house GC Std./WS,98973,100 ML,38249090,18%,
GC Secondary & Working Standards,tert-Butanol,,75-65-0,In-house GC Std./WS,98155,100 ML,29051490,18%,
GC Secondary & Working Standards,tert-Butyl acetate,,540-88-5,In-house GC Std./WS,98161,100 ML,29420034,18%,
GC Secondary & Working Standards,tert-Butyl bromoacetate,,5292-43-3,In-house GC Std./WS,98018,5 G,29159099,18%,
GC Secondary & Working Standards,tert-Butyl formate,,762-75-4,In-house GC Std./WS,98893,5 G,29159090,18%,
GC Secondary & Working Standards,tert-Butyl nitrite,,540-80-7,In-house GC Std./WS,98233,100 ML,29209000,18%,
GC Secondary & Working Standards,tert-Butylamine,,75-64-9,In-house GC Std./WS,98206,100 ML,29211990,18%,
GC Secondary & Working Standards,tert-Butyldimethylsilanol,,18173-64-3,In-house GC Std./WS,98350,5 ML,29161290,18%,
GC Secondary & Working Standards,tert-Pentanol,,75-85-4,In-house GC Std./WS,98262,100 ML,29051990,18%,
GC Secondary & Working Standards,Tetrabutylammonium bromide,,1643-19-2,In-house GC Std./WS,98561,100 G,29239000,18%,
GC Secondary & Working Standards,Tetrachloroethylene,,127-18-4,In-house GC Std./WS,98223,100 ML,29032300,18%,
GC Secondary & Working Standards,Tetradecane,,629-59-4,In-house GC Std./WS,98236,50 ML,29011000,18%,
GC Secondary & Working Standards,Tetraethylene glycol,,112-60-7,In-house GC Std/WS,98315,100 ML,29094922,18%,
GC Secondary & Working Standards,Tetrahydrofuran,,109-99-9,USP,98122,100 ML,29321100,18%,
GC Secondary & Working Standards,Tetramethylsilane,,75-76-3,In-house GC Std./WS,98029,25 ML,29319090,18%,
GC Secondary & Working Standards,Tetratetracontane,,7098-22-8,In-house GC Std./WS,98864,100 MG,29029090,18%,
GC Secondary & Working Standards,Thionyl chloride,,7719-09-7,In-house GC Std./WS,98959,100 ML,28121010,18%,
GC Secondary & Working Standards,Thiophene,,110-02-1,In-house GC Std./WS,98043,100 ML,29349990,18%,
GC Secondary & Working Standards,Thiophenol,,108-98-5,In-house GC Std./WS,98918,100 G,29071100,18%,
GC Secondary & Working Standards,THPTA Ligand,,760952-88-3,In-house WS,85054,,29339900,18%,
GC Secondary & Working Standards,Toluene,,108-88-3,USP,98101,100 ML,29023000,18%,
GC Secondary & Working Standards,"Trans-1,3-dichloropropene",,10061-02-6,In-house GC Std./WS,98860,5 G,29039900,18%,
GC Secondary & Working Standards,Trans-Aconitic acid,,4023-65-8,In-house WS,85249,25 G,29171970,18%,
GC Secondary & Working Standards,Trans-anethole,,4180-23-8,In-house GC Std./WS,98297,25 ML,29093019,18%,
GC Secondary & Working Standards,Triacetin,,102-76-1,In-house GC Std./WS,98305,100 ML,29153990,18%,
GC Secondary & Working Standards,Tributyl Citrate,,77-94-1,In-house GC Std/WS,80126,100 ML,2918 500,18%,
GC Secondary & Working Standards,Tributyltin chloride,,1461-22-9,In-house GC Std./WS,98209,100 ML,29312000,18%,
GC Secondary & Working Standards,Trichloroethylene,,79-01-6,In-house GC Std./WS,98301,100 ML,29032200,18%,
GC Secondary & Working Standards,Triethanolamine,,102-71-6,In-house GC Std./WS,98042,100 ML,29221500,18%,
GC Secondary & Working Standards,Triethyl citrate,,77-93-0,USP,98269,100 ML,29181590,18%,
GC Secondary & Working Standards,Triethyl orthobutyrate,,24964-76-9,In-house GC Std./WS,98351,5 ML,29156010,18%,
GC Secondary & Working Standards,Triethyl orthopropionate,,115-80-0,In-house GC Std./WS,98352,25 ML,29159099,18%,
GC Secondary & Working Standards,Triethyl orthopropionate,,115-80-0,In-house GC Std./WS,98352,100 ML,29159099,18%,
GC Secondary & Working Standards,Triethylamine,,121-44-8,USP,98132,100 ML,29211900,18%,
GC Secondary & Working Standards,Triethylamine oxalate,,,In-house WS,85170,,38220090,18%,
GC Secondary & Working Standards,Triethylene glycol Triethylenediamine,,112-27-6,In-house GC Std./WS,98843,100 G,29053100,18%,
GC Secondary & Working Standards,"(1,4-Diazabicyclo[2.2.2]octane)",,280-57-9,In-house GC Std./WS,98889,25 G,29215900,18%,
GC Secondary & Working Standards,Triethylorthoacetate,,78-39-7,In-house GC Std./WS,98385,25 ML,29159080,18%,
GC Secondary & Working Standards,Triethylorthoformate,,122-51-0,In-house GC Std./WS,98230,100 ML,29159090,18%,
GC Secondary & Working Standards,Triethylsilane,,617-86-7,In-house GC Std./WS,98366,25 ML,29319090,18%,
GC Secondary & Working Standards,Triethylsilane,,617-86-7,In-house GC Std./WS,98366,100 ML,29319090,18%,
GC Secondary & Working Standards,Triethylsilanol,,597-52-4,In-house GC Std./WS,98044,5 ML,29319090,18%,
GC Secondary & Working Standards,Trifluoroacetic acid,,76-05-1,In-house GC Std./WS,98187,100 ML,29159090,18%,
GC Secondary & Working Standards,Triisopropyl borate,,5419-55-6,In-house GC Std./WS,98884,100 ML,29071990,18%,
GC Secondary & Working Standards,Triisopropylsilane,,6485-79-6,In-house GC Std./WS,98803,25 ML,29319090,18%,
GC Secondary & Working Standards,Triisopropylsilane,,6485-79-6,In-house GC Std./WS,98803,100 ML,29319090,18%,
GC Secondary & Working Standards,Trimethyl citrate,,1587-20-8,In-house GC Std/WS,98937,5 G,29181500,18%,
GC Secondary & Working Standards,Trimethyl citrate,,1587-20-8,In-house GC Std/WS,98937,25 G,29181500,18%,
GC Secondary & Working Standards,Trimethyl orthoacetate,,1445-45-0,In-house GC Std./WS,98367,100 ML,29091900,18%,
GC Secondary & Working Standards,Trimethyl orthoformate,,149-73-5,In-house GC Std./WS,98368,100 ML,29152990,18%,
GC Secondary & Working Standards,Trimethyl orthovalerate,,13820-09-2,In-house GC Std./WS,98811,25 ML,29420090,18%,
GC Secondary & Working Standards,Trimethylamine 30% in water,,75-50-3,In-house GC Std./WS,98977,100 ML,29211190,18%,
GC Secondary & Working Standards,Trimethylamine hydrochloride,,593-81-7,In-house GC Std./WS,98502,100 G,29211990,18%,
GC Secondary & Working Standards,Trimethylchlorosilane,,75-77-4,In-house GC Std./WS,98275,100 ML,29420090,18%,
GC Secondary & Working Standards,Tri-n-butylamine,,102-82-9,In-house GC Std./WS,98267,100 ML,29211190,18%,
GC Secondary & Working Standards,Triphenylphosphine,,603-35-0,In-house GC Std./WS,98360,50 G,29319090,18%,
GC Secondary & Working Standards,"Triphenylphosphine Oxide Tris(2,4-di-tert-butylphenyl)",,791-28-6,In-house WS,85195,100 G,29051990,18%,
GC Secondary & Working Standards,Phosphite,,31570-04-4,In-house GC Std/WS,98941,25 G,29209000,18%,
GC Secondary & Working Standards,Tris HCl,,1185-53-1,In-house WS,85181,100 G,29225090,18%,
GC Secondary & Working Standards,Tromethamine [Tris base],,77-86-1,Secondary Std.,85087,,29221999,18%,
GC Secondary & Working Standards,Undecane,,1120-21-4,In-house GC Std./WS,98850,5 ML,29011000,18%,
GC Secondary & Working Standards,Valeric acid,,109-52-4,In-house GC Std./WS,98202,100 ML,29156020,18%,
GC Secondary & Working Standards,Valeronitrile,,110-59-8,In-house GC Std./WS,98813,25 ML,29269000,18%,
GC Secondary & Working Standards,Valeronitrile,,110-59-8,In-house GC Std./WS,98813,100 ML,29269000,18%,
GC Secondary & Working Standards,Valerophenone,,1009-14-9,In-house GC Std./WS,98034,25 ML,29143990,18%,
GC Secondary & Working Standards,Vinyl acetate,,108-05-4,In-house GC Std./WS,98333,100 ML,29153200,18%,
GC Secondary & Working Standards,Xylenes (mixture of isomers),,1330-20-7,In-house GC Std./WS,98288,100 ML,29024400,18%,
GC Secondary & Working Standards,a-Lactose monohydrate,,5989-81-1,In-house WS,85003,25 G,29339900,18%,
GC Secondary & Working Standards,a-Lactose monohydrate,,5989-81-1,In-house WS,85003,100 G,29339900,18%,
GC Secondary & Working Standards,a-Terpineol,,98-55-5,In-house WS,85069,,29061400,18%,
GC Secondary & Working Standards,"b-Lactose a,a,a-Trichlorotoluene",,5965-66-2,In-house WS,85112,25 G,29181990,18%,
GC Secondary & Working Standards,(Benzotrichloride),,98-07-7,In-house GC Std./WS,98261,5 G,29039990,18%,
Pharmaceutical Impurities,Abacavir Impurity B Abacavir,"Abacavir O-Pyrimidine Derivative; 6-(Cyclopropylamino)-9-[(1R,4S)-4- [[(2,5-diamino-6-chloropyrimidin-4-yl)oxy]methyl]cyclopent-2-enyl]-9H- purine-2-amine",1443421-69-9,,51001,,,,
Pharmaceutical Impurities,Abacavir Impurity C Descyclopropyl,"Descyclopropyl Abacavir; (1S,4R)-4-(2,6-Diamino-9H-purin-9-yl)cyclopent- 2-enyl]methanol",124752-25-6,,51002,,,,
Pharmaceutical Impurities,Abacavir Impurity D Trans,"Trans Abacavir; (1R,4R)-4-[2-Amino-6-(cyclopropyl amino)-9H-purin-9- yl]-2-cyclopentene-1-methanol",1443421-67-7,,51003,,,,
Pharmaceutical Impurities,"Abacavir Impurity E [(1R,3S)-3-[2-Amino-6-(cyclopropylamino)-9H-purin-9-yl]cyclopentyl]","[(1R,3S)-3-[2-Amino-6-(cyclopropylamino)-9H-purin-9-yl]cyclopentyl] methanol",208762-35-0,,51004,,,,
Pharmaceutical Impurities,Abacavir Impurity F Abacavir,"Abacavir tert-butyl derivative; 6-(Cyclopropylamino)-9-[(1R,4S)-4-[[(1,1- dimethylethyl)oxy]methyl]cyclopent-2-enyl]-9H-purine-2-amine",1443421-68-8,,51005,,,,
Pharmaceutical Impurities,Abacavir Related Abacavir,"Abacavir Diamino Impurity; 4-(2,5-diamino 6-chloropyrimidin 4yl-amino) cyclopent-2-enyl]methanol",,,51006,,,,
Pharmaceutical Impurities,Abacavir Related Abacavir,"Abacavir Chloropurine Impurity; (1S,4R)-4-(2-Amino-6-chloro-9H-purin- 9-yl)-2-cyclopentene-1-methanol hydrochloride",172015-79-1,,51007,,,,
Pharmaceutical Impurities,Abacavir EP Impurity A Abacavir,"Abacavir Enantiomer Impurity; (1R,4S)-4-[2-Amino-6-(cyclopropylamino)- 9H-purin-9-yl]cyclopent-2-enyl]methanol",136470-79-6,,51008,,,,
Pharmaceutical Impurities,"Abacavir N-oxide (1S,4R)-[4-[2-Amino-6-(cyclopropylamino)-7-oxo-9H-purin-9-yl]- API : Abiraterone Acetate","(1S,4R)-[4-[2-Amino-6-(cyclopropylamino)-7-oxo-9H-purin-9-yl]- cyclopent-2-en-1-yl]methanol",1443421-70-2,,51009,,,,
Pharmaceutical Impurities,"Beta-Epoxyabiraterone 17-(Pyridin-3-yl)-16b,17b-epoxyandrost-5-en-3b-yl Acetate API : Acamprosate","17-(Pyridin-3-yl)-16b,17b-epoxyandrost-5-en-3b-yl acetate",2484719-26-6,,51021,,,,
Pharmaceutical Impurities,Acamprosate Ca (3-(Formylamino)propane Impurity B,(3-(Formylamino)propane sulfonic acid calcium salt),,,51030,,,,
Pharmaceutical Impurities,Acamprosate Ca (N-Me Impurity C API : Aceclofenac,(N-Me acamprosate); 3-(N-Methylacetamido)propane-1-sulfonic acid,741659-31-4,,51031,,,,
Pharmaceutical Impurities,"Aceclofenac EP 2-Methoxy-2-oxoethyl-{2-[(2, Impurity D","2-Methoxy-2-oxoethyl-{2-[(2, 6-dichlorophenyl)-amino] phenyl} acetate",139272-66-5,,51050,,,,
Pharmaceutical Impurities,"Aceclofenac Impurity A [2-[(2,6-Dichlorophenyl)","[2-[(2,6-Dichlorophenyl) amino]phenyl]acetic acid",15307-86-5,,51051,,,,
Pharmaceutical Impurities,"Aceclofenac Impurity E 2-Ethoxy-2-oxoethyl-{2-[(2,","2-Ethoxy-2-oxoethyl-{2-[(2, 6-dichlorophenyl)amino]phenyl} acetate; Aceclofenac ethyl ester",139272-67-6,,51052,,,,
Pharmaceutical Impurities,Aceclofenac 2-(Benzyloxy)-2-oxoethyl,"2-(Benzyloxy)-2-oxoethyl {2-[(2, 6-dichloro-phenyl) amino] phenyl} acetate; Aceclofenac benzyl ester",100499-89-6,,51053,,,,
Pharmaceutical Impurities,"Aceclofenac 2-(2-(2-(2-(2,6-Dichlorophenylamino)-phenyl)acetoxy)acetoxy)acetic","2-(2-(2-(2-(2,6-Dichlorophenylamino)-phenyl)acetoxy)acetoxy)acetic acid; Acetic aceclofenac",1215709-75-3,,51054,,,,
Pharmaceutical Impurities,"Aceclofenac 2-(2-(2-(2-(2-(2,6-Dichlorophenylamino)phenyl)-acetoxy)acetoxy) API : Acetazolamide","2-(2-(2-(2-(2-(2,6-Dichlorophenylamino)phenyl)-acetoxy)acetoxy) acetoxy)acetic acid; Diacetic aceclofenac",1216495-92-9,,51055,,,,
Pharmaceutical Impurities,"Acetazolamide Impurity A N-(5-Chloro-1,3,4-thiadiazol-2-yl)acetamide","N-(5-Chloro-1,3,4-thiadiazol-2-yl)acetamide",60320-32-3,,51070,,,,
Pharmaceutical Impurities,"Acetazolamide Impurity B N-(1,3,4-Thiadiazol-2-yl)acetamide","N-(1,3,4-Thiadiazol-2-yl)acetamide",5393-55-5,,51071,,,,
Pharmaceutical Impurities,"Acetazolamide Impurity C N-(5-Mercapto-1,3,4-thiadiazol-2-yl)acetamide","N-(5-Mercapto-1,3,4-thiadiazol-2-yl)acetamide",32873-56-6,,51072,,,,
Pharmaceutical Impurities,"Acetazolamide Impurity D 5-Amino-1,3,4-thiadiazole-2-sulfonamide","5-Amino-1,3,4-thiadiazole-2-sulfonamide",14949-00-9,,51073,,,,
Pharmaceutical Impurities,"Acetazolamide Impurity E 5-Acetamido-1,3,4-thiadiazole-2-sulfonic","5-Acetamido-1,3,4-thiadiazole-2-sulfonic acid",827026-60-8,,51074,,,,
Pharmaceutical Impurities,"Acetazolamide Impurity G 5-Amino-1,3,4-thiadiazole-2-thiol","5-Amino-1,3,4-thiadiazole-2-thiol",2349-67-9,,51075,,,,
Pharmaceutical Impurities,Acyclovir Impurity A 2-[(2-Amino-6-oxo-1H-purin-9(6H)-yl)methoxy]ethyl,acetate,102728-64-3,,51100,,,,
Pharmaceutical Impurities,Acyclovir Impurity B 2-Amino-1H-purin-6(9H)-one,,73-40-5,,51101,,,,
Pharmaceutical Impurities,Acyclovir Impurity C 2-Amino-7-((2-hydroxyethoxy)methyl)-1H-purin-6(7H)-one,,91702-61-3,,51102,,,,
Pharmaceutical Impurities,Acyclovir Impurity D 2-[(2-Amino-6-oxo-1H-purin-9(6H)-yl)methoxy]ethyl,benzoate,59277-91-7,,51103,,,,
Pharmaceutical Impurities,"Acyclovir Impurity F N-[9-{(2-Hydroxyethoxy)methyl}-6-oxo-6,9-dihydro-1H-purin-2-yl]acetamide",,110104-37-5,,51104,,,,
Pharmaceutical Impurities,Acyclovir Impurity G 2-[(2-Acetamido-6-oxo-1H-purin-9(6H)-yl)methoxy]ethyl,acetate,75128-73-3,,51105,,,,
Pharmaceutical Impurities,Acyclovir Impurity H 2-[(2-Acetamido-6-oxo-1H-purin-9(6H)-yl)methoxy]ethyl,benzoate,133186-23-9,,51106,,,,
Pharmaceutical Impurities,Acyclovir Impurity I 2-Amino-9-[(2-{(2-amino-6-oxo-1H-purin-7(6H)-yl)methoxy)ethoxy} methyl]-1H-purin-6(9H)-one,,1797832-75-7,,51107,,,,
Pharmaceutical Impurities,"Acyclovir Impurity J 9,9'-[(Ethane-1,2-diylbis(oxy))bis(methylene))bis(2-amino-1H-purin-6(9H)-one]",,166762-90-9,,51108,,,,
Pharmaceutical Impurities,"Acyclovir Impurity K 2,2'-[Methylenebis(azanediyl))bis(9-((2-hydroxyethoxy)methyl)- 1H-purin-6(9H)-one]",,1797131-64-6,,51109,,,,
Pharmaceutical Impurities,"Acyclovir Impurity L N-(9-Acetyl-6-oxo-6,9-dihydro-1H-purin-2-yl)acetamide",,3056-33-5,,51110,,,,
Pharmaceutical Impurities,Acyclovir Impurity P 2-Amino-9-(hydroxyethyl)-1H-purin-6(9H)-one API : Alogliptin,,23169-33-7,,51111,,,,
Pharmaceutical Impurities,Alogliptin Impurity (R)-3-Aminopiperidine,Dihydrochloride; (R)-Piperidin-3-amine dihydrochloride,334618-23-4,,51130,,,,
Pharmaceutical Impurities,Alogliptin Impurity 2-(Dibromomethyl)benzonitrile API : Alverine,,655-63-0,,51131,,,,
Pharmaceutical Impurities,Alverine Impurity 1 4-Phenylbutyl API : Aminocaproic Acid,acetate,7492-40-2,,51145,,,,
Pharmaceutical Impurities,Aminocaproic Acid 6-[[6-[(6-Amino-1-oxohexyl)amino]-1-oxohexyl]amino]hexanoic Trimer Impurity API : Amlodipine,acid,5776-78-3,,51155,,,,
Pharmaceutical Impurities,"Amlodipine Phthaloyl Impurity A (EP) methoxycarbonyl-6-methyl-2-(phthalimidoethoxy)methyl-1,4-dihydropyridine",Amlodipine; 4-(2-Chlorophenyl)-3-ethoxycarbonyl-5-,88150-62-3,,51170,,,,
Pharmaceutical Impurities,Amlodipine Related 3-Ethyl-5-methyl,2-[(2-aminoethoxy)methyl]4-(2-chloro-phenyl)6-methyl oxalate; Dehydro Amlodipine Fumarate,2138811-33-1,,51171,,,,
Pharmaceutical Impurities,"Dehydro Amlodipine 3-Ethyl-5-methyl pyridine-3,5-dicarboxylate",2-[(2-aminoethoxy)methyl]4-(2-chloro-phenyl)6-methyl,113994-41-5,,51172,,,,
Pharmaceutical Impurities,Dehydro Amlodipine 3-Ethyl-5-methyl,2-[(2-aminoethoxy)methyl]4-(2-chloro-phenyl)6-methyl oxalate,1216406-90-4,,51173,,,,
Pharmaceutical Impurities,Amlodipine 3-Ethyl-5-methyl,"4-(2-chloro-phenyl)-6-methyl-2[[-(methylcarbamoyl) amino] ethoxy] methyl]-1,4-dihydro-pyridine-3,5-dicarboxylate",721958-72-1,,51174,,,,
Pharmaceutical Impurities,2-Carboxybenzoyl 3-Ethyl-5-methyl-4-(2-chloro-phenyl)-6-methyl-2-[2-[(2-carboxybenzoyl),"ethoxy)]methyl]-1,4-dihydopyridine-3,5-dicarboxylate",318465-73-5,,51175,,,,
Pharmaceutical Impurities,"Amlodipine Dimethyl-4-(2-chlorophenyl)-2,6-dimethyl-1,4 Impurity G (EP) 3,5-dicarboxylate API : Amodiaquine",dihydropyridine-,43067-01-2,,51176,,,,
Pharmaceutical Impurities,Amodiaquine Working 4-[(7-Chloro-4-quinolinyl)amino]-2-[(diethylamino)methyl]phenol Standard,,86-42-0,,51200,,,,
Pharmaceutical Impurities,"Amodiaquine N-[3,5-Bis[(diethylamino)methyl]-4-hydroxyphenyl]acetamide; Impurity A [N-(3,5-bis(diethylamino)-4-hydroxyphenyl)acetamide]",,81080-09-3,,51201,,,,
Pharmaceutical Impurities,Amodiaquine Impurity B N-(4-Hydroxyphenyl)acetamide;,4'-Hydroxyacetanilide; Paracetamol,103-90-2,,51202,,,,
Pharmaceutical Impurities,Amodiaquine Impurity C 7-Chloro-4-p-hydroxyanilinoquinoline;,4-(7-Chloroquinolin-4-yl-amino)phenol,81099-86-7,,51203,,,,
Pharmaceutical Impurities,Amodiaquine N-(3-((Diethylamino)methyl)-4-hydroxyphenyl)acetamide;,N-(3-((Diethylamino)methyl)-4-hydroxyphenyl)acetamide; 3- Diethylamino Acetaminophen,121-78-8,,51204,,,,
Pharmaceutical Impurities,"Amodiaquine Dichloro 4,7-Dichloroquinoline Impurity","4,7-Dichloroquinoline",86-98-6,,51205,,,,
Pharmaceutical Impurities,Amodiaquine 4-[(7-Chloro-4-quinolinyl)amino]-2-[(diethylamino)methyl]phenol,4-[(7-Chloro-4-quinolinyl)amino]-2-[(diethylamino)methyl]phenol Dihydrochloride Dihydrate,6398-98-7,,51206,,,,
Pharmaceutical Impurities,Amodiaquine 4-[(7-Chloro-4-quinolinyl)amino]-2-[(ethylamino)methyl] API : Amoxapine,4-[(7-Chloro-4-quinolinyl)amino]-2-[(ethylamino)methyl] phenol Dihydrochloride,79049-30-2,,51207,,,,
Pharmaceutical Impurities,Amoxapine Working 2-Chloro-11-(1-piperazinyl)dibenzo Standard,"2-Chloro-11-(1-piperazinyl)dibenzo [b,f][1,4]oxazepine",14028-44-5,,51220,,,,
Pharmaceutical Impurities,Amoxapine Impurity A 2-(4-Chlorophenoxy)aniline;,2-(4-Chlorophenoxy)aniline; 2-Amino-4'-chlorodiphenyl Ether,2770-11-8,,51221,,,,
Pharmaceutical Impurities,"Amoxapine USP Related 2-Chloro-10,11-dihydro-11-oxo-dibenzo[b,f][1,4]oxazepine Compound D","2-Chloro-10,11-dihydro-11-oxo-dibenzo[b,f][1,4]oxazepine",3158-91-6,,51222,,,,
Pharmaceutical Impurities,"Amoxapine USP Related 3-Chloro-11-(1-piperazinyl)dibenzo[b,f][1,4]oxazepine;","3-Chloro-11-(1-piperazinyl)dibenzo[b,f][1,4]oxazepine; Amoxapine 3-chloro analog",,,51223,,,,
Pharmaceutical Impurities,Amoxapine-7-hydroxy 2-Chloro-11-(1-piperazinyl)-dibenz Impurity,"2-Chloro-11-(1-piperazinyl)-dibenz [b,f][1,4]oxazepin-7-ol",37081-76-8,,51224,,,,
Pharmaceutical Impurities,"Amoxapine-8-hydroxy 2-Chloro-11-(1-piperazinyl)-dibenz[b,f][1,4]oxazepin-8-ol Impurity","2-Chloro-11-(1-piperazinyl)-dibenz[b,f][1,4]oxazepin-8-ol",61443-78-5,,51225,,,,
Pharmaceutical Impurities,"Amoxapine methyl 4-(2-Chlorodibenz[b,f][1,4]oxazepin-11-yl)-1-piperazinecarboxylic","4-(2-Chlorodibenz[b,f][1,4]oxazepin-11-yl)-1-piperazinecarboxylic acid methyl ester; N-Carbomethoxyamoxapine",371971-25-4,,51226,,,,
Pharmaceutical Impurities,"N-tert-Butoxycarbonyl 4-(2-Chlorodibenz[b,f][1,4]oxazepin-11-yl)-1-piperazinecarboxylic API : Amoxicillin","4-(2-Chlorodibenz[b,f][1,4]oxazepin-11-yl)-1-piperazinecarboxylic acid- 1,1-Dimethylethyl Ester",1246816-84-1,,51227,,,,
Pharmaceutical Impurities,"Amoxicillin Trihydrate (2S,5R,6R)-6-[[(2R)-2-amino-2-(4-hydroxyphenyl)acetyl]amino]-3,3-","(2S,5R,6R)-6-[[(2R)-2-amino-2-(4-hydroxyphenyl)acetyl]amino]-3,3- dimethyl-7-oxo-4-thia-1-azabicyclo[3.2.0]heptane-2-carboxylic acid trihydrate",61336-70-7,,51240,,,,
Pharmaceutical Impurities,Amoxicillin USP Related (+)-6-Aminopenicillanic Ampicillin EP Impurity A,"(+)-6-Aminopenicillanic Acid; (2S,5R,6R)-6-Amino-3,3-dimethyl-7-oxo- 4-thia-1-azabicyclo[3.2.0]heptane-2-carboxylic Acid",551-16-6,,51241,,,,
Pharmaceutical Impurities,"Amoxicillin EP Impurity B; (2S,5R,6R)-6-[[(2S)-2-Amino-2-(4-hydroxyphenyl)acetyl]amino]-3,3-","(2S,5R,6R)-6-[[(2S)-2-Amino-2-(4-hydroxyphenyl)acetyl]amino]-3,3- dimethyl-7-oxo-4-thia-1-azabicyclo[3.2.0]heptane-2-carboxylic acid; L-Amoxicillin",26889-93-0,,51242,,,,
Pharmaceutical Impurities,"Amoxicillin EP Impurity C; (4S)-2-[5-(4-Hydroxyphenyl)-3,6-dioxopiperazin-2-yl]-5,5- Compound C","(4S)-2-[5-(4-Hydroxyphenyl)-3,6-dioxopiperazin-2-yl]-5,5- dimethylthiazolidine-4-carboxylic acid; Amoxicillin Diketopiperazine",94659-47-9,,51243,,,,
Pharmaceutical Impurities,Amoxicillin USP Related (4S)-2-[[[(2R)-2-Amino-2-(4-hydroxyphenyl)acetyl]amino],(4S)-2-[[[(2R)-2-Amino-2-(4-hydroxyphenyl)acetyl]amino],1642629-94-4,,51244,,,,
Pharmaceutical Impurities,,,(monosodium,,salt),,,,
Pharmaceutical Impurities,"Amoxicillin USP Related (2RS,4S)-2-[[[(2R)-2-Amino-2-(4-hydroxyphenyl)acetyl]amino]","(2RS,4S)-2-[[[(2R)-2-Amino-2-(4-hydroxyphenyl)acetyl]amino] methyl]-",1356020-01-3;,,51245,,,,
Pharmaceutical Impurities,Amoxicillin USP Related 3-(4-Hydroxyphenyl)-2(1H)-pyrazinone; Amoxicillin EP Impurity F,3-(4-Hydroxyphenyl)-2(1H)-pyrazinone; 3-(4-hydroxyphenyl)pyrazin-2-ol,126247-63-0,,51246,,,,
Pharmaceutical Impurities,"Amoxicillin USP Related (2S,5R,6R)-6-[[(2R)-2-[[(2R)-2-Amino-2-(4-hydroxyphenyl)acetyl]amino]-","(2S,5R,6R)-6-[[(2R)-2-[[(2R)-2-Amino-2-(4-hydroxyphenyl)acetyl]amino]- 2-(4-hydroxyphenyl)acetyl]amino]-3,3-dimethyl-7-oxo-4-thia-1-azabicyclo [3.2.0]heptane-2-carboxylic acid; D-(4-Hydroxyphenyl)glycylamoxicillin",188112-75-6,,51247,,,,
Pharmaceutical Impurities,"Amoxicillin USP Related (2R)-2-[(2,2-Dimethylpropanoyl)amino]-2-(4-hydroxyphenyl)acetic Compound H; Amoxicillin EP Impurity H","(2R)-2-[(2,2-Dimethylpropanoyl)amino]-2-(4-hydroxyphenyl)acetic acid",205826-86-4,,51248,,,,
Pharmaceutical Impurities,Amoxicillin USP Related (2R)-2-Amino-2-(4-hydroxyphenyl)acetic Compound I; Amoxicillin EP Impurity I API : Ampicillin,(2R)-2-Amino-2-(4-hydroxyphenyl)acetic acid,22818-40-2,,51249,,,,
Pharmaceutical Impurities,Ampicillin EP Impurity B L-(+)-Ampicillin;,"L-(+)-Ampicillin; (2S,5R,6R)-6-[[(2S)-Aminophenylacetyl]amino]-3,3- dimethyl-7-oxo-4-thia-1-azabicyclo[3.2.0]heptane-2-carboxylic Acid",19379-33-0,,51260,,,,
Pharmaceutical Impurities,"Ampicillin EP Impurity C (4S)-5,5-dimethyl-2-(3,6-dioxo-5-phenylpiperazin-2-yl)thiazolidine-4-","(4S)-5,5-dimethyl-2-(3,6-dioxo-5-phenylpiperazin-2-yl)thiazolidine-4- carboxylic acid; Ampicillin Diketopiperazine",49481-96-5,,51261,,,,
Pharmaceutical Impurities,"Ampicillin EP Impurity D (2R)-(2R)-2-Phenylglycyl-2-[(2R,4S)-4-carboxy-5,5-dimethyl-2-","(2R)-(2R)-2-Phenylglycyl-2-[(2R,4S)-4-carboxy-5,5-dimethyl-2- thiazolidinyl]glycine; a-Aminobenzylpenicilloic Acid; Ampicilloic Acid",32746-94-4,,51262,,,,
Pharmaceutical Impurities,"Ampicillin EP Impurity E (aR)-a-[[[(2S,5R,6R)-6-[[(2R)-2-Amino-2-phenylacetyl]amino]-3,3-","(aR)-a-[[[(2S,5R,6R)-6-[[(2R)-2-Amino-2-phenylacetyl]amino]-3,3- dimethyl-7-oxo-4-thia-1-azabicyclo[3.2.0]hept-2-yl]carbonyl]amino] benzeneacetic Acid; Ampicillin Desoxocarboxylic Acid-[(R)-Phenylglycine]",1207726-28-0,,51263,,,,
Pharmaceutical Impurities,"Ampicillin EP Impurity F [2R-[2a(R*),4b]]-2-[[(Aminophenylacetyl)amino]methyl]-5,5-dimethyl-4-","[2R-[2a(R*),4b]]-2-[[(Aminophenylacetyl)amino]methyl]-5,5-dimethyl-4- thiazolidinecarboxylic Acid; Ampicillin Desoxyazetidin-2-one",124774-48-7,,51264,,,,
Pharmaceutical Impurities,"Ampicillin EP Impurity G (3R,6R)-3,6-Diphenyl-2,5-piperazinedione","(3R,6R)-3,6-Diphenyl-2,5-piperazinedione",31485-02-6,,51265,,,,
Pharmaceutical Impurities,Ampicillin EP Impurity H 2-Hydroxy-3-phenylpyrazine;,"2-Hydroxy-3-phenylpyrazine; 3-Phenylpyrazin-2-ol, 3-Phenyl- 1H-pyrazin-2-one",2882-18-0,,51266,,,,
Pharmaceutical Impurities,"Ampicillin EP Impurity I (2S,5R,6R)-6-[[(2R)-2-[[(2R)-2-Amino-2-phenylacetyl]","(2S,5R,6R)-6-[[(2R)-2-[[(2R)-2-Amino-2-phenylacetyl] amino]-2- phenylacetyl]amino]-3,3-dimethyl-7-oxo-4-thia-1-azabicyclo[3.2.0] heptane-2-carboxylic acid; D-Phenylglycylampicillin",10001-82-8,,51267,,,,
Pharmaceutical Impurities,"Ampicillin EP Impurity J (2S,5R,6R)-3,3-dimethyl-7-oxo-6-(pivalamido)-4-thia-1-aza-bicyclo[3.2.0]","(2S,5R,6R)-3,3-dimethyl-7-oxo-6-(pivalamido)-4-thia-1-aza-bicyclo[3.2.0] heptane-2-carboxylic acid; Ampicillin t-Butyl-demethylbenzenemethanamine",6489-58-3,,51268,,,,
Pharmaceutical Impurities,Ampicillin EP Impurity K (R)-2-Phenyl-2-pivalamidoacetic API : Anagrelide,(R)-2-Phenyl-2-pivalamidoacetic Acid,40610-41-1,,51269,,,,
Pharmaceutical Impurities,"Anagrelide Hydrochloride 6,7-Dichloro-1,5-dihydroimidazo[2,1-b]quinazolin-2(3H)-one Working Standard","6,7-Dichloro-1,5-dihydroimidazo[2,1-b]quinazolin-2(3H)-one",58579-51-4,,51280,,,,
Pharmaceutical Impurities,"Anagrelide USP Related N-[(6-amino-2,3-dichlorophenyl)methyl]glycine","N-[(6-amino-2,3-dichlorophenyl)methyl]glycine Ethyl Ester Hydrochloride; Ethyl-2-(6-amino-2,3-dichlorobenzylamino)acetate Hydrochloride",85325-12-8,,51281,,,,
Pharmaceutical Impurities,"Anagrelide USP Related 2-Amino-5,6-dichloro-3(4H)-quinazoline Compound B","2-Amino-5,6-dichloro-3(4H)-quinazoline Acetic Acid",1159977-03-3,,51282,,,,
Pharmaceutical Impurities,"Anagrelide USP Related 2-Amino-5,6-dichloro-3(4H)-quinazoline","2-Amino-5,6-dichloro-3(4H)-quinazoline Acetic Acid Ethyl Ester Hydrobromide",70381-75-8,,51283,,,,
Pharmaceutical Impurities,"3-Hydroxy Anagrelide 6,7-Dichloro-1,5-dihydro-3-hydroxyimidazo[2,1-b]quinazolin-2(3H)-one","6,7-Dichloro-1,5-dihydro-3-hydroxyimidazo[2,1-b]quinazolin-2(3H)-one",733043-41-9,,51284,,,,
Pharmaceutical Impurities,"5-Acetoxy Anagrelide 6,7-Dichloro-1,2,3,5-tetrahydro-2-oxoimidazo[2,1,b]quinazolin-5-yl","6,7-Dichloro-1,2,3,5-tetrahydro-2-oxoimidazo[2,1,b]quinazolin-5-yl Acetate",1076198-71-4,,51285,,,,
Pharmaceutical Impurities,"Dechloro Anagrelide 6-Chloro-3,5-dihydroimidazo[2,1-b]quinazolin-2(1H)-one API : Anastrozole","6-Chloro-3,5-dihydroimidazo[2,1-b]quinazolin-2(1H)-one",61834-95-5,,51286,,,,
Pharmaceutical Impurities,"Anastrozole Impurity 5-Methyl-1,3-benzenediacetonitrile API : Apixaban","5-Methyl-1,3-benzenediacetonitrile",120511-74-2,,51300,,,,
Pharmaceutical Impurities,Apixaban Impurity 1-(4-Nitrophenyl)piperidin-2-one,1-(4-Nitrophenyl)piperidin-2-one,38560-30-4,,51315,,,,
Pharmaceutical Impurities,"Apixaban Impurity 3-Morpholino-5,6-dihydro-1-(4-nitrophenyl)-2-1(H)-pyridinone","3-Morpholino-5,6-dihydro-1-(4-nitrophenyl)-2-1(H)-pyridinone",503615-03-0,,51316,,,,
Pharmaceutical Impurities,"Apixaban Impurity 3,3-Dichloro-1-(4-nitrophenyl)-piperidine-2-one","3,3-Dichloro-1-(4-nitrophenyl)-piperidine-2-one",881386-01-2,,51317,,,,
Pharmaceutical Impurities,"Apixaban Impurity 1-(4-Aminophenyl)-3-morpholino-5,6-dihydropyridin-2(1H)-one API : Artemether","1-(4-Aminophenyl)-3-morpholino-5,6-dihydropyridin-2(1H)-one",1267610-26-3,,51318,,,,
Pharmaceutical Impurities,"Artemether EP (2R)-2-((3S,4R)-4-methyl-2-oxo-3-(3-oxobutyl)cyclohexyl)propanal Impurity A","(2R)-2-((3S,4R)-4-methyl-2-oxo-3-(3-oxobutyl)cyclohexyl)propanal",1093625-96-7,,51330,,,,
Pharmaceutical Impurities,"Aspartame Impurity A (2S-cis)-(-)-5-Benzyl-3,6-dioxo-2-piperazineacetic","(2S-cis)-(-)-5-Benzyl-3,6-dioxo-2-piperazineacetic acid",5262-10-2,,51340,,,,
Pharmaceutical Impurities,Aspartame Impurity B L-a-Aspartyl-L-phenylalanine API : Aspirin/Folic,L-a-Aspartyl-L-phenylalanine,13433-09-5,,51341,,,,
Pharmaceutical Impurities,Acetylsalicylic Acid EP Salicylsalicylic Impurity E API : Atenolol,Salicylsalicylic acid,552-94-3,,51350,,,,
Pharmaceutical Impurities,Atenolol Impurity A (EP) 2-(4-Hydroxyphenyl),2-(4-Hydroxyphenyl) acetamide,17194-82-0,,51360,,,,
Pharmaceutical Impurities,"Atenolol Impurity B 2-[4-(2,3-Dihydroxy","2-[4-(2,3-Dihydroxy propoxy)phenyl] acetamide",61698-76-8,,51361,,,,
Pharmaceutical Impurities,Atenolol Impurity C 2-[4-(Oxiran-2-yl,2-[4-(Oxiran-2-yl methoxy)phenyl] acetamide,29122-69-8,,51362,,,,
Pharmaceutical Impurities,Atenolol Impurity D 2-[4-(3-Chloro-2-hydroxy,2-[4-(3-Chloro-2-hydroxy propoxy)phenyl] acetamide,115538-83-5,,51363,,,,
Pharmaceutical Impurities,"Atenolol Impurity F(EP) 2,2’-[[(1-Methylethyl)-","2,2’-[[(1-Methylethyl)- imino]bis[(2-hydroxy- propane-3,1-diyl)oxy-4,1- phenyl-ene]]diacetamide",87619-83-8,,51364,,,,
Pharmaceutical Impurities,Atenolol Impurity G {4-[2-Hydroxy-3-(propan-2-ylamino)-propoxy]phenyl},{4-[2-Hydroxy-3-(propan-2-ylamino)-propoxy]phenyl} acetic acid,56392-14-4,,51365,,,,
Pharmaceutical Impurities,Atenolol Impurity H {4-[2-Hydroxy-3-(propan-2-ylamino)-propoxy]-phenyl},{4-[2-Hydroxy-3-(propan-2-ylamino)-propoxy]-phenyl} acetonitrile,29277-73-4,,51366,,,,
Pharmaceutical Impurities,Atenolol Impurity I 2-{4-[3-(Ethylamino)-2-hydroxy API : Atorvastatin,2-{4-[3-(Ethylamino)-2-hydroxy propoxy]-phenyl}acetamide,1797116-92-7,,51367,,,,
Pharmaceutical Impurities,"Atorvastatin free base (3R,5R)-7-[2-(4-Fluorophenyl)-3-phenyl-4-(phenylcarbamoyl)-5-propan-","(3R,5R)-7-[2-(4-Fluorophenyl)-3-phenyl-4-(phenylcarbamoyl)-5-propan- 2-yl-1H-pyrrol-1-yl]-3,5-dihydroxyheptanoic acid",134523-00-5,,51380,,,,
Pharmaceutical Impurities,"Desfluoro Atorvastatin (3R,5R)-7-[2,3-Diphenyl-4-(phenylcarbamoyl)-5-propan-2-yl-1H-pyrrol-1","(3R,5R)-7-[2,3-Diphenyl-4-(phenylcarbamoyl)-5-propan-2-yl-1H-pyrrol-1 -yl]-3,5-dihydroxyheptanoic acid",433289-83-9,,51381,,,,
Pharmaceutical Impurities,"Atorvastatin diastereomer (3S,5R)-7-[2-(4-Fluorophenyl)-3-phenyl-4-(phenylcarbamoyl)-","(3S,5R)-7-[2-(4-Fluorophenyl)-3-phenyl-4-(phenylcarbamoyl)- 5-propan-2-yl-1H-pyrrol-1-yl]-3,5-dihydroxyheptanoic acid",887196-25-0,,51382,,,,
Pharmaceutical Impurities,"Fluoroatorvastatin (3R,5R)-7-[2,3-Bis(4-fluorophenyl)-4-(phenylcarbamoyl)-5-propan-2-yl-","(3R,5R)-7-[2,3-Bis(4-fluorophenyl)-4-(phenylcarbamoyl)-5-propan-2-yl- 1H-pyrrol-1-yl]-3,5-dihydroxyheptanoic acid",693793-53-2,,51383,,,,
Pharmaceutical Impurities,Atorvastatin Impurity D 3-[(4-Fluorophenyl)carbonyl]-2-(2-methylpropanoyl)-N-3-,3-[(4-Fluorophenyl)carbonyl]-2-(2-methylpropanoyl)-N-3- diphenyloxirane-2-carboxamide,148146-51-4,,51384,,,,
Pharmaceutical Impurities,"Entatorvastatin (3S,5S)-7-[2-(4-Fluorophenyl)-3-phenyl-4-(phenylcarbamoyl)-5-propan-","(3S,5S)-7-[2-(4-Fluorophenyl)-3-phenyl-4-(phenylcarbamoyl)-5-propan- 2-yl-1H-pyrrol-1-yl]-3,5-dihydroxyheptanoic acid",1105067-88-6,,51385,,,,
Pharmaceutical Impurities,"3-O-Methyl Atorvastatin (3R,5R)-7-[2-(4-Fluorophenyl)-3-phenyl-4-(phenylcarbamoyl)-5-","(3R,5R)-7-[2-(4-Fluorophenyl)-3-phenyl-4-(phenylcarbamoyl)-5- propan-2-yl-1H-pyrrol-1-yl]-5-hydroxy-3-methoxyheptanoic acid",887196-29-4,,51386,,,,
Pharmaceutical Impurities,"Atorvastatin Lactone (4R,6R)-6-[2-(4-Fluorophenyl)-3-phenyl-4-(phenylcarbamoyl)-5-propan-","(4R,6R)-6-[2-(4-Fluorophenyl)-3-phenyl-4-(phenylcarbamoyl)-5-propan- 2-yl-1H-pyrrol-1-ylethyl]-4-hydroxytetrahydro-2H-pyran-2-one",125995-03-1,,51387,,,,
Pharmaceutical Impurities,"Atorvastatin Methyl ester (3R,5R)-7-[2-(4-Fluorophenyl)-3-phenyl-4-(phenylcarbamoyl)-5-propan-","(3R,5R)-7-[2-(4-Fluorophenyl)-3-phenyl-4-(phenylcarbamoyl)-5-propan- 2-yl-1H-pyrrol-1-yl]-3,5-dihydroxyheptanoic acid methyl ester",345891-62-5,,51388,,,,
Pharmaceutical Impurities,"Atorvastatin Ethyl ester (3R,5R)-7-[2-(4-Fluorophenyl)-3-phenyl-4-(phenylcarbamoyl)-5-propan-","(3R,5R)-7-[2-(4-Fluorophenyl)-3-phenyl-4-(phenylcarbamoyl)-5-propan- 2-yl-1H-pyrrol-1-yl]-3,5-dihydroxyheptanoic acid ethyl ester",1146977-93-6,,51389,,,,
Pharmaceutical Impurities,"Atorvastatin 5-(4-Fluorophenyl)-1-{2-[(2R,4R)-4,5-dehydro-xy-6-oxodihydro-2H-","5-(4-Fluorophenyl)-1-{2-[(2R,4R)-4,5-dehydro-xy-6-oxodihydro-2H- pyran-2-yl]ethyl}-2-isopropyl-N,4-diphenyl-1H-pyrrole-3-carboxamide",442851-50-5,,51390,,,,
Pharmaceutical Impurities,"Atorvastatin FX1 Sodium,(3R)-4-(1b-(4-Fluorophenyl)-7-hydroxy-7-isopropyl-1a-phenyl-7a- API : Axitinib","Sodium,(3R)-4-(1b-(4-Fluorophenyl)-7-hydroxy-7-isopropyl-1a-phenyl-7a- (phenylcarbamoyl)hexahydro-1aH-oxireno[2`,3`:3,4]pyrrolo[2,1-b] [1,3]oxazin-3-yl)-3-hydroxybutanoate",1315629-79-8,,51391,,,,
Pharmaceutical Impurities,"Axitinib Impurity A 3,6-Diiodo-1H-indazole API : Azilsartan","3,6-Diiodo-1H-indazole",319472-78-1,,51410,,,,
Pharmaceutical Impurities,"Azilsartan Acid Impurity 2-Ethoxy-1-[(2'-(5-oxo-4,5-dihydro-1,2,4-oxadiazol-3-yl)-(1,1'-biphenyl)-","2-Ethoxy-1-[(2'-(5-oxo-4,5-dihydro-1,2,4-oxadiazol-3-yl)-(1,1'-biphenyl)- 4-yl)methyl]-1H-benzo[d]imidazole-7-carboxylic acid",147403-03-0,,51420,,,,
Pharmaceutical Impurities,"Azilsartan Desethyl (5-Methyl-2-oxo-1,3-dioxol-4-yl)methyl","(5-Methyl-2-oxo-1,3-dioxol-4-yl)methyl 2-hydroxy-1-((2'-(5-oxo-4,5- dihydro-1,2,4-oxadiazol-3-yl)-[1,1'-biphenyl]-4-yl)methyl)-1H- benzo[d]imidazole-7-carboxylate",1417576-00-1,,51421,,,,
Pharmaceutical Impurities,"Azilsartan Bis-Impurity (5-Methyl-2-oxo-1,3-dioxol-4-yl)methyl","(5-Methyl-2-oxo-1,3-dioxol-4-yl)methyl 2-ethoxy-1-((2'-(4-((5-methyl- 2-oxo-1,3-dioxol-4-yl)methyl)-5-oxo-4,5-dihydro-1,2,4-oxadiazol-3-yl)- [1,1'-biphenyl]-4-yl)methyl)-1H-benzo[d]imidazole-7-carboxylate",1604812-35-2,,51422,,,,
Pharmaceutical Impurities,Azilsartan Methyl Ester Methyl,"Methyl 2-ethoxy-1-((2'-(5-oxo-4,5-dihydro-1,2,4-oxadiazol-3-yl)- [1,1'-biphenyl]-4-yl)methyl)-1H-benzo[d]imidazole-7-carboxylate",147403-52-9,,51423,,,,
Pharmaceutical Impurities,Azilsartan Ethyl Ester Ethyl,"Ethyl 2-ethoxy-1-((2'-(5-oxo-4,5-dihydro-1,2,4-oxadiazol-3-yl)- [1,1'-biphenyl]-4-yl)methyl)-1H-benzo[d]imidazole-7-carboxylate",1403474-70-3,,51424,,,,
Pharmaceutical Impurities,Azilsartan Impurity A Methyl,"Methyl 1-((2'-carbamoyl-[1,1'-biphenyl]-4-yl)methyl)-2-ethoxy-1H- benzo[d]imidazole-7-carboxylate",147404-76-0,,51425,,,,
Pharmaceutical Impurities,"Azilsartan Impurity B 1-((2'-Carbamoyl-[1,1'-biphenyl]-4-yl)methyl)-2-ethoxy-1H-benzo[d]","1-((2'-Carbamoyl-[1,1'-biphenyl]-4-yl)methyl)-2-ethoxy-1H-benzo[d] imidazole-7-carboxylic acid",1696392-11-6,,51426,,,,
Pharmaceutical Impurities,"Azilsartan Impurity C (Z)-2-Ethoxy-1-((2'-(N'-hydroxycarbami-midoyl)-[1,1'-biphenyl]-4-yl)","(Z)-2-Ethoxy-1-((2'-(N'-hydroxycarbami-midoyl)-[1,1'-biphenyl]-4-yl) methyl)-1H-benzo[d]imidazole-7-carboxylic acid",1397836-49-5,,51427,,,,
Pharmaceutical Impurities,"Azilsartan Impurity D (Z)-3-((2'-(N'-Hydroxycarbamimidoyl)-[1,1'-biphenyl]-4-yl)methyl)-2-","(Z)-3-((2'-(N'-Hydroxycarbamimidoyl)-[1,1'-biphenyl]-4-yl)methyl)-2- oxo-2,3-dihydro-1H-benzo[d]imidazole-4-carboxylic acid",1821386-21-3,,51428,,,,
Pharmaceutical Impurities,Azilsartan Impurity E Ethyl,"Ethyl 3-amino-2-(((2'-cyano-[1,1'-biphenyl]-4-yl)methyl)amino)benzoate",136285-69-3,,51429,,,,
Pharmaceutical Impurities,Azilsartan Impurity F Ethyl,"Ethyl 3-amino-2-(((2'-carbamoyl-[1,1'-biphenyl]-4-yl)methyl)amino)benzoate",1863930-34-0,,51430,,,,
Pharmaceutical Impurities,Azilsartan Impurity G (Z)-Ethyl,"(Z)-Ethyl 3-amino-2-(((2'-(N'-hydroxycarb-amimidoyl)-[1,1'-biphenyl]-4-yl) methyl)amino)benzoate",,,51431,,,,
Pharmaceutical Impurities,Azilsartan Impurity H (Z)-Methyl,"(Z)-Methyl 3-((2'-(N'-hydroxycarb-amimidoyl)-[1,1'-biphenyl]-4-yl) methyl)-2-oxo-2,3-dihydro-1H-benzo[d]imidazole-4-carboxylate",1499167-72-4,,51432,,,,
Pharmaceutical Impurities,Azilsartan Impurity I Methyl,"Methyl 3-((2'-cyano-[1,1'-biphenyl]-4-yl)methyl)-2-oxo-2,3-dihydro-1H- benzo[d]imidazole-4-carboxylate",139481-33-7,,51433,,,,
Pharmaceutical Impurities,Azilsartan Impurity 1 Methyl,"Methyl 2-hydroxy-1-((2'-(5-oxo-4,5-dihydro-1,2,4-oxadiazol-3-yl)-[1,1'- biphenyl]-4-yl)methyl)-1H-benzo[d]imidazole-7-carboxylate",,,51434,,,,
Pharmaceutical Impurities,Azilsartan Impurity 2 Ethyl,"Ethyl 2-hydroxy-1-((2'-(5-oxo-4,5-dihydro-1,2,4-oxadiazol-3-yl)-[1,1'- biphenyl]-4-yl)methyl)-1H-benzo[d]imidazole-7-carboxylate",,,51435,,,,
Pharmaceutical Impurities,Azilsartan Impurity 3 Isopropyl API : Azithromycin,"Isopropyl 2-hydroxy-1-((2'-(5-oxo-4,5-dihydro-1,2,4-oxadiazol-3-yl)-[1,1'- biphenyl]-4-yl)methyl)-1H-benzo[d]imidazole-7-carboxylate",,,51436,,,,
Pharmaceutical Impurities,Azithromycin EP N6-Demethylazithromycin; Azaerythromycin A,N6-Demethylazithromycin; 9-Deoxo-9a-aza-9a-homo erythromycin A,76801-85-9,,51450,,,,
Pharmaceutical Impurities,Azithromycin EP 3-Deoxyazithromycin; Impurity B,3-Deoxyazithromycin; 3-Deshydroxy Azithromycin,307974-61-4,,51451,,,,
Pharmaceutical Impurities,Azithromycin EP 3”-O-Demethyl Impurity C,3”-O-Demethyl Azithromycin,620169-47-3,,51452,,,,
Pharmaceutical Impurities,Azithromycin EP 14-Demethyl-14-(hydroxymethyl)azithromycin Impurity D;Azithromycin F,14-Demethyl-14-(hydroxymethyl)azithromycin,612069-26-8,,51453,,,,
Pharmaceutical Impurities,"Azithromycin EP 3'-(N,N-Didemethyl)azithromycin Impurity E; Amino Azithromycin","3'-(N,N-Didemethyl)azithromycin",612069-27-9,,51454,,,,
Pharmaceutical Impurities,Azithromycin EP 3'-N-Demethyl-3'-N- Impurity F; Azithromycin USP RC F,3'-N-Demethyl-3'-N- formylazithromycin,612069-28-0,,51455,,,,
Pharmaceutical Impurities,Azithromycin Impurity G 3’-N-Demethyl-3’-N-[(4-methylphenyl)sulphonyl]azithromycin,3’-N-Demethyl-3’-N-[(4-methylphenyl)sulphonyl]azithromycin,612069-31-5,,51456,,,,
Pharmaceutical Impurities,Azithromycin Impurity H 3'-N-[[4-(Acetylamino)phenyl]sulphonyl]-3'-N-demethylazithromycin,3'-N-[[4-(Acetylamino)phenyl]sulphonyl]-3'-N-demethylazithromycin,612069-30-4,,51457,,,,
Pharmaceutical Impurities,Azithromycin Impurity I 3'-N-Demethylazithromycin,3'-N-Demethylazithromycin,172617-84-4,,51458,,,,
Pharmaceutical Impurities,Azithromycin Impurity J; 13-O-Decladinosylazithromycin;,13-O-Decladinosylazithromycin; Desosaminylazithromycin (USP) Descladinose Azithromycin,117693-41-1,,51459,,,,
Pharmaceutical Impurities,"Azithromycin EP C14,1”-Epoxy Impurity K","C14,1”-Epoxy Azithrómycin",612534-95-9,,51460,,,,
Pharmaceutical Impurities,Azithromycin Impurity L; Azithromycin Azithromycin N-Oxide (USP),Azithromycin 3'- N-oxide,90503-06-3,,51461,,,,
Pharmaceutical Impurities,"Azithromycin Impurity M 3'-N,N-Didesmethyl-N-formyl-azithromycin","3'-N,N-Didesmethyl-N-formyl-azithromycin",765927-71-7,,51462,,,,
Pharmaceutical Impurities,"Azithromycin Impurity N 3'-N,N-Didesmethyl-3'-oxo-azithromycin","3'-N,N-Didesmethyl-3'-oxo-azithromycin",612069-25-7,,51463,,,,
Pharmaceutical Impurities,Azithromycin EP 2-Desethyl-2-propylazithromycin Impurity O,2-Desethyl-2-propylazithromycin,763924-54-5,,51464,,,,
Pharmaceutical Impurities,Azithromycin Impurity P; N6-Demethyl N-Ethyl Azithromycin,N6-Demethyl N6-Ethyl Azithromycin,92594-45-1,,51465,,,,
Pharmaceutical Impurities,"Azithromycin EP 3’-N-{[4-(Acetylamino)phenyl]sulfonyl}-3’,3’-didemethylazithromycin Impurity Q API : Benzothiadiazine","3’-N-{[4-(Acetylamino)phenyl]sulfonyl}-3’,3’-didemethylazithromycin",2095879-65-3,,51466,,,,
Pharmaceutical Impurities,"Benzothiadiazine 4-Amino-6-chloro-1,3-benzenedisul-fonamide Related Compound A API : Baclofen","4-Amino-6-chloro-1,3-benzenedisul-fonamide",121-30-2,,51480,,,,
Pharmaceutical Impurities,Baclofen Related 4-(4-Chlorophenyl)-2-pyrrolidinone Compound A,4-(4-Chlorophenyl)-2-pyrrolidinone,22518-27-0,,51490,,,,
Pharmaceutical Impurities,Baclofen EP Impurity B 3-(4-Chlorophenyl)glutaramic,3-(4-Chlorophenyl)glutaramic Acid,1141-23-7,,51491,,,,
Pharmaceutical Impurities,Baclofen EP Impurity C 3-(4-Chlorophenyl)pentanedioic API : Beclomethasone,3-(4-Chlorophenyl)pentanedioic acid,35271-74-0,,51492,,,,
Pharmaceutical Impurities,Beclomethasone 9a-Chloro-16b-methylprednisolone Impurity E,"9a-Chloro-16b-methylprednisolone 17,21-dipropionate; Beclomethasone Dipropionate WS",5534-09-8,,51500,,,,
Pharmaceutical Impurities,"Beclomethasone (11b,16b)-9-Chloro-11,17-dihydroxy-16-methyl-21-(1-oxopropoxy)- Impurity A","(11b,16b)-9-Chloro-11,17-dihydroxy-16-methyl-21-(1-oxopropoxy)- pregna-1,4-diene-3,20-dione; Beclomethasone 21-monopropionate",69224-79-9,,51501,,,,
Pharmaceutical Impurities,"Beclomethasone 9-Chloro-11b,17,21-trihydroxy-16b-methylpregna-1,4-diene-3,20-","9-Chloro-11b,17,21-trihydroxy-16b-methylpregna-1,4-diene-3,20- dione 21-acetate 17-propionate; Beclomethasone 21-acetate 17-propionate",5534-08-7,,51502,,,,
Pharmaceutical Impurities,"Beclomethasone 9-Chloro-11b,17,21-trihydroxy-16b-methylpregna-1,4-diene-3,20-","9-Chloro-11b,17,21-trihydroxy-16b-methylpregna-1,4-diene-3,20- dione 21-butyrate 17-propionate; Beclomethasone 21-butyrate 17- propionate",,,51503,,,,
Pharmaceutical Impurities,"Beclomethasone (11b,16b)-9-Bromo-11-hydroxy-16-methyl-17,21-bis(1-oxopropoxy)","(11b,16b)-9-Bromo-11-hydroxy-16-methyl-17,21-bis(1-oxopropoxy) pregna-1,4-diene-3,20-dione; 9-Deschloro-9-bromo Beclomethasone Dipropionate",52092-14-5,,51504,,,,
Pharmaceutical Impurities,"Beclomethasone (6a,11b,16b)-6,9-Dichloro-11-hydroxy-16-methyl-17,21-bis","(6a,11b,16b)-6,9-Dichloro-11-hydroxy-16-methyl-17,21-bis (1-oxopropoxy)-pregna-1,4-diene-3,20-dione; 6a-Chlorobeclom- ethasone Dipropionate",887130-68-9,,51505,,,,
Pharmaceutical Impurities,"Beclomethasone (6a,11b,16b)-6-Bromo-9-chloro-11-hydroxy-16-methyl-17,21-bis","(6a,11b,16b)-6-Bromo-9-chloro-11-hydroxy-16-methyl-17,21-bis (1-oxopropoxy)pregna-1,4-diene-3,20-dione; 6a-Bromobeclometasone Dipropionate",887130-69-0,,51506,,,,
Pharmaceutical Impurities,Beclomethasone,"(11b,16b)-9-Chloro-11,21-dihydroxy-16-methyl-17-(1-oxopropoxy)- pregna-1,4-diene-3,20-dione; Beclomethasone 17-Monopropionate",5534-18-9,,51507,,,,
Pharmaceutical Impurities,Beclomethasone Dipropionate EP Impurity I,"(16b)-16-Methyl-17,21-bis(1-oxopropoxy)pregna-1,4,9(11)-triene-3,20-dione",52092-12-3,,51508,,,,
Pharmaceutical Impurities,Beclomethasone,"(9b,11b,16b)-9,11-Epoxy-16-methyl-17,21-bis(1-oxopropoxy)pregna-1,4- diene-3,20-dione; Beclomethasone 9,11-Epoxide 17,21-Dipropionate",66917-44-0,,51509,,,,
Pharmaceutical Impurities,Beclomethasone,"(11b,16b)-9-chloro-11-hydroxy-16-methyl-17,21-bis(1-oxopropoxy) pregn-4-ene-3,20-dione;1,2-Dihydrobeclomethasone Dipropopionate",114371-33-4,,51510,,,,
Pharmaceutical Impurities,Beclomethasone,"9-Chloro-11b-hydroxy-16b-methyl-3,20-dioxopregna-4,6-diene-17,21- diyldipropanoate",,,51511,,,,
Pharmaceutical Impurities,Beclomethasone,"2-Bromo-9-chloro-11b-hydroxy-16b-methyl-3,20-dioxopregna- 4,6-diene-17,21-diyldipropanoate",1204582-47-7,,51512,,,,
Pharmaceutical Impurities,Beclomethasone,"9,11b-Dichloro-17,21-dihydroxy-16b-methyl-pregna-1,4-diene-3,20- dione Dipropionate; 11-Chlorobeclomethasone 17,21-Dipropionate",14527-61-8,,51513,,,,
Pharmaceutical Impurities,Beclomethasone Dipropionate EP Impurity Q,"16b-Methyl-3,20-dioxopregna-1,4-diene-17,21-diyl dipropanoate",,,51514,,,,
Pharmaceutical Impurities,Beclomethasone,"(9b,11b,16b)-9,11-Epoxy-17,21-dihydroxy-16-methylpregna-1,4-diene- 3,20-dione; Betamethasone 9-11-Epoxide; Betamethasone EP Impurity E; USP Betamethasone Related Compound E",981-34-0,,51515,,,,
Pharmaceutical Impurities,Beclomethasone Dipropionate EP Impurity S,"Beclomethasone 11,17,21-Tripropionate",1709825-83-1,,51516,,,,
Pharmaceutical Impurities,Beclomethasone,"(9b,11b,16b)-9,11-Epoxy-21-hydroxy-16-methyl-17-(1-oxopropoxy) pregna-1,4-diene-3,20-dione; Beclomethasone 9,11-Epoxide-17-Propionate",79578-39-5,,51517,,,,
Pharmaceutical Impurities,Beclomethasone API : Betamethasone,"(9b,11b,16b)-9,11-Epoxy-17-hydroxy-16-methyl-21-(1-oxopropoxy) pregna-1,4-diene-3,20-dione; Beclomethasone 9,11-Epoxide 21-Propionate",205105-83-5,,51518,,,,
Pharmaceutical Impurities,Betamethasone,"9-Fluoro-11b,17,21-trihydroxy-16b-methylpregna-1,4-diene-3,20- dione 21-acetate; Betamethasone Acetate WS",987-24-6,,51530,,,,
Pharmaceutical Impurities,Betamethasone,"(11b,16b)-9-Fluoro-11,17,21-trihydroxy-16-methylpregna-1,4-diene-3,20- dione; 9a-Fluoro-16b-methylprednisolone; Dexamethasone EP Impurity B",378-44-9,,51531,,,,
Pharmaceutical Impurities,Betamethasone,"9-Fluoro-11b,17,21-trihydroxy-16b-methyl-pregna-1,4-diene-3,20-dione 21-Acetate; Dexamethasone EP Impurity G; Dexamethasone Acetate",1177-87-3,,51532,,,,
Pharmaceutical Impurities,Betamethasone,"(11b,16b)-11,21-Bis(acetyloxy)-9-fluoro-17-hydroxy-16-methylpregna- 1,4-diene-3,20-dione; Betamethasone 11,21-Diacetate",330157-05-6,,51533,,,,
Pharmaceutical Impurities,Betamethasone,"9b,11b-Epoxy-17,21-dihydroxy-16b-methylpregna-1,4-diene-3,20-dione 21-Acetate",912-38-9,,51534,,,,
Pharmaceutical Impurities,Betamethasone,"(11b,16b)-9-Fluoro-11-hydroxy-16-methyl-17,21-bis(1-oxopropoxy)- pregna-1,4-diene-3,20-dione; b-Methasone 17,21-dipropionate",5593-20-4,,51535,,,,
Pharmaceutical Impurities,Betamethasone,"(11b,16b)-9-Fluoro-11,21-dihydroxy-16-methyl-17-(1-oxopropoxy) pregna-1,4-diene-3,20-dione Betamethasone 17a-Propionate; Clobetasol Propionate EP Impurity A",5534-13-4,,51536,,,,
Pharmaceutical Impurities,Betamethasone,"(11b,16b)-9-Fluoro-11,17-dihydroxy-16-methyl-21-(1-oxopropoxy) pregna-1,4-diene-3,20-dione; Clobetasol Propionate EP Impurity K; Betamethasone 21-Propionate",75883-07-7,,51537,,,,
Pharmaceutical Impurities,Betamethasone,"(11b,16b)-21-(Acetyloxy)-9-fluoro-11-hydroxy-16-methyl-17- (1-oxopropoxy)pregna-1,4-diene-3,20-dione; Betamethasone 21- Acetate 17-Propionate",5514-81-8,,51538,,,,
Pharmaceutical Impurities,"Betamethasone (11b,16b)-9-Fluoro-16-methyl-11,17,21-tris(1-oxopropoxy)pregna-","(11b,16b)-9-Fluoro-16-methyl-11,17,21-tris(1-oxopropoxy)pregna- 1,4-diene-3,20-dione; Betamethasone 11,17,21-Tripropionate",1186048-33-8,,51539,,,,
Pharmaceutical Impurities,"Betamethasone 6-Bromo-9-fluoro-11b-hydroxy-16b-methyl-3,20-dioxopregna-1,4-diene-","6-Bromo-9-fluoro-11b-hydroxy-16b-methyl-3,20-dioxopregna-1,4-diene- 17,21-diyl Dipropanoate; 6-Bromo-betamethasone 17,21-Dipropionate",186048-34-9,,51540,,,,
Pharmaceutical Impurities,"Betamethasone (11b,16b)-9-Fluoro-11-hydroxy-16-methyl-17,21-bis(1-oxopropoxy)- API : Bilastine","(11b,16b)-9-Fluoro-11-hydroxy-16-methyl-17,21-bis(1-oxopropoxy)- pregn-4-ene-3,20-dione; 1,2-Dihydro-Betamethasone 17,21-Dipropionate",80163-83-3,,51541,,,,
Pharmaceutical Impurities,Bilastine Impurity A Bilastine,Bilastine Hydroxy Impurity; 2-(4-(2-(4-(1-(2-Hydroxyethyl)-1H-benzo[d] imidazol-2-yl)piperidin-1-yl)ethyl)phenyl)-2-methylpropanoic Acid,202189-83-1,,51560,,,,
Pharmaceutical Impurities,"Bilastine Impurity 4,5-Dihydrooxazole API : Bisoprolol","4,5-Dihydrooxazole Bilastine; 2-(2-(4-(2-(4-(1-(2-Ethoxyethyl)-1H- Benzo[d]Imidazol-2-yl)Piperidin-1-yl)Ethyl)Phenyl)Propan-2-yl)- 4,4-Dimethyl-4,5-Dihydrooxazole",202189-77-3,,51561,,,,
Pharmaceutical Impurities,Des(isopropoxyethyl) 1-[4-(Hydroxymethyl)-phenoxy]-3-(propan-2-ylamino)propan-2-ol Bisoprolol,1-[4-(Hydroxymethyl)-phenoxy]-3-(propan-2-ylamino)propan-2-ol,62572-93-4,,51570,,,,
Pharmaceutical Impurities,Keto Bisoprolol 2-(Propan-2-yloxy)ethyl,2-(Propan-2-yloxy)ethyl 4-{2-hydroxy-3-[(propan-2-yl)-amino]propoxy} benzoate,864544-37-6,,51571,,,,
Pharmaceutical Impurities,Bisoprolol Impurity 1-(4-Methylphenoxy)-3-(propan-2-ylamino)propan-2-ol;,1-(4-Methylphenoxy)-3-(propan-2-ylamino)propan-2-ol; 1-(Isopropylamino)-3-(4-methylphenoxy)-2-propanol,,,51572,,,,
Pharmaceutical Impurities,Bisoprolol Impurity 4-[2-Hydroxy-3-(propan-2-ylamino)-propoxy]benzoic API : Bortezomib,4-[2-Hydroxy-3-(propan-2-ylamino)-propoxy]benzoic acid hydrochloride; 4-(2-Hydroxy-3-isopropylaminopropoxy)benzoic Acid,72570-70-8,,51573,,,,
Pharmaceutical Impurities,Bortezomib Impurity B (S)-3-phenyl-2-(pyrazine-2-carboxamido)propanoic API : Bosentan,(S)-3-phenyl-2-(pyrazine-2-carboxamido)propanoic acid,114457-94-2,,51585,,,,
Pharmaceutical Impurities,Bosentan Impurity B Deoxy API : Brexpiprazole,"Deoxy Bosentan; 4-tert-butyl-N-[6-ethoxy-5-(2-methoxyphenoxy)- [2,2`-bipyrimidin]-4-yl]benzene-1-sulfonamide",157415-45-7,,51595,,,,
Pharmaceutical Impurities,Brexpiprazole Impurity 1-(Benzo[b]thiophen-4-yl)-4-(but-3-en-1-yl)piperazine;,1-(Benzo[b]thiophen-4-yl)-4-(but-3-en-1-yl)piperazine; Brexpiprazole Butene Impurity,,,51605,,,,
Pharmaceutical Impurities,"Brexpiprazole Dihydro 7-[4-[4-(1-benzothiophen-4-yl)piperazin-1-yl]butoxy]-3,4-dihydro-1H- API : Budesonide","7-[4-[4-(1-benzothiophen-4-yl)piperazin-1-yl]butoxy]-3,4-dihydro-1H- quinolin-2-one",913612-07-4,,51606,,,,
Pharmaceutical Impurities,"Budesonide Working (11b,16a)-16,17-[Butylidenebis(oxy)]-11,21-dihydroxypregna-1,4-diene-","(11b,16a)-16,17-[Butylidenebis(oxy)]-11,21-dihydroxypregna-1,4-diene- 3,20-dione; 16a,17-[(1RS)-Butylidenebis(oxy)]-11b,21-dihydroxypregna- 1,4-diene-3,20-dione",51333-22-3,,51615,,,,
Pharmaceutical Impurities,"Budesonide EP Impurity A 11b,16a,17,21-Tetrahydroxypregna-1,4-diene-3,20-dione","11b,16a,17,21-Tetrahydroxypregna-1,4-diene-3,20-dione",13951-70-7,,51616,,,,
Pharmaceutical Impurities,"Budesonide EP 16a,17-[(1RS)-Ethylidenebis(oxy)]-11b,21-dihydroxypregna-1,4-diene-","16a,17-[(1RS)-Ethylidenebis(oxy)]-11b,21-dihydroxypregna-1,4-diene- 3,20-dione; Budesonide Acetylaldehyde Acetal",1040085-98-0,,51617,,,,
Pharmaceutical Impurities,"Budesonide EP 16a,17-[(1RS)-Butylidenebis(oxy)]-11b-hydroxy-17-(hydroxymethyl)-D-","16a,17-[(1RS)-Butylidenebis(oxy)]-11b-hydroxy-17-(hydroxymethyl)-D- homoandrosta-1,4-diene-3,17a-dione",1040085-99-1,,51618,,,,
Pharmaceutical Impurities,"Budesonide EP (11b,16a)-16,17-[Butylidenebis(oxy)]-11-hydroxy-3,20-dioxopregna-","(11b,16a)-16,17-[Butylidenebis(oxy)]-11-hydroxy-3,20-dioxopregna- 1,4-dien-21-al; Budesonide Aldehyde Impurity; 21-Dehydro Budesonide",85234-63-5,,51619,,,,
Pharmaceutical Impurities,"Budesonide EP (11b,16a)-16,17-[Butylidenebis(oxy)]-11,21-dihydroxypregna-1,4,14-","(11b,16a)-16,17-[Butylidenebis(oxy)]-11,21-dihydroxypregna-1,4,14- triene-3,20-dione; Budesonide USP Related Compound E; 14,15-Dehydro Budesonide",131918-64-4,,51620,,,,
Pharmaceutical Impurities,"Budesonide EP (11b,16a)-11,21-Dihydroxy-16,17-[(1-methylethylidene)bis(oxy)]pregna-","(11b,16a)-11,21-Dihydroxy-16,17-[(1-methylethylidene)bis(oxy)]pregna- 1,4-diene-3,20-dione;16a-Hydroxyprednisolone Acetonide; Desonide",638-94-8,,51621,,,,
Pharmaceutical Impurities,"Budesonide EP (11b,16a)-16,17-[Butylidenebis(oxy)]-11,21-dihydroxypregn-4-ene-3,20-","(11b,16a)-16,17-[Butylidenebis(oxy)]-11,21-dihydroxypregn-4-ene-3,20- dione;1,2-Dihydrobudesonide; Budesonide USP Related Compound G",137174-25-5,,51622,,,,
Pharmaceutical Impurities,Budesonide EP (16,"(16 )-16,17-[Butylidenebis(oxy)]-21- hydroxy-pregna-1,4,9(11)-triene-3,20- a dione; 9,11-Anhydrobudesonide; Budesonide USP Related Compound H",313474-58-7,,51623,,,,
Pharmaceutical Impurities,"Budesonide EP (11b,16a)-11,17,21-Trihydroxy-16-(1-oxobutoxy)-pregna-1,4-diene-3,20-","(11b,16a)-11,17,21-Trihydroxy-16-(1-oxobutoxy)-pregna-1,4-diene-3,20- dione; 16a-(Butyryloxy)prednisolone; 16a-Hydroxyprednisolone 16-Butyrate;",113930-13-5,,51624,,,,
Pharmaceutical Impurities,"Budesonide EP 9-Bromo-16,17-[butylidenebis(oxy)]-11,21-dihydroxy-(11b,16a)-","9-Bromo-16,17-[butylidenebis(oxy)]-11,21-dihydroxy-(11b,16a)- pregna-1,4-diene-3,20-dione; 9a-Bromobudesonide",313474-59-8,,51625,,,,
Pharmaceutical Impurities,"Budesonide EP (11b,16a)-21-(Acetyloxy)-16,17-[butylidenebis(oxy)]-11-hydroxy-pregna-","(11b,16a)-21-(Acetyloxy)-16,17-[butylidenebis(oxy)]-11-hydroxy-pregna- 1,4-diene-3,20-dione; Budesonide 21-acetate; 21-Acetyloxy Budesonide",51333-05-2,,51626,,,,
Pharmaceutical Impurities,"Budesonide EP (16a)-16,17-[Butylidenebis(oxy)]-21-hydroxypregna-1,4-diene-3,11,20-","(16a)-16,17-[Butylidenebis(oxy)]-21-hydroxypregna-1,4-diene-3,11,20- trione; Budesonide USP Related Compound L; 11-Keto Budesonide",216453-74-6,,51627,,,,
Pharmaceutical Impurities,"Budesonide (11b,16a)-16,17-[(1R)-Butylidenebis(oxy)]-11,21-dihydroxypregna-1,4-","(11b,16a)-16,17-[(1R)-Butylidenebis(oxy)]-11,21-dihydroxypregna-1,4- diene-3,20-dione' (22R)-Budesonide; Dexbudesonide",51372-29-3,,51628,,,,
Pharmaceutical Impurities,"Budesonide (11b,16a)-16,17-[(1S)-Butylidenebis(oxy)]-11,21-dihydroxypregna-","(11b,16a)-16,17-[(1S)-Butylidenebis(oxy)]-11,21-dihydroxypregna- 1,4-diene-3,20-dione; (22S)-Budesonide",51372-28-2,,51629,,,,
Pharmaceutical Impurities,"Budesonide 1,4,14-Triene (11b,16a)-21-(Acetyloxy)-11,16,17-trihydroxypregna-1,4,14-triene-","(11b,16a)-21-(Acetyloxy)-11,16,17-trihydroxypregna-1,4,14-triene- 3,20-dione",131918-72-4,,51630,,,,
Pharmaceutical Impurities,"Budesonide 1,4,16- 11b,21-Dihydroxypregna-1,4,16-triene-3,20-dione","11b,21-Dihydroxypregna-1,4,16-triene-3,20-dione 21-Acetate; 21- Acetoxy-11b-hydroxypregna-1,4,16-triene-3,20-dione",3044-42-6,,51631,,,,
Pharmaceutical Impurities,"Budesonide 17,21- 11b,17,21-Trihydroxypregna-1,4-diene-3,20-dione;","11b,17,21-Trihydroxypregna-1,4-diene-3,20-dione; Prednisolone 17,21-Diacetate",17652-24-3,,51632,,,,
Pharmaceutical Impurities,"Budesonide 17- (11b,16a,17a)-16,17-[Butylidenebis(oxy)]-11-hydroxy-3-oxo-androsta-","(11b,16a,17a)-16,17-[Butylidenebis(oxy)]-11-hydroxy-3-oxo-androsta- 1,4-diene-17-carboxylic Acid; 17-Carboxy Budesonide",192057-49-1,,51633,,,,
Pharmaceutical Impurities,"Budesonide 21- 16a,17-[(1RS)-Butylidenebis(oxy)]-11b,21-dihydroxypregna-1,4-diene-","16a,17-[(1RS)-Butylidenebis(oxy)]-11b,21-dihydroxypregna-1,4-diene- 3,20-dione-21-butyrate",,,51634,,,,
Pharmaceutical Impurities,"Budesonide 6-alpha- (6a,11b,16a)-16,17-[Butylidenebis(oxy)]-6,11,21-trihydroxypregna-","(6a,11b,16a)-16,17-[Butylidenebis(oxy)]-6,11,21-trihydroxypregna- 1,4-diene-3,20-dione",577777-51-6,,51635,,,,
Pharmaceutical Impurities,"Budesonide 6-beta- (6a,11b,16a)-16,17-[Butylidenebis(oxy)]-6,11,21-trihydroxypregna- API : Bumetanide","(6a,11b,16a)-16,17-[Butylidenebis(oxy)]-6,11,21-trihydroxypregna- 1,4-diene-3,20-dione",88411-77-2,,51636,,,,
Pharmaceutical Impurities,Bumetanide EP 3-Amino-4-phenoxy-5-sulfamoylbenzoic Impurity B/USP Related Compound A,3-Amino-4-phenoxy-5-sulfamoylbenzoic acid; Desbutyl Bumetanide,28328-54-3,,51645,,,,
Pharmaceutical Impurities,Bumetanide EP 3-Nitro-4-phenoxy-5-sulfamoylbenzoic Impurity A/USP RC B,3-Nitro-4-phenoxy-5-sulfamoylbenzoic acid,28328-53-2,,51646,,,,
Pharmaceutical Impurities,Bumetanide Impurity C Butyl,Butyl 3-(butylamino)-4-phenoxy-5-sulfamoylbenzoate,32643-00-8,,51647,,,,
Pharmaceutical Impurities,Bumetanide Propyl Analogue 4-Phenoxy-3-(propylamino)-5-sulfamoylbenzoic,4-Phenoxy-3-(propylamino)-5-sulfamoylbenzoic acid,28395-28-0,,51648,,,,
Pharmaceutical Impurities,Bumetanide Impurity 4-Chloro-3-nitro-5-sulfamoylbenzoic,4-Chloro-3-nitro-5-sulfamoylbenzoic acid,22892-96-2,,51649,,,,
Pharmaceutical Impurities,Bumetanide Impurity Methyl,Methyl 4-chloro-3-nitro-5-sulfamoylbenzoate,67155-14-0,,51650,,,,
Pharmaceutical Impurities,Bumetanide Impurity Methyl,Methyl 3-amino-4-phenoxy-5-sulfamoylbenzoate,56106-57-1,,51651,,,,
Pharmaceutical Impurities,Bumetanide Impurity Methyl,Methyl 3-nitro-4-phenoxy-5-sulfamoylbenzoate,,,51652,,,,
Pharmaceutical Impurities,Bumetanide Impurity Methyl,Methyl 3-(butylamino)-4-phenoxy-5-sulfamoylbenzoate,,,51653,,,,
Pharmaceutical Impurities,Bumetanide Impurity Butyl,Butyl 4-chloro-3-nitro-5-sulfamoylbenzoate,,,51654,,,,
Pharmaceutical Impurities,Bumetanide Impurity Butyl,Butyl 3-nitro-4-phenoxy-5-sulfamoylbenzoate,,,51655,,,,
Pharmaceutical Impurities,Bumetanide Impurity Butyl API : Bupropion,Butyl 3-amino-4-phenoxy-5-sulfamoylbenzoate,61658-51-3,,51656,,,,
Pharmaceutical Impurities,Bupropion Impurity 2-Bromo-4'-chloropropiophenone,,877-37-2,,51667,,,,
Pharmaceutical Impurities,"Bupropion Impurity 2,3'-Dibromopropiophenone",,76650-08-3,,51668,,,,
Pharmaceutical Impurities,Buspirone EP Impurity A 2-(Piperazin-1-yl)pyrimidine,2-(Piperazin-1-yl)pyrimidine,20980-22-7,,51679,,,,
Pharmaceutical Impurities,"Buspirone EP Impurity C 1,4-Bis[4-(pyrimidin-2-yl)piperazin-1-yl]butane","1,4-Bis[4-(pyrimidin-2-yl)piperazin-1-yl]butane",257877-45-5,,51680,,,,
Pharmaceutical Impurities,"Buspirone EP Impurity D 2,2'-[4,4'-(Oxybis(butane-4,1-diyl))bis(piperazine-4,1-diyl)]dipyrimidine","2,2'-[4,4'-(Oxybis(butane-4,1-diyl))bis(piperazine-4,1-diyl)]dipyrimidine",,,51681,,,,
Pharmaceutical Impurities,Buspirone EP Impurity E 2-[1-(2-Oxo-2-((4-(4-(pyrimidin-2-yl)piperazin-1-yl)butyl)amino)ethyl),2-[1-(2-Oxo-2-((4-(4-(pyrimidin-2-yl)piperazin-1-yl)butyl)amino)ethyl) cyclopentyl]acetic acid,257877-45-3,,51682,,,,
Pharmaceutical Impurities,"Buspirone EP Impurity F 2,2'-(Cyclopentane-1,1-diyl)bis(N-(4-(4-(pyrimidin-2-yl)piperazin-1-yl)","2,2'-(Cyclopentane-1,1-diyl)bis(N-(4-(4-(pyrimidin-2-yl)piperazin-1-yl) butyl)acetamide",,,51683,,,,
Pharmaceutical Impurities,"Buspirone EP Impurity G 1,4-Di(pyrimidin-2-yl)piperazine","1,4-Di(pyrimidin-2-yl)piperazine",84746-24-7,,51684,,,,
Pharmaceutical Impurities,Buspirone EP Impurity H 4-[4-(Pyrimidin-2-yl)piperazin-1-yl)butyl,4-[4-(Pyrimidin-2-yl)piperazin-1-yl)butyl 2-(1-(2-oxo-2-((4- (4-(pyrimidin-2-yl)piperazin-1-yl)butyl)amino)ethyl)cyclopentyl]acetate,,,51685,,,,
Pharmaceutical Impurities,Buspirone EP Impurity I 8-[4-(4-(5-Chloropyrimidin-2-yl)piperazin-1-yl)butyl]-8-azaspiro[4.5],"8-[4-(4-(5-Chloropyrimidin-2-yl)piperazin-1-yl)butyl]-8-azaspiro[4.5] decane-7,9-dione",,,51686,,,,
Pharmaceutical Impurities,"Buspirone EP Impurity J 4-[7,9-Dioxo-8-azaspiro[4.5]decan-8-yl)butyl","4-[7,9-Dioxo-8-azaspiro[4.5]decan-8-yl)butyl 2-(1-(2-oxo-2-((4-(4- (pyrimidin-2-yl)piperazin-1-yl)butyl)amino)ethyl)cyclopentyl]acetate",,,51687,,,,
Pharmaceutical Impurities,"Buspirone EP Impurity K 8-Azaspiro[4.5]decane-7,9-dione","8-Azaspiro[4.5]decane-7,9-dione",1075-89-4,,51688,,,,
Pharmaceutical Impurities,"Buspirone EP Impurity L 8-(4-Chlorobutyl)-8-azaspiro[4.5]decane-7,9-dione","8-(4-Chlorobutyl)-8-azaspiro[4.5]decane-7,9-dione",21098-11-3,,51689,,,,
Pharmaceutical Impurities,"Buspirone EP Impurity M 8-(4-Bromobutyl)-8-azaspiro[4.5]decane-7,9-dione","8-(4-Bromobutyl)-8-azaspiro[4.5]decane-7,9-dione",80827-62-9,,51690,,,,
Pharmaceutical Impurities,"Buspirone EP Impurity N 8,8'-(Butane-1,4-diyl)bis(8-azaspiro[4,5]decane-7,9-dione) API : Cabozantinib","8,8'-(Butane-1,4-diyl)bis(8-azaspiro[4,5]decane-7,9-dione)",257877-44-4,,51691,,,,
Pharmaceutical Impurities,"Cabozantinib Impurity 4-((6,7-Dimethoxyquinolin-4-yl)oxy)aniline","4-((6,7-Dimethoxyquinolin-4-yl)oxy)aniline",190728-25-7,,51702,,,,
Pharmaceutical Impurities,Cabozantinib Impurity Methyl-1-((4-fluorophenyl)-carbamoyl)-cyclopropane-1-carboxylate;,Methyl-1-((4-fluorophenyl)-carbamoyl)-cyclopropane-1-carboxylate; CAB-10 methyl ester,1345847-71-3,,51703,,,,
Pharmaceutical Impurities,"Cabozantinib Impurity N,N'-BIS(4-fluorophenyl)-cyclopropane-1,1-dicarboxamide; API : Candesartan","N,N'-BIS(4-fluorophenyl)-cyclopropane-1,1-dicarboxamide; CAB-10 dimer",1431468-36-8,,51704,,,,
Pharmaceutical Impurities,Candesartan Cilexetil EP Ethyl,"Ethyl 1-[(2'-(1H-tetrazol-5-yl)-[1,1'-biphenyl]-4-yl)methyl]-2-ethoxy-1H- benzo[d]imidazole-6-carboxylate",139481-58-6,,51715,,,,
Pharmaceutical Impurities,"Candesartan Cilexetil EP 1-[((Cyclohexyloxy)carbonyl)oxy)ethyl1-((2'-(1H-tetrazol-5-yl)-[1,1'-","1-[((Cyclohexyloxy)carbonyl)oxy)ethyl1-((2'-(1H-tetrazol-5-yl)-[1,1'- biphenyl]-4-yl)methyl]-2-hydroxy-1H-benzo[d]imidazole-6-carboxylate",869631-11-8,,51716,,,,
Pharmaceutical Impurities,Candesartan Cilexetil EP 1-[((Cyclohexyloxy)carbonyl)oxy)ethyl,"1-[((Cyclohexyloxy)carbonyl)oxy)ethyl 1-((2'-(1-ethyl-1H-tetrazol-5-yl)- [1,1'-biphenyl]-4-yl)methyl]-2-hydroxy-1H-benzo[d]imidazole-6-carboxylate",1185255-99-5,,51717,,,,
Pharmaceutical Impurities,"Candesartan Cilexetil EP 1-[((Cyclohexyloxy)carbonyl)oxy)ethyl1-((2'-(2-ethyl-2H-tetrazol-5-yl)-[1,1'","1-[((Cyclohexyloxy)carbonyl)oxy)ethyl1-((2'-(2-ethyl-2H-tetrazol-5-yl)-[1,1' -biphenyl]-4-yl)methyl]-2-hydroxy-1H-benzo[d]imidazole-6-carboxylate",1185256-03-4,,51718,,,,
Pharmaceutical Impurities,Candesartan Cilexetil EP 1-[((Cyclohexyloxy)carbonyl)oxy)ethyl,"1-[((Cyclohexyloxy)carbonyl)oxy)ethyl 2-ethoxy-1-((2'-(1-ethyl-1H-tetrazol- 5-yl)-[1,1'-biphenyl]-4-yl)methyl]-1H-benzo[d]imidazole-6-carboxylate",914613-35-7,,51719,,,,
Pharmaceutical Impurities,Candesartan Cilexetil EP 1-[((Cyclohexyloxy)carbonyl)oxy)ethyl,"1-[((Cyclohexyloxy)carbonyl)oxy)ethyl 2-ethoxy-1-((2'-(2-ethyl-2H-tetrazol- 5-yl)-[1,1'-biphenyl]-4-yl)methyl]-1H-benzo[d]imidazole-6-carboxylate",914613-36-8,,51720,,,,
Pharmaceutical Impurities,"Candesartan Cilexetil EP 1-((2'-(1H-Tetrazol-5-yl)-[1,1'-biphenyl]-4-yl)methyl)-2-ethoxy-1H-","1-((2'-(1H-Tetrazol-5-yl)-[1,1'-biphenyl]-4-yl)methyl)-2-ethoxy-1H- benzo[d]imidazole-6-carboxylic acid",139481-59-7,,51721,,,,
Pharmaceutical Impurities,Candesartan Cilexetil EP 1-[((Cyclohexyloxy)carbonyl)oxy)ethyl,"1-[((Cyclohexyloxy)carbonyl)oxy)ethyl 2-ethoxy-1-((2'-(1-trityl-1H-tetrazol- 5-yl)-[1,1'-biphenyl]-4-yl)methyl]-1H-benzo[d]imidazole-6-carboxylate",170791-09-0,,51722,,,,
Pharmaceutical Impurities,Candesartan Cilexetil EP Methyl,"Methyl 1-((2'-(1H-tetrazol-5-yl)-[1,1'-biphenyl]-4-yl)methyl)-2-ethoxy- 1H-benzo[d]imidazole-6-carboxylate",139481-69-9,,51723,,,,
Pharmaceutical Impurities,"Candesartan Desethyl 1-[(2'-(1H-Tetrazol-5-yl)-[1,1'-biphenyl]-4-yl)methyl]-2-hydroxy-","1-[(2'-(1H-Tetrazol-5-yl)-[1,1'-biphenyl]-4-yl)methyl]-2-hydroxy- 1H-benzo[d]imidazole-6-carboxylic acid",,,51724,,,,
Pharmaceutical Impurities,Candesartan Methyl Ester Methyl,"Methyl 1-[(2'-(1H-tetrazol-5-yl)-[1,1'-biphenyl]-4-yl)methyl]-2-hydroxy- 1H-benzo[d]imidazole-6-carboxylate",1203674-06-9,,51725,,,,
Pharmaceutical Impurities,Candesartan Ethyl Ester Ethyl,"Ethyl 1-[(2'-(1H-tetrazol-5-yl)-[1,1'-biphenyl]-4-yl)methyl]-2-hydroxy- 1H-benzo[d]imidazole-6-carboxylate",1225044-20-1,,51726,,,,
Pharmaceutical Impurities,Candesartan Methyl Benzimidazole Ethoxy Impurity,Methyl 2-ethoxy-1H-benzo[d] imidazole-7-carboxylate,150058-27-8,,51727,,,,
Pharmaceutical Impurities,Candesartan Methyl Benzimidazole Methoxy Impurity,Methyl 2-methoxy-1H-benzo[d]imidazole-7-carboxylate,1246817-06-0,,51728,,,,
Pharmaceutical Impurities,"Candesartan Bromo 5-[4'-(Bromomethyl)-[1,1'-biphenyl]-2-yl]-1-trityl-1H-tetrazole N1-Trityl Impurity","5-[4'-(Bromomethyl)-[1,1'-biphenyl]-2-yl]-1-trityl-1H-tetrazole",124750-51-2,,51729,,,,
Pharmaceutical Impurities,"Candesartan Hydroxy 5-[4'-(Hydroxymethyl)-[1,1'-biphenyl]-2-yl]-1-trityl-1H-tetrazole N1-Trityl Impurity API : Carbamazepine","5-[4'-(Hydroxymethyl)-[1,1'-biphenyl]-2-yl]-1-trityl-1H-tetrazole",,,51730,,,,
Pharmaceutical Impurities,"10,11-Dihydrocar- 10,11-dihydro-5H-dibenzo[b,f]azepine-5-carboxamide bamazepine","10,11-dihydro-5H-dibenzo[b,f]azepine-5-carboxamide",3564-73-6,,51745,,,,
Pharmaceutical Impurities,Carbamazepine Impurity D Iminostilbene API : Carbidopa,Iminostilbene,256-96-2,,51746,,,,
Pharmaceutical Impurities,Carbidopa EP Impurity D Methyl API : Carvediol,"Methyl (S)-2-(2-cyclohexylidenehydrazinyl)-3-(3,4-dihydroxyphenyl)-2- methylpropanoate",934371-48-9,,51755,,,,
Pharmaceutical Impurities,Carvediol EP Impurity A 1-(4-(2-Hydroxy-3-((2-(2-methoxyphenoxy)ethyl)amino)propoxy)-9H-,1-(4-(2-Hydroxy-3-((2-(2-methoxyphenoxy)ethyl)amino)propoxy)-9H- carbazol-9-yl)-3-((2-(2-methoxyphenoxy)ethyl)amino)propan-2-ol,1198090-73-1,,51765,,,,
Pharmaceutical Impurities,Carvediol EP Impurity B 1-((9H-Carbazol-3-yl)oxy)-3-((3-((9H-carbazol-4-yl)oxy)-2-hydroxypropyl),1-((9H-Carbazol-3-yl)oxy)-3-((3-((9H-carbazol-4-yl)oxy)-2-hydroxypropyl) (2-(2-methoxyphenoxy)ethyl)amino)propan-2-ol,918903-20-5,,51766,,,,
Pharmaceutical Impurities,Carvediol EP Impurity C 1-((9H-Carbazol-4-yl)oxy)-3-(benzyl(2-(2-methoxyphenoxy)ethyl)amino),1-((9H-Carbazol-4-yl)oxy)-3-(benzyl(2-(2-methoxyphenoxy)ethyl)amino) propan-2-ol,72955-94-3,,51767,,,,
Pharmaceutical Impurities,Carvediol EP Impurity D 4-(Oxiran-2-ylmethoxy)-9H-carbazole;,"4-(Oxiran-2-ylmethoxy)-9H-carbazole; 4-(2,3-Epoxypropoxy)carbazole",51997-51-4,,51768,,,,
Pharmaceutical Impurities,Carvediol EP Impurity E 2-(2-Methoxyphenoxy)ethanamine,2-(2-Methoxyphenoxy)ethanamine hydrochloride,64464-07-9,,51769,,,,
Pharmaceutical Impurities,Carvedilol R-isomer (R)-1-((9H-Carbazol-4-yl)oxy)-3-((2-(2-methoxyphenoxy)ethyl)amino),(R)-1-((9H-Carbazol-4-yl)oxy)-3-((2-(2-methoxyphenoxy)ethyl)amino) propan-2-ol,95093-99-5,,51770,,,,
Pharmaceutical Impurities,Carvedilol S-isomer (S)-1-((9H-Carbazol-4-yl)oxy)-3-((2-(2-methoxyphenoxy)ethyl)amino),(S)-1-((9H-Carbazol-4-yl)oxy)-3-((2-(2-methoxyphenoxy)ethyl)amino),95094-00-1,,51771,,,,
Pharmaceutical Impurities,Carvedilol Impurity 4-(Oxiran-2-ylmethoxy)-9-(oxiran-2-ylmethyl)-9H-carbazole,4-(Oxiran-2-ylmethoxy)-9-(oxiran-2-ylmethyl)-9H-carbazole,,,51772,,,,
Pharmaceutical Impurities,"Carvedilol Impurity 2,3-Dihydro-1H-carbazol-4(9H)-one;","2,3-Dihydro-1H-carbazol-4(9H)-one; 1,2,3,4-Tetrahydro-4-oxocarbazole",206647-27-0,,51773,,,,
Pharmaceutical Impurities,Carvedilol Dimer 1-((9H-Carbazol-3-yl)oxy)-3-((2-(2-(2-((3-((9H-carbazol-4-yl)oxy)-2- API : Cefepime,1-((9H-Carbazol-3-yl)oxy)-3-((2-(2-(2-((3-((9H-carbazol-4-yl)oxy)-2- hydroxypropyl) amino)ethoxy)phenoxy)ethyl)amino)propan-2-ol,1346602-98-9,,51774,,,,
Pharmaceutical Impurities,Cefepime Related (Z)-2-(2-Aminothiazol-4-yl)-2- API : Cefuroxime,"(Z)-2-(2-Aminothiazol-4-yl)-2- (methoxyimino) –N-(2 oxoethyl) acetamide [2,4-dintrophenyl hydrazone]; 2,4-DNP hydrazone derivative",,,51785,,,,
Pharmaceutical Impurities,"Cefuroxime Acid USP (6R,7R)-3-{[Aminocarbonyl)oxy]methyl}-7-{[(2Z)-2-(2-furyl)-2[4,2,0]oct-2-","(6R,7R)-3-{[Aminocarbonyl)oxy]methyl}-7-{[(2Z)-2-(2-furyl)-2[4,2,0]oct-2- (methoxyimino)acetyl]amino}-8-oxo-5-thia-1-azabicyclo-ene-2-carboxylic acid",,,51795,,,,
Pharmaceutical Impurities,"1-Cefuroxime (Z)-N-((5aR,6R)-1,7-Dioxo-1,3,4,5a,6,7-hexahydroazeto[2,1-b]furo[3,4-d] API : Celecoxib","(Z)-N-((5aR,6R)-1,7-Dioxo-1,3,4,5a,6,7-hexahydroazeto[2,1-b]furo[3,4-d] [1,3]thiazin-6-yl)-2-(furan-2-yl)-2-4(methoxyimino)acetamide propan-2-ol",,,51796,,,,
Pharmaceutical Impurities,4-Desmethyl-3-methyl 4-[5-(3-Methylphenyl)-3-trifluoromethyl-1H-pyrazol-1-yl],4-[5-(3-Methylphenyl)-3-trifluoromethyl-1H-pyrazol-1-yl] benzenesulfonamide,170570-01-1,,51805,,,,
Pharmaceutical Impurities,Celecoxib Impurity B 4-[3-(4-Methylphenyl)-5-(trifluoromethyl)-,4-[3-(4-Methylphenyl)-5-(trifluoromethyl)- 1H-pyrazol-1-yl] benzenesulfonamide,331943-04-5,,51806,,,,
Pharmaceutical Impurities,Celecoxib Impurity F 4-[N'-(1-p-tolylethylidene)-hydrazino]-benzenesulfonamide,4-[N'-(1-p-tolylethylidene)-hydrazino]-benzenesulfonamide,1061214-06-9,,51807,,,,
Pharmaceutical Impurities,Hydroxymethyl 4-{5-[4-(Hydroxymethyl)-phenyl]-3-(trifluoro-methyl)-1H-pyrazol-1yl},4-{5-[4-(Hydroxymethyl)-phenyl]-3-(trifluoro-methyl)-1H-pyrazol-1yl} benzenesulfonamide,170571-00-3,,51808,,,,
Pharmaceutical Impurities,"Celecoxib Impurity 4,4,4,-Trifluoro-1-(p-tolyl)-butane-1,3-dione;","4,4,4,-Trifluoro-1-(p-tolyl)-butane-1,3-dione; 1-(4-Methylphenyl)-4,4,4- trifluoro-butane-1,3-dione",720-94-5,,51809,,,,
Pharmaceutical Impurities,Celecoxib Impurity-E 4-Sulfonamidophenylhydrazine,4-Sulfonamidophenylhydrazine hydrochloride; 4-Hydrazinobenzene-1- sulfonamide hydrochloride,17852-52-7,,51810,,,,
Pharmaceutical Impurities,Celecoxib Impurity 5-p-Tolyl-3-trifluoromethyl-1H-pyrazole,5-p-Tolyl-3-trifluoromethyl-1H-pyrazole,948293-46-7,,51811,,,,
Pharmaceutical Impurities,Celecoxib Carboxylic 4-[1-[4-(Aminosulfonyl)phenyl]-3-(trifluoromethyl)-1H-pyrazol-5-yl],4-[1-[4-(Aminosulfonyl)phenyl]-3-(trifluoromethyl)-1H-pyrazol-5-yl] benzoic acid,170571-01-4,,51812,,,,
Pharmaceutical Impurities,4-Desmethyl-2-methyl 4-[5-(2-Methylphenyl)-3-trifluoromethyl-1H-pyrazol-1-yl] API : Cefalexin,4-[5-(2-Methylphenyl)-3-trifluoromethyl-1H-pyrazol-1-yl] benzenesulfonamide,170569-99-0,,51813,,,,
Pharmaceutical Impurities,Cefalexin EP Impurity A; (R)-2-amino-2-phenylacetic Ampicillin EP Impurity L,(R)-2-amino-2-phenylacetic acid; D-2-Phenylglycine,875-74-1,,51825,,,,
Pharmaceutical Impurities,Cefalexin Impurity B 7-Amino-3-methyl-8-oxo-5-thia-1-azabicyclo[4.2.0]oct-2-ene-2-carboxylic,7-Amino-3-methyl-8-oxo-5-thia-1-azabicyclo[4.2.0]oct-2-ene-2-carboxylic acid,22252-43-3,,51826,,,,
Pharmaceutical Impurities,"Cefalexin Impurity C (6R,7R)-7-((R)-2-((S)-2-Amino-2-phenylacetamido)-2-phenylacetamido)-","(6R,7R)-7-((R)-2-((S)-2-Amino-2-phenylacetamido)-2-phenylacetamido)- 3-methyl-8-oxo-5-thia-1-azabicyclo[4.2.0]oct-2-ene-2-carboxylic acid",72528-40-6,,51827,,,,
Pharmaceutical Impurities,"Cefalexin Impurity E (6R,7R)-3-Methyl-8-oxo-7-pivalamido-5-thia-1-azabicyclo[4.2.0]oct-2-","(6R,7R)-3-Methyl-8-oxo-7-pivalamido-5-thia-1-azabicyclo[4.2.0]oct-2- ene-2-carboxylic acid",146794-70-9,,51828,,,,
Pharmaceutical Impurities,"Cefalexin Impurity J (6R,7R)-7-((R)-2-Amino-2-phenylacetamido)-3-methyl-8-oxo-5-thia-1-","(6R,7R)-7-((R)-2-Amino-2-phenylacetamido)-3-methyl-8-oxo-5-thia-1- azabicyclo[4.2.0]oct-2-ene-2-carboxylic acid 5-oxide",,,51829,,,,
Pharmaceutical Impurities,"Cefalexin Impurity K (S)-2-((6R,7R)-7-((R)-2-amino-2-phenylacetamido)-3-methyl-8-oxo-5-","(S)-2-((6R,7R)-7-((R)-2-amino-2-phenylacetamido)-3-methyl-8-oxo-5- thia-1-azabicyclo[4.2.0]oct-2-ene-2-carboxamido)-2-phenylacetic acid",,,51830,,,,
Pharmaceutical Impurities,Cefalexin Impurity 7-((Ethoxycarbonyl)amino)-3-methyl-8-oxo-5-thia-1-azabicyclo API : Cetirizine,7-((Ethoxycarbonyl)amino)-3-methyl-8-oxo-5-thia-1-azabicyclo [4.2.0]oct-2-ene-2-carboxylic acid; N-Ethoxycarbonyl-7-ADCA,72820-16-7,,51831,,,,
Pharmaceutical Impurities,Cetirizine Impurity A (RS)-1-[(4-Chlorophenyl)phenylmethyl]piperazine,(RS)-1-[(4-Chlorophenyl)phenylmethyl]piperazine,303-26-4,,51845,,,,
Pharmaceutical Impurities,Cetirizine Impurity B 2-(4-((4-Chlorophenyl)(phenyl)methyl)piperazin-1-yl)acetic,2-(4-((4-Chlorophenyl)(phenyl)methyl)piperazin-1-yl)acetic acid,113740-61-7,,51846,,,,
Pharmaceutical Impurities,Cetirizine Impurity C 2-(2-(4-((2-Chlorophenyl)(phenyl)methyl)piperazin-1-yl)ethoxy)acetic,2-(2-(4-((2-Chlorophenyl)(phenyl)methyl)piperazin-1-yl)ethoxy)acetic acid,83881-59-8,,51847,,,,
Pharmaceutical Impurities,"Cetirizine Impurity D 1,4-Bis[(4-chlorophenyl)(phenyl)","1,4-Bis[(4-chlorophenyl)(phenyl) methyl]piperazine",346451-15-8,,51848,,,,
Pharmaceutical Impurities,Cetirizine Impurity E 2-(2-(2-(4-((4-Chlorophenyl)(phenyl)methyl)piperazin-1-yl)ethoxy)ethoxy),2-(2-(2-(4-((4-Chlorophenyl)(phenyl)methyl)piperazin-1-yl)ethoxy)ethoxy) acetic acid,682323-77-9,,51849,,,,
Pharmaceutical Impurities,Cetirizine Impurity F 2-(2-(4-Benzhydrylpiperazin-1-yl)ethoxy)acetic,2-(2-(4-Benzhydrylpiperazin-1-yl)ethoxy)acetic acid,83881-53-2,,51850,,,,
Pharmaceutical Impurities,Cetirizine Impurity G 2-(4-((4-Chlorophenyl)(phenyl)methyl)piperazin-1-yl)ethanol,2-(4-((4-Chlorophenyl)(phenyl)methyl)piperazin-1-yl)ethanol,109806-71-5,,51851,,,,
Pharmaceutical Impurities,Cetirizine Impurity H (4-Chlorophenyl)(phenyl)methanol;,(4-Chlorophenyl)(phenyl)methanol; 4-Chlorobenzhydrol,119-56-2,,51852,,,,
Pharmaceutical Impurities,Cetirizine Impurity (4-Chlorophenyl)(phenyl)methanone;,(4-Chlorophenyl)(phenyl)methanone; 4-Chlorobenzophenone,134-85-0,,51853,,,,
Pharmaceutical Impurities,Cetirizine N-Oxide 1-(2-(Carboxymethoxy)ethyl)-4-((4-chlorophenyl)(phenyl)methyl) API : Chlorpheniramine Maleate,1-(2-(Carboxymethoxy)ethyl)-4-((4-chlorophenyl)(phenyl)methyl) piperazine 1-oxide,1076199-80-8,,51854,,,,
Pharmaceutical Impurities,Chlorpheniramine 2-(4-Chlorophenyl)-4-(dimethyl,2-(4-Chlorophenyl)-4-(dimethyl amino)-2-[2-(dimethylamino)ethyl] butanenitrile,1246816-57-8,,51865,,,,
Pharmaceutical Impurities,Chlorpromazine Impurity 3-Chlorophenothiazine;,3-Chlorophenothiazine; 3-Chloro-10H-phenothiazine,1207-99-4,,51875,,,,
Pharmaceutical Impurities,Chlorpromazine EP 2-Chloro-10H-phenothiazine Impurity E API : Cilnidipine,2-Chloro-10H-phenothiazine,92-39-7,,51876,,,,
Pharmaceutical Impurities,Cilnidipine Impurity Triethyl API : Cinacalcet,"Triethyl aconitate; Triethyl (E)-prop-1-ene-1,2,3-tricarboxylate",68077-28-1,,51885,,,,
Pharmaceutical Impurities,Cinacalcet S-isomer (S)-N-[1-(1-Naphthyl)ethyl]-3-[3-(trifluoromethyl)phenyl]propan-1-amine,(S)-N-[1-(1-Naphthyl)ethyl]-3-[3-(trifluoromethyl)phenyl]propan-1-amine,,,51895,,,,
Pharmaceutical Impurities,Cinacalcet Impurity A (R)-1-(Naphthalen-1-yl)ethanamine,(R)-1-(Naphthalen-1-yl)ethanamine,3886-70-2,,51896,,,,
Pharmaceutical Impurities,Cinacalcet Impurity B (R)-N-Benzyl-1-(naphthalen-1-yl)ethanamine,(R)-N-Benzyl-1-(naphthalen-1-yl)ethanamine,66469-40-7,,51897,,,,
Pharmaceutical Impurities,"Cinacalcet Impurity C (R,","(R, E)-N-(1-(Naphthalen-1-yl)ethyl)-3-(3-(trifluoromethyl)phenyl)prop- 2-en-1-amine",955373-56-5,,51898,,,,
Pharmaceutical Impurities,Cinacalcet Impurity D (R)-N-(1-(Naphthalen-1-yl)ethyl)-3-(3-(trifluoromethyl)phenyl)-N-(3-(3-,(R)-N-(1-(Naphthalen-1-yl)ethyl)-3-(3-(trifluoromethyl)phenyl)-N-(3-(3- (trifluoromethyl)phenyl)propyl)propan-1-amine; N-[(3-Trifluoromethyl) phenyl)propyl] Cinacalcet,1271930-15-4,,51899,,,,
Pharmaceutical Impurities,Cinacalcet Impurity E (R)-N-(1-(Naphthalen-1-yl)ethyl)-3-(m-tolyl)propan-1-amine,(R)-N-(1-(Naphthalen-1-yl)ethyl)-3-(m-tolyl)propan-1-amine,253337-60-9,,51900,,,,
Pharmaceutical Impurities,Cinacalcet N-oxide (R)-N-(1-(Naphthalen-1-yl)ethyl)-3-(3-(trifluoromethyl)phenyl)propan-,(R)-N-(1-(Naphthalen-1-yl)ethyl)-3-(3-(trifluoromethyl)phenyl)propan- 1-amine oxide,1229224-94-5,,51901,,,,
Pharmaceutical Impurities,Cinacalcet Regio Impurity N-(1-(Naphthalen-2-yl)ethyl)-3-(3-(trifluoromethyl)phenyl)propan-1-amine,N-(1-(Naphthalen-2-yl)ethyl)-3-(3-(trifluoromethyl)phenyl)propan-1-amine,,,51902,,,,
Pharmaceutical Impurities,Cinacalcet Impurity 1 4-[3-(Trifluoromethyl)phenyl]butanoic,4-[3-(Trifluoromethyl)phenyl]butanoic acid,,,51903,,,,
Pharmaceutical Impurities,Cinacalcet Impurity 2 1-(Naphthalen-2-yl)ethanamine,1-(Naphthalen-2-yl)ethanamine,1201-74-7,,51904,,,,
Pharmaceutical Impurities,Cinacalcet Impurity (S)-1-(Naphthalen-1-yl)ethanamine,(S)-1-(Naphthalen-1-yl)ethanamine,10420-89-0,,51905,,,,
Pharmaceutical Impurities,Cinacalcet Impurity 3 4-[4-(Trifluoromethyl)phenyl]butanoic,4-[4-(Trifluoromethyl)phenyl]butanoic acid,,,51906,,,,
Pharmaceutical Impurities,Cinacalcet Impurity 4 4-[2-(Trifluoromethyl)phenyl]butanoic,4-[2-(Trifluoromethyl)phenyl]butanoic acid,,,51907,,,,
Pharmaceutical Impurities,Cinacalcet Impurity 5 4-(m-Tolyl)butanoic,4-(m-Tolyl)butanoic acid,22156-45-2,,51908,,,,
Pharmaceutical Impurities,Cinacalcet Impurity 6 4-Phenylbutanoic,4-Phenylbutanoic acid,1821-12-1,,51909,,,,
Pharmaceutical Impurities,Cinacalcet Impurity 7 (R)-N-(1-(naphthalen-1-yl)ethyl)-3-(3-(trifluoromethyl)phenyl)propanamide,(R)-N-(1-(naphthalen-1-yl)ethyl)-3-(3-(trifluoromethyl)phenyl)propanamide,,,51910,,,,
Pharmaceutical Impurities,Cinacalcet Impurity 8 (R)-N-(1-(naphthalen-1-yl)ethyl)-3-(4-(trifluoromethyl)phenyl)propanamide,(R)-N-(1-(naphthalen-1-yl)ethyl)-3-(4-(trifluoromethyl)phenyl)propanamide,,,51911,,,,
Pharmaceutical Impurities,Cinacalcet Impurity 9 (R)-N-(1-(naphthalen-1-yl)ethyl)-3-(2-(trifluoromethyl)phenyl)propanamide,(R)-N-(1-(naphthalen-1-yl)ethyl)-3-(2-(trifluoromethyl)phenyl)propanamide,,,51912,,,,
Pharmaceutical Impurities,Cinacalcet Impurity 10 (R)-N-(1-(naphthalen-1-yl)ethyl)-3-phenylpropanamide,(R)-N-(1-(naphthalen-1-yl)ethyl)-3-phenylpropanamide,,,51913,,,,
Pharmaceutical Impurities,Cinacalcet Impurity 11 (R)-N-(1-(naphthalen-1-yl)ethyl)-3-(m-tolyl)propanamide,(R)-N-(1-(naphthalen-1-yl)ethyl)-3-(m-tolyl)propanamide,,,51914,,,,
Pharmaceutical Impurities,Cinacalcet Impurity 12 (R)-N-(1-(naphthalen-1-yl)ethyl)-3-(4-(trifluoromethyl)phenyl)propan-1-amine,(R)-N-(1-(naphthalen-1-yl)ethyl)-3-(4-(trifluoromethyl)phenyl)propan-1-amine,,,51915,,,,
Pharmaceutical Impurities,Cinacalcet Impurity 13 (R)-N-(1-(naphthalen-1-yl)ethyl)-3-(2-(trifluoromethyl)phenyl)propan-1-amine,(R)-N-(1-(naphthalen-1-yl)ethyl)-3-(2-(trifluoromethyl)phenyl)propan-1-amine,,,51916,,,,
Pharmaceutical Impurities,Cinacalcet Impurity 14 (R)-N-(1-(naphthalen-1-yl)ethyl)-3-phenylpropan-1-amine API : Cioquinol,(R)-N-(1-(naphthalen-1-yl)ethyl)-3-phenylpropan-1-amine,,,51917,,,,
Pharmaceutical Impurities,Cioquinol Impurity A 5-Chloro-8-hydroxyquinoline;,5-Chloro-8-hydroxyquinoline; 5-Chlorooxine,130-16-5,,51928,,,,
Pharmaceutical Impurities,"Cioquinol Impurity B 5, API : Citalopram","5, 7-Dichloro-8-hydroxyquinoline; 5,7-Dichloro-8-oxine",773-76-2,,51929,,,,
Pharmaceutical Impurities,Citalopram Impurity A 1-[3-(Dimethylamino)propyl]-1-(4-fluorophenyl)-,"1-[3-(Dimethylamino)propyl]-1-(4-fluorophenyl)- 1,3-dihydro-2- benzofuran-5-carboxamide",64372-56-1,,51940,,,,
Pharmaceutical Impurities,"3-Hydroxy Citalopram 3-[3-(Dimethyamino)propyl]-1-(4-fluoro-phenyl)-3-hydroxy-1,3-","3-[3-(Dimethyamino)propyl]-1-(4-fluoro-phenyl)-3-hydroxy-1,3- dihydroisobenzofuran- 5-carbonitrile",411221-53-9,,51941,,,,
Pharmaceutical Impurities,3-Oxo Citalopram,"1-[3-(Dimethylamino)propyl]-1-(4-fluorophenyl)-1,3-dihydro-3-oxo-5- isobenzofurancarbonitrile",372941-54-3,,51942,,,,
Pharmaceutical Impurities,Citalopram Impurity D API : Clarithromycin,"1-[3-(Dimethylamino)propyl]-1-(4-fluorophenyl)- 1,3-dihydro-2- benzofuran-5-carbonitrile",144025-14-9,,51943,,,,
Pharmaceutical Impurities,Clarithromycin EP Impurity A;,2-Demethyl-2-(hydroxymethyl)-6-O-methylerythromycin A; 13-Deethyl-13-methyl-6-O-methylerythromycin,124412-58-4,,51955,,,,
Pharmaceutical Impurities,Clarithromycin EP Impurity B; Clarithromycin Impurity B (USP),6-O-Methyl-15-norerythromycin A,299409-85-1,,51956,,,,
Pharmaceutical Impurities,Clarithromycin EP Impurity C; Clarithromycin Impurity C (USP),6-O-Methylerythromycin A (E)-9-oxime; Clarithromycin 9-Oxime,103450-87-9,,51957,,,,
Pharmaceutical Impurities,Clarithromycin EP Impurity D;,3”-N-Demethyl-6-O-methylerythromycin A; N-Desmethyl Clarithromycin,101666-68-6,,51958,,,,
Pharmaceutical Impurities,Clarithromycin EP Impurity E; Clarithromycin USP RC A,"6,11-Di-O-methylerythromycin A",81103-14-2,,51959,,,,
Pharmaceutical Impurities,Clarithromycin EP Impurity F; Clarithromycin Impurity F (USP),"6,12-Di-O-methylerythromycin A; 12-O-Methyl Clarithromycin",128940-83-0,,51960,,,,
Pharmaceutical Impurities,Clarithromycin EP Impurity G;,6-O-Methylerythromycin A (E)-9-(O-methyloxime); Clarithromycin (9E)-O-Methyloxime,127182-44-9,,51961,,,,
Pharmaceutical Impurities,Clarithromycin EP Impurity H;,3”-N-Demethyl-3’-N-formyl-6-O- methylerythromycin A; N-Demethyl-N-formyl Clarithromycin,127140-69-6,,51962,,,,
Pharmaceutical Impurities,Clarithromycin EP Impurity I,3-O-Decladinosyl-6-O-methylerythromycin A; Des(cladinosyl) Clarithromycin,118058-74-5,,51963,,,,
Pharmaceutical Impurities,Clarithromycin EP Impurity J;,Erythromycin A (E)-9-oxime; Roxithromycin EP Impurity C; Erythromycin A Oxime,13127-18-9,,51964,,,,
Pharmaceutical Impurities,Clarithromycin EP Impurity K;,"3-O-De(cladinosyl)-8,9,10,11-tetradehydro-9-deoxo-11,12- dideoxy-9,12-epoxy Clarithromycin",127157-35-1,,51965,,,,
Pharmaceutical Impurities,Clarithromycin EP Impurity L; Clarithromycin Impurity L (USP),6-O-Methylerythromycin A (Z)-9-oxime,127253-05-8,,51966,,,,
Pharmaceutical Impurities,Clarithromycin EP Impurity M; Clarithromycin Impurity M (USP),3”-N-Demethyl-6-O-methylerythromycin A (E)-9-oxime,127182-43-8,,51967,,,,
Pharmaceutical Impurities,Clarithromycin EP Impurity N;,"(10E)-10,11-Didehydro-11-deoxy-6-O-methylerythromycin A; 10,11-Anhydro Clarithromycin",144604-03-5,,51968,,,,
Pharmaceutical Impurities,Clarithromycin EP Impurity O;,6-O-Methylerythromycin A (Z)-9-(O-methyloxime); Clarithromycin (9Z)-O-Methyloxime,127252-80-6,,51969,,,,
Pharmaceutical Impurities,Clarithromycin EP Impurity P; Clarithromycin Impurity P (USP),"4’,6-Di-O-methylerythromycin A",123967-58-8,,51970,,,,
Pharmaceutical Impurities,Clarithromycin EP Impurity Q; Clarithromycin Impurity Q (USP),6-O-Methyl Erythromycin N-Oxide; Clarithromycin N-Oxide,118074-07-0,,51971,,,,
Pharmaceutical Impurities,Clarithromycin EP Impurity R; API : Clevidipine,N-Desmethyl 6-O-Desmethyl Clarithromycin; N-Desmethyl Erythromycin A,992-62-1,,51972,,,,
Pharmaceutical Impurities,Clevidipine Diacid,"4-(2,3-Dichlorophenyl)-2,6-dimethyl-1,4-dihydropyridine- 3,5-dicarboxylic acid",138279-32-0,,51985,,,,
Pharmaceutical Impurities,Clevidipine Monoacid,"4-(2,3-Dichlorophenyl)-5-(methoxycarbonyl)-2,6-dimethyl- 1,4-dihydropyridine-3-carboxylic acid",123853-39-4,,51986,,,,
Pharmaceutical Impurities,Clevidipine Impurity B,"Dimethyl 4-(2,3-dichlorophenyl)-2,6-dimethyl-1,4-dihydropyridine- 3,5-dicarboxylate; Clevidipine Dimethyl Ester Impurity",91189-59-2,,51987,,,,
Pharmaceutical Impurities,Clevidipine Pyridine,"3-(Butyryloxy)methyl) 5-methyl 4-(2,3 -dichlorophenyl )-2,6- dimethylpyridine-3,5-dicarboxylate",188649-48-1,,51988,,,,
Pharmaceutical Impurities,Clevidipine Impurity F,"Bis((butyryloxy)methyl)4-(2,3-dichlorophenyl)-2,6-dimethyl-1,4- dihydropyridine-3,5-dicarboxylate; Clevidipine Dibutyryl Impurity",253597-19-2,,51989,,,,
Pharmaceutical Impurities,Clevidipine Butylate API : Clindamycin,"4-(2,3-Dichlorophenyl)-1,4-dihydro-2,6-dimethyl-3,5- pyridinedicarboxylic Acid 3-Methyl 5-[(1-Oxobutoxy)methyl] Ester",167221-71-8,,51990,,,,
Pharmaceutical Impurities,Clindamycin Phosphate API : Clopidogrel,"(2R,3R,4S,5R,6R)-6-((1S,2S)-2-chloro-1-((2S,4R)-1-methyl-4- propylpyrrolidine-2-carboxamido)propyl)-4,5-dihydroxy-2- (methylthio)tetrahydro-2H-pyran-3-yl dihydrogen Phosphate",24729-96-2,,52000,,,,
Pharmaceutical Impurities,Clopidogrel Impurity A,"(S)-2-(2-chlorophenyl)-2-(6,7-dihydrothieno[3,2-c]pyridin-5(4H)-yl)",144750-42-5,,52010,,,,
Pharmaceutical Impurities,Clopidogrel Impurity B,"Methyl (S)-2-(2-chlorophenyl)-2-(6,7-dihydrothieno [3,2-c]pyridin-5(4H)-yl)acetate",144750-52-7,,52011,,,,
Pharmaceutical Impurities,Clopidogrel Impurity C,"Methyl (-)-(R)-2-(2-chlorophenyl)-2-(6,7-dihydrothieno [3,2-c]pyridin-5(4H)-yl)acetate",120202-71-3,,52012,,,,
Pharmaceutical Impurities,Clopidogrel Ethyl Ester Impurity,"(S)-Ethyl 2-(2-chlorophenyl)-2-(6,7-dihydrothieno [3,2-c]pyridin-5(4H)-yl)acetate",,,52013,,,,
Pharmaceutical Impurities,Clopidogrel Amide Impurity,"(S)-2-(2-Chlorophenyl)-2-(6,7-dihydrothieno[3,2-c]pyridin-5 (4H)-yl)acetamide",,,52014,,,,
Pharmaceutical Impurities,Clopidogrel Iminium Impurity,"(S)-5-(1-(2-Chlorophenyl)-2-methoxy-2-oxoethyl)-6,7- dihydrothieno[3,2-c]pyridin-5-ium bromide",1396607-49-0,,52015,,,,
Pharmaceutical Impurities,Clopidogrel Cyano Impurity,"2-(2-Chlorophenyl)-2-(6, 7-dihydrothieno[3, 2-c] pyridin-5(4H)-yl)acetonitrile",444728-11-4,,52016,,,,
Pharmaceutical Impurities,Clopidogrel Hydroxy Impurity,2-(2-Chlorophenyl)-2-hydroxyacetic acid,10421-85-9,,52017,,,,
Pharmaceutical Impurities,Clopidogrel Hydroxy Methyl Impurity API : Clotrimazole,Impurity Methyl 2-(2-chlorophenyl)-2-hydroxyacetate,156276-21-0,,52018,,,,
Pharmaceutical Impurities,Clotrimazole Related Compound,A (2-Chlorophenyl)diphenyl methanol,66774-02-5,,52030,,,,
Pharmaceutical Impurities,Clotrimazole Related Compound,D Imidazole,288-32-4,,52031,,,,
Pharmaceutical Impurities,Clotrimazole Related Compound API : Colchicine,E 2-Chlorobenzophenone,5162-03-8,,52032,,,,
Pharmaceutical Impurities,Colchicine Impurity A API : Crospovidone,"[N-deactyl-N-formyl derivative; N-[(7S)-5,6,7,9-Tetrahydro- 1,2,3,10-tetramethoxy-9-oxobenzo[a]heptalen-7-yl]formamide",7411-12-3,,52040,,,,
Pharmaceutical Impurities,Crospovidone Impurity A API : Cycloserine,1-Ethenyl-2-pyrrolidinone,88-12-0,,52050,,,,
Pharmaceutical Impurities,Cycloserine diketopiperazine,"3,6-Bis[(aminooxy)methyl]piperazine-2,5-dione",1204-99-5,,52060,,,,
Pharmaceutical Impurities,Cycloserine Impurity 1,(D)-2-Amino-3-hydroxypropanoic acid; D-Serine,312-84-5,,52061,,,,
Pharmaceutical Impurities,Cycloserine Impurity 2,(D)-2-Amino-3-hydroxypropanoic acid methyl ester hydrochloride; D-Serine methyl ester hydochloride,5874-57-7,,52062,,,,
Pharmaceutical Impurities,Cycloserine Impurity 3,(D)-2-Amino-3-chloropropanoic acid methyl ester hydrochloride; 3-Chloro-D-alanine methyl ester hydochloride,112346-82-4,,52063,,,,
Pharmaceutical Impurities,Cycloserine Impurity 4,(L)-4-Aminoisoxazolidin-3-one; L-Cycloserine,339-72-0,,52064,,,,
Pharmaceutical Impurities,Cycloserine Impurity,(L)-2-Amino-3-hydroxypropanoic acid; L-Serine,56-45-1,,52065,,,,
Pharmaceutical Impurities,Cycloserine Impurity (L)-2-Amino-3-hydroxypropanoic,(L)-2-Amino-3-hydroxypropanoic acid methyl ester hydrochloride; L-Serine methyl ester hydochloride,5680-80-8,,52066,,,,
Pharmaceutical Impurities,Cycloserine Impurity (L)-2-Amino-3-chloropropanoic API : Cyproheptadine,(L)-2-Amino-3-chloropropanoic acid methyl ester hydrochloride; 3-Chloro-L-alanine methyl ester hydochloride,17136-54-8,,52067,,,,
Pharmaceutical Impurities,"Cyproheptadine 5-(1-Methylpiperidin-4-yl)-5H-dibenzo[a,d][7]annulen-5-ol hydrochloride-Impurity C API : Dapagliflozin","5-(1-Methylpiperidin-4-yl)-5H-dibenzo[a,d][7]annulen-5-ol",3967-32-6,,52080,,,,
Pharmaceutical Impurities,"Dapagliflozin 2S,3R,4R,5S,6R)-2-(4-chloro-3-(4-(ethoxybenzyl)phenyl)-","2S,3R,4R,5S,6R)-2-(4-chloro-3-(4-(ethoxybenzyl)phenyl)- 6-(hydroxymethyl)tetrahydro-2H-pyran-3,4,5-triol compound with (S)-propane-1,2-diol hydrate",960404-48-2,,52090,,,,
Pharmaceutical Impurities,Dapagliflozin Impurity Ethyl-L-(-)-camphorsulfonate,Ethyl-L-(-)-camphorsulfonate,,,52091,,,,
Pharmaceutical Impurities,Dapagliflozin Impurity Methyl-L-(-)-camphorsulfonate API : Dapsone,Methyl-L-(-)-camphorsulfonate,62319-13-5,,52092,,,,
Pharmaceutical Impurities,Dapsone Impurity 4-(4'-Nitrophenylsulfinyl)aniline,4-(4'-Nitrophenylsulfinyl)aniline,5461-23-4,,52105,,,,
Pharmaceutical Impurities,Dapsone Impurity 4-(4'-Nitrophenylsulfonyl)aniline API : Daptomycin,4-(4'-Nitrophenylsulfonyl)aniline,1948-92-1,,52106,,,,
Pharmaceutical Impurities,"Daptomycin Working 2,2`-((3S,6S,9R,15S,18R,21S,24S,30S,31R)-30-((S)-2-((R)-4-amino-2-((S)- API : Dasatinib","2,2`-((3S,6S,9R,15S,18R,21S,24S,30S,31R)-30-((S)-2-((R)-4-amino-2-((S)- 2-decanamido-3-(1H-indol-3-yl)propanamido)-4-oxobutanamido)- 3-carboxypropanamido)-3-(2-(2-aminophenyl)-2-oxoethyl)-24-(3- aminopropyl)-6-((R)-1-carboxypropan-2-yl)-9-(hydroxymethyl)-18,31- dimethyl-2,5,8,11,14,17,20,23,26,29-decaoxo-1-oxa-4,7,10,13,16,19,22,25, 28-nonaazacyclohentriacontane-15,21-diyl)diacetic acid",103060-53-3,,52115,,,,
Pharmaceutical Impurities,Dasatinib Impurity 2-Amino-N-(2-Chloro-6-methylphenyl)thiazole-5-carboxamide,2-Amino-N-(2-Chloro-6-methylphenyl)thiazole-5-carboxamide,302964-24-5,,52125,,,,
Pharmaceutical Impurities,"Dasatinib Impurity 4,6-Dichloro-2-methyl-pyrimidine API : Dexamethasone","4,6-Dichloro-2-methyl-pyrimidine",1780-26-3,,52126,,,,
Pharmaceutical Impurities,"Dexamethasone 9-Fluoro-11b,17,21-trihydroxy-16a-methylpregna-1,4-diene-3,20-dione; Dexamethasone Acetate EP Impurity A;","9-Fluoro-11b,17,21-trihydroxy-16a-methylpregna-1,4-diene-3,20-dione; Dexamethasone Isonicotinate EP Impurity A",50-02-2,,52135,,,,
Pharmaceutical Impurities,"Dexamethasone EP 14-Fluoro-11b,17,21-trihydroxy-16a-methylpregna-1,4-diene-3,20-dione Impurity A","14-Fluoro-11b,17,21-trihydroxy-16a-methylpregna-1,4-diene-3,20-dione",,,52136,,,,
Pharmaceutical Impurities,"Dexamethasone EP 9-Fluoro-11b,17,21-trihydroxy-16a-methylpregn-4-ene-3,20-dione;","9-Fluoro-11b,17,21-trihydroxy-16a-methylpregn-4-ene-3,20-dione; 1,2-Dihydro Dexamethasone",426-17-5,,52137,,,,
Pharmaceutical Impurities,"Dexamethasone EP 9b,11b-Epoxy-17,21-dihydroxy-16a-methylpregna-1,4-diene-3,20-dione;","9b,11b-Epoxy-17,21-dihydroxy-16a-methylpregna-1,4-diene-3,20-dione; Mometasone Impurity L; Dexamethasone 9,11-Epoxide",24916-90-3,,52138,,,,
Pharmaceutical Impurities,"Dexamethasone EP (16a)-17,21-Dihydroxy-16-methylpregna-1,4,9(11)-triene-3,20-dione;","(16a)-17,21-Dihydroxy-16-methylpregna-1,4,9(11)-triene-3,20-dione; 16a-Methyl-9,11-dehydro Prednisolone",13209-41-1,,52139,,,,
Pharmaceutical Impurities,"Dexamethasone EP 9-Fluoro-11b,21-dihydroxy-16a-methylpregna-1,4-diene-3,20-dione;","9-Fluoro-11b,21-dihydroxy-16a-methylpregna-1,4-diene-3,20-dione; 17-Deoxydexamethasone; 9-Fluoro-16a-methyl-1-corticosterone",382-67-2,,52140,,,,
Pharmaceutical Impurities,"Dexamethasone 17,21-Dihydroxy-16a-methylpregna-1,4,9(11)-triene-3,20-dione Dexamethasone EP Impurity H","17,21-Dihydroxy-16a-methylpregna-1,4,9(11)-triene-3,20-dione 21- Acetate; Pregnatriene Acetate",10106-41-9,,52141,,,,
Pharmaceutical Impurities,"Dexamethasone EP 9,11b-Epoxy-17,21-dihydroxy-16a-methylpregna-1,4-diene-3,20-dione Impurity I","9,11b-Epoxy-17,21-dihydroxy-16a-methylpregna-1,4-diene-3,20-dione",14622-47-0,,52142,,,,
Pharmaceutical Impurities,"Dexamethasone (16a)-17,21-Dihydroxy-16-methylpregna-1,4-diene-3,11,20-trione;","(16a)-17,21-Dihydroxy-16-methylpregna-1,4-diene-3,11,20-trione; 16a-Methyl-11-oxo Prednisolone",2036-77-3,,52143,,,,
Pharmaceutical Impurities,Dexamethasone,"(11b,16a)-9-Fluoro-11-hydroxy-16-methyl-17,21-bis(1-oxopropoxy)- pregna-1,4-diene-3,20-dione; Dexamethasone 17,21-Dipropionate; Methaderm",55541-30-5,,52144,,,,
Pharmaceutical Impurities,6-Hydroxy-dexamethasone,"(6b11b,16a)-9-Fluoro-6,11,17,21-tetrahydroxy-16-methylpregna- 1,4-diene-3,20-dione",55879-47-5,,52145,,,,
Pharmaceutical Impurities,Dexamethasone 21-Propionate,"(11b,16a)-9-Fluoro-11,17-dihydroxy-16-methyl-21-(1-oxopropoxy)- pregna-1,4-diene-3,20-dione; 9-Fluoro-11b,17,21-trihydroxy-16a- methyl-pregna-1,4-diene-3,20-dione 21-Propionate",3793-10-0,,52146,,,,
Pharmaceutical Impurities,Dexamethasone 17-Propionate,"(11b,16a)-9-Fluoro-11,21-dihydroxy-16-methyl-17-(1-oxopropoxy)- pregna-1,4-diene-3,20-dione; 9-Fluoro-11b,17,21-trihydroxy-16a- methyl-pregna-1,4-diene-3,20-dione 17-Propionate",15423-89-9,,52147,,,,
Pharmaceutical Impurities,17-Oxo Dexamethasone,"9-Fluoro-11-hydroxy-16-methyl-(11b,16a) Androsta-1,4-diene-3,17-dione; 9-Fluoro-11b-hydroxy-16a-methyl Androsta-1,4-diene-3,17-dione",1880-61-1,,52148,,,,
Pharmaceutical Impurities,Dexamethasone,"14-Fluoro-11b,17-dihydroxy-16a-methyl-3,20-dioxopregna-1,4-dien- 21-yl acetate",,,52149,,,,
Pharmaceutical Impurities,Dexamethasone,"9-Fluoro-11b,17b-dihydroxy-16a-methyl-3,20-dioxopregna-1,4-dien- 21-yl acetate",,,52150,,,,
Pharmaceutical Impurities,Dexamethasone,"9-Fluoro-11b,17-dihydroxy-16a-methyl-3,20-dioxopregn-4-en-21-yl acetate",1524-94-3,,52151,,,,
Pharmaceutical Impurities,Dexamethasone,"(9b,11b,16a)-21-(Acetyloxy)-9,11-epoxy-17-hydroxy-16-methyl-pregna- 1,4-diene-3,20-dione",2884-51-7,,52152,,,,
Pharmaceutical Impurities,Dexamethasone API : Dexmedetomidine,"9-Fluoro-11b-hydroxy-16a-methyl-3,20-dioxopregna-1,4-dien-21-yl acetate Desoxymetasone 21-Acetate",1597-78-0,,52153,,,,
Pharmaceutical Impurities,Dexmedetomidine Hydrochloride,"4-[(S)-a,2,3-Trimethylbenzyl]imidazole monohydrochloride",145108-58-3,,52165,,,,
Pharmaceutical Impurities,Dexmedetomidine Impurity,"1-(2,3-Dimethylphenyl)-1-(1H-imidazol-5-yl)ethanol; Medetomidine Hydroxy Impurity",86347-12-8,,52166,,,,
Pharmaceutical Impurities,Dexmedetomidine EP Impurity API : Dextromethorphan,"A (2,3-Dimethylphenyl)(1H-imidazol-5-yl)methanol",78892-33-8,,52167,,,,
Pharmaceutical Impurities,Dextromethorphan Impurity A,A ent-3-Methoxymorphinan,1531-25-5,,52178,,,,
Pharmaceutical Impurities,Dextromethorphan Impurity B,B ent-17-Methylmorphinan 3-ol,1021868-94-9,,52179,,,,
Pharmaceutical Impurities,Dextromethorphan Impurity C,C ent-3-Methoxy-17-methylmorphinan-10-one,57969-05-8,,52180,,,,
Pharmaceutical Impurities,Dextromethorphan N-oxide API : Diazepam,"(9S,13S,14S)-3-Methoxy-17-methylmorphinan 17-oxide hydrochloride",210690-24-7,,52181,,,,
Pharmaceutical Impurities,Desmethyldiazapam,"7-Chloro-5-phenyl-1,3-dihydro-2H-1,4-Benzo-diazepin-2-one; Nordazepam",1088-11-5,,52192,,,,
Pharmaceutical Impurities,Diazepam Impurity B,2-Chloro-N-(4-chloro-benzoylphenyl)-N-methylacetamide,6021-21-2,,52193,,,,
Pharmaceutical Impurities,Diazepam Related Compound,B 3-Amino-6-chloro-1-methyl-4-phenyl- quinolin-2(1H)-one,5220-02-0,,52194,,,,
Pharmaceutical Impurities,Diazepam Related Compound Diazepam Impurity D(EP),A; 5-Chloro-2-(methylamino)benzophenone,1022-13-5,,52195,,,,
Pharmaceutical Impurities,Diazepam Impurity E,6-Chloro-1-methyl-4-phenylquinazolin-2(1H)-one,20927-53-1,,52196,,,,
Pharmaceutical Impurities,Diazepam Impurity F(BP) API : Diclofenac,"7-Chloro-2-methoxy-5-phenyl-3H-1,4-benzodiazepine",31269-33-7,,52197,,,,
Pharmaceutical Impurities,Diclofenac Impurity A,"1-(2, 6-Dichlorophenyl)-1, 3-dihydro-2H-indol-2-one; Dichlofenac Amide",15362-40-0,,52208,,,,
Pharmaceutical Impurities,Diclofenac Ethyl Ester,"Ethyl{2-[(2,6-dichloro phenyl)amino]phenyl} acetate",15307-77-4,,52209,,,,
Pharmaceutical Impurities,"Diclofenac Impurity E(EP) 1,3-Dihydro-2H-indol-2-one","1,3-Dihydro-2H-indol-2-one 2-Oxindole",59-48-3,,52210,,,,
Pharmaceutical Impurities,"Diclofenac Isopropyl Ester Propan-2-yl{2-[(2,6-dichloro","Propan-2-yl{2-[(2,6-dichloro phenyl)-amino]phenyl} acetate",66370-79-4,,52211,,,,
Pharmaceutical Impurities,Diclofenac Methyl Ester Methyl,"Methyl {2-[(2,6-dichloro-phenyl) amino]-phenyl} acetate",15307-78-5,,52212,,,,
Pharmaceutical Impurities,Diclofenac Impurity Diethyl,"Diethyl benzene-1,2-dicarboxylate",84-66-2,,52213,,,,
Pharmaceutical Impurities,"Diclofenac Impurity 2,6-Dichloroaniline","2,6-Dichloroaniline",608-31-1,,52214,,,,
Pharmaceutical Impurities,"Diclofenac EP imp F N-(4-chlorophenyl)-2-(2,6-dichlorophenyl)acetamide API : Diltiazem","N-(4-chlorophenyl)-2-(2,6-dichlorophenyl)acetamide",560075-65-2,,52215,,,,
Pharmaceutical Impurities,"Diltiazem Hydrochloride (2S,3S)-5-[2-(Dimethylamino)ethyl]-2-(4-methoxyphenyl)-4-oxo-2,3,4,5-","(2S,3S)-5-[2-(Dimethylamino)ethyl]-2-(4-methoxyphenyl)-4-oxo-2,3,4,5- tetrahydro-1,5-benzothiazepin-3-yl acetate hydrochloride; (2S,cis)-3- (Acetyloxy)-5-[(2-dimethylamino)ethyl]-2,3-dihydro-2-(4-methoxyphenyl)- 1,5-benzothiazepin-4(5H)-one Hydrochloride",33286-22-5,,52226,,,,
Pharmaceutical Impurities,"Diltiazem USP RC A; (2R,3S)-5-[2-(Dimethylamino)ethyl]-2-(4-methoxyphenyl)-4-oxo-2,3,4,5-","(2R,3S)-5-[2-(Dimethylamino)ethyl]-2-(4-methoxyphenyl)-4-oxo-2,3,4,5-",103532-27-0,,52227,,,,
Pharmaceutical Impurities,"Diltiazem EP Impurity B (2S,3S)-2-(4-Methoxyphenyl)-4-oxo-2,3,4,5-tetrahydro-1,5-","(2S,3S)-2-(4-Methoxyphenyl)-4-oxo-2,3,4,5-tetrahydro-1,5- benzothiazepin-3-yl acetate; Des[5-(2-dimethylamino)ethyl] Diltiazem",87447-47-0,,52228,,,,
Pharmaceutical Impurities,"Diltiazem EP Impurity C (2S,3S)-5-[2-(Dimethylamino)ethyl]-2-(4-hydroxyphenyl)-4-oxo-2,3,4,5-","(2S,3S)-5-[2-(Dimethylamino)ethyl]-2-(4-hydroxyphenyl)-4-oxo-2,3,4,5- tetrahydro-1,5-benzothiazepin-3-yl acetate Hcl; O-Desmethyl Diltiazem HCl",142926-07-6,,52229,,,,
Pharmaceutical Impurities,"Diltiazem EP Impurity D (2S,3S)-5-[2-(Methylamino)ethyl]-2-(4-methoxyphenyl)-4-oxo-2,3,4,5-","(2S,3S)-5-[2-(Methylamino)ethyl]-2-(4-methoxyphenyl)-4-oxo-2,3,4,5- tetrahydro-1,5-benzothiazepin-3-yl acetate Hcl; N-Desmethyl Diltiazem Hydrochloride",130606-60-9,,52230,,,,
Pharmaceutical Impurities,"Diltiazem EP Impurity E (2S,3S)-3-Hydroxy-2-(4-methoxyphenyl)-2,3-dihydro-","(2S,3S)-3-Hydroxy-2-(4-methoxyphenyl)-2,3-dihydro- 1,5-benzothiazepin-4(5H)-one",42399-49-5,,52231,,,,
Pharmaceutical Impurities,"Diltiazem EP Impurity E (2S,3S)-5-[2-(Dimethylamino)ethyl]-2-(4-methoxyphenyl)-4-oxo-2,3,4,5-","(2S,3S)-5-[2-(Dimethylamino)ethyl]-2-(4-methoxyphenyl)-4-oxo-2,3,4,5-",42399-40-6(Base);,,52232,,,,
Pharmaceutical Impurities,"Diltiazem USP Related (2S,3S)-5-[2-(Methylamino)ethyl]-2-(4-methoxyphenyl)-4-oxo-2,3,4,5- Diltiazem EP Impurity G","(2S,3S)-5-[2-(Methylamino)ethyl]-2-(4-methoxyphenyl)-4-oxo-2,3,4,5- tetrahydro-1,5-benzothiazepin-3-ol; N-Desmethyl O-Desacetyl Diltiazem",81353-09-5,,52233,,,,
Pharmaceutical Impurities,"Diltiazem USP Related (2S,3S)-5-[2-(Amino)ethyl]-2-(4-hydroxyphenyl)-4-oxo-2,3,4,5-tetrahydro-","(2S,3S)-5-[2-(Amino)ethyl]-2-(4-hydroxyphenyl)-4-oxo-2,3,4,5-tetrahydro- Diltiazem HCl",115992-91-1,,52234,,,,
Pharmaceutical Impurities,"Diltiazem (2S-cis)-3-(Acetyloxy)-5-(2-aminoethyl)-2,3-dihydro-2-(4-methoxyphenyl)-","(2S-cis)-3-(Acetyloxy)-5-(2-aminoethyl)-2,3-dihydro-2-(4-methoxyphenyl)- 1,5-benzothiazepin-4(5H)-one Monohydrochloride; (2S,3S)-N,N- Didemethyldiltiazem Hydrochloride",116050-35-2,,52235,,,,
Pharmaceutical Impurities,"Diltiazem N-Oxide (2S-cis)-3-(Acetyloxy)-5-[2-(dimethyloxidoamino)ethyl]-2,3-dihydro-","(2S-cis)-3-(Acetyloxy)-5-[2-(dimethyloxidoamino)ethyl]-2,3-dihydro- 2-(4- methoxyphenyl)-1,5-benzothiazepin-4(5H)-one",142843-04-7,,52236,,,,
Pharmaceutical Impurities,"Diltiazem N-Oxide (2S,3S)-5-[2-(Dimethylamino)ethyl]-2-(4-methoxyphenyl)-4-oxo-2,3,4,5-","(2S,3S)-5-[2-(Dimethylamino)ethyl]-2-(4-methoxyphenyl)-4-oxo-2,3,4,5- tetrahydro-1,5-benzothiazepin-3-ol N-Oxide; O-Desacetyl Diltiazem N-Oxide",122619-90-3,,52237,,,,
Pharmaceutical Impurities,"O-Desacetyl-O- (2S,3S)-5-[2-(Dimethylamino)ethyl]-2,3-dihydro-3-hydroxy-2-","(2S,3S)-5-[2-(Dimethylamino)ethyl]-2,3-dihydro-3-hydroxy-2- (4-hydroxyphenyl)-1,5-benzothiazepin-4(5H)-one Hydrochloride; Diltiazem",96252-32-3,,52238,,,,
Pharmaceutical Impurities,"Diltiazem 2-Epimer (2R,3S)-5-[2-(Dimethylamino)ethyl]-2-(4-methoxyphenyl)-4-oxo-2,3,4,5-","(2R,3S)-5-[2-(Dimethylamino)ethyl]-2-(4-methoxyphenyl)-4-oxo-2,3,4,5- tetrahydro-1,5-benzothiazepin-3-ol; O-Desacetyl Diltiazem 2-Epimer",91926-66-8,,52239,,,,
Pharmaceutical Impurities,"Diltiazem Impurity (2R,3S)-2-(4-Methoxyphenyl)-4-oxo-2,3,4,5-tetrahydro-1,5-benzothiazepin-","(2R,3S)-2-(4-Methoxyphenyl)-4-oxo-2,3,4,5-tetrahydro-1,5-benzothiazepin- 3-ol O-Desacetyl N-Desdimethylaminoethyl Diltiazem 2-Epimer; Diltiazem 2-Epimer O-Desacetyl N-Desdimethylaminoethyl Impurity",30825-34-4,,52240,,,,
Pharmaceutical Impurities,"N,N-Didesmethyl (2S-cis)-3-(Acetyloxy)-5-(2-aminoethyl)-2,3-dihydro-2-(4-methoxyphenyl)-","(2S-cis)-3-(Acetyloxy)-5-(2-aminoethyl)-2,3-dihydro-2-(4-methoxyphenyl)- 1,5-benzothiazepin-4(5H)-one Monohydrochloride",115973-28-9,,52241,,,,
Pharmaceutical Impurities,"Deacetyl N, O- (2S,3S)-3-Hydroxy-2-(4-hydroxyphenyl)-5-(2-(methylamino)ethyl)-2,3-","(2S,3S)-3-Hydroxy-2-(4-hydroxyphenyl)-5-(2-(methylamino)ethyl)-2,3- dihydrobenzo [b][1,4]thiazepin-4(5H)-one",86408-42-6,,52242,,,,
Pharmaceutical Impurities,"Diltiazem Sulphoxide (2S,3S)-5-(2-(dimethylamino)ethyl)-2-(4-methoxyphenyl)-1-oxido-4-oxo-","(2S,3S)-5-(2-(dimethylamino)ethyl)-2-(4-methoxyphenyl)-1-oxido-4-oxo- 2,3,4,5-tetrahydrobenzo[b][1,4]thiazepin-3-yl acetate",370094-12-5,,52243,,,,
Pharmaceutical Impurities,Dolutegravir 4-Fluoro,"(4R,12aS)-N-[(4-fluorophenyl)methyl]-7-hydroxy-4-methyl-6,8-dioxo- 3,4,6,8,12,12a-hexahydro-2H-pyrido[1',2':4,5]pyrazino[2,1-b][1,3]oxazine- 9-carboxamide",1863916-88-4,,52256,,,,
Pharmaceutical Impurities,Dolutegravir Isomer-1,"(4R,12aR)-N-(2,4-difluorobenzyl)-7-hydroxy-4-methyl-6,8-dioxo- 3,4,6,8,12,12a-hexahydro-2H-pyrido[1',2':4,5]pyrazino[2,1-b] [1,3]oxazine-9-carboxamide",1357289-29-2,,52257,,,,
Pharmaceutical Impurities,Dolutegravir Isomer-2,"(4S,12aS)-N-[(2,4-Difluorophenyl) methyl]-3,4,6,8,12,12a-hexahydro- 7-hydroxy-4-methyl-6,8-dioxo-2H-pyrido[1',2':4,5]pyrazino[2,1-b] [1,3]oxazine-9-carboxamide; 4-epi-Dolutegravir",1357289-37-2,,52258,,,,
Pharmaceutical Impurities,Dolutegravir Impurity A,"N7-(2,4-difluorobenzyl)-9-ethoxy-2-[(1R)-3-hydroxy-1-methylpropyl]- 1,8 dioxo-1,8-dihydro-2H-pyrido[1,2-a]pyrazine-7-carboxamide",,,52259,,,,
Pharmaceutical Impurities,Dolutegravir Impurity B,"N7-(2,4-difluorobenzyl)-9-hydroxy-2-[(1R)-3-hydroxy-1-methylpropyl]- 1,8 dioxo-1,8-dihydro-2H-pyrido[1,2-a]pyrazine-7-carboxamide",,,52260,,,,
Pharmaceutical Impurities,Dolutegravir Impurity C,"(4R,12aS)-N-benzyl-7-hydroxy-4-methyl-6,8-dioxo-3,4,6,8,12,12a- hexahydro-2Hpyrido[1', 2':4,5] pyrazino[2,1-b][1,3]oxazine-9-carboxamide",2244161-71-3,,52261,,,,
Pharmaceutical Impurities,Dolutegravir Enantiomer,"(4S,12aR)-N-[(2,4-Difluorophenyl) methyl]-3,4,6,8,12,12a-hexahydro-7- hydroxy-4-methyl-6,8-dioxo-2H-pyrido[1’,2’:4,5; Dolutegravir (S,R)-Isomer",1309560-49-3,,52262,,,,
Pharmaceutical Impurities,Dolutegravir Sodium,"N-[(2,4-Difluorophenyl)methyl]-3,4,6,8, 12,12a-hexahydro-7-hydroxy- 4-methyl-6,8-dioxo-2H-pyrido[1',2':4,5] pyrazino[2,1-b][1,3]oxazine-9- carboxamide Sodium Salt",1051375-19-9,,52263,,,,
Pharmaceutical Impurities,Dolutegravir Impurity D,"(4R,12aS)-[(2-fluorophenyl)methyl]-7-hydroxy-4-methyl-6,8-dioxo- 3,4,6,8,12,12a-hexahydro-2H-pyrido[1', 2':4,5]pyrazino[2,1-b][1,3]oxazine- 9-carboxamide",1863916-87-3,,52264,,,,
Pharmaceutical Impurities,Dolutegravir Impurity E,"(4R,12aS)-N-[(4-fluorophenyl)methyl]-7-hydroxy-4-methyl-6,8-dioxo- 3,4,6,8,12,12a-hexahydro-2H-pyrido[1',2':4,5]pyrazino[2,1-b][1,3]oxazine- 9-carboxamide; 4-Fluoro Dolutegravir",1863916-88-4,,52265,,,,
Pharmaceutical Impurities,Dolutegravir Impurity F,"(4R,12aS)-N-[(2,6-difluorophenyl)methyl]-7-hydroxy-4-methyl-6,8-dioxo- 3,4,6,8,12, 12a-hexahydro-2Hpyrido[1',2':4,5] pyrazino [2,1-b][1,3] oxazine-9-carboxamide",,,52266,,,,
Pharmaceutical Impurities,Dolutegravir Impurity H,"N-[(2,4-difluorophenyl)methyl]-9-hydroxy-2-[(2R)-4-hydroxybutan-2-yl]- 1,8-dioxo-2,8-dihydro-1H-pyrido[1,2-a]pyrazine-7-carboxamide",1973402-10-6,,52267,,,,
Pharmaceutical Impurities,Dolutegravir Impurity J,"(4R,12aS)-7-(benzyloxy)-N-(2,4-difluorobenzyl)-4-methyl-6,8-dioxo- 3,4,6,8,12,12a-hexahydro-2H-pyrido[1',2':4, 5]pyrazino[2,1-b][1,3] oxazine-9-carboxamide",1206102-11-5,,52268,,,,
Pharmaceutical Impurities,Dolutegravir Impurity K,"(3R)-3-(7-{[(2,4-difluorophenyl)methyl] carbamoyl}-9-hydroxy-1,8-dioxo- 1,8-dihydro-2H-pyrido[1,2-a]pyrazin-2-yl)butyl [(2,4-difluorophenyl) methyl] carbamate",2244161-73-5,,52269,,,,
Pharmaceutical Impurities,Dolutegravir Impurity L API : Domperidone,"(4R,12aS)-N-(2,4-difluorobenzyl)-7-((2,4-difluorobenzyl)amino)-4- methyl-6,8-dioxo-3,4,6,8,12,12a-hexahydro-2H-pyrido [1',2':4,5] pyrazino[2,1-b][1,3]oxazine-9-carboxamide",,,52270,,,,
Pharmaceutical Impurities,Domperidone EP Impurity A,5-Chloro-1-(piperidin-4-yl)-1H-benzo[d]imidazol-2(3H)-one,53786-28-0,,52281,,,,
Pharmaceutical Impurities,Domperidone EP Impurity B,"4-(5-Chloro-2-oxo-2,3-dihydro-1H-benzimidazol-1-yl)-1-formylpiperidine",1346598-11-5,,52282,,,,
Pharmaceutical Impurities,Domperidone EP Impurity C,"cis-4-(5-Chloro-2-oxo-2,3-dihydro-1H-benzimidazol-1-yl)-1-[3-(2-oxo- 2,3-dihydro-1H-benzimidazol-1-yl)propyl]piperidine 1-oxide",118435-03-3,,52283,,,,
Pharmaceutical Impurities,Domperidone EP Impurity D,"5-Chloro-3-[3-(2-oxo-2,3-dihydro-1H-benzimidazol-1-yl)propyl]-1-[1-[3- (2-oxo-2,3-dihydro-1H-benzimidazol-1-yl) propyl]piperidin-4-yl]- 1,3-dihydro-2H-benzimidazol-2-one",1614255-34-3,,52284,,,,
Pharmaceutical Impurities,Domperidone EP Impurity F,"1,3-bis[3-[4-(5-Chloro-2-oxo-2,3-dihydro-1H-benzimidazol-1-yl) piperidin-1-yl] propyl]-1,3-dihydro-2H-benzimidazol-2-one",1391053-55-6,,52285,,,,
Pharmaceutical Impurities,"Donepezil Benzyl 1,","1, 1-Dibenzyl-4-[(5,6-dimethoxy-1-oxo-2,3- dihydro-1H- inden-2-yl) methyl] piperidinium bromide",844694-85-5,,52296,,,,
Pharmaceutical Impurities,Donepezil N-Oxide (RS)-2-[(1-Benzyl-4-piperidyl),"(RS)-2-[(1-Benzyl-4-piperidyl) methyl]-5,6-dimethoxy-2,3-dihydroinden-1-one",120013-84-5,,52297,,,,
Pharmaceutical Impurities,"Dehydrodeoxy Donepezil 1-Benzyl-4-[5,6-dimethoxy-1H-inden-2-yl)-methyl]piperidine","1-Benzyl-4-[5,6-dimethoxy-1H-inden-2-yl)-methyl]piperidine",120013-45-8,,52298,,,,
Pharmaceutical Impurities,"Donepezil Impurity C (2R)-2-[(S)-(1-Benzylpiperidin-4-yl)(hydroxy)methyl]-5,6-dimethoxy- API : Doripenem","(2R)-2-[(S)-(1-Benzylpiperidin-4-yl)(hydroxy)methyl]-5,6-dimethoxy- 2,3-dihydro-1H-inden-1-one",2452407-76-8,,52299,,,,
Pharmaceutical Impurities,"Doripenem Working (4R,5S,6S)-6-((R)-1-hydroxyethyl)-4-methyl-7-oxo-3-(((3S,5S)- API : Dosulepin","(4R,5S,6S)-6-((R)-1-hydroxyethyl)-4-methyl-7-oxo-3-(((3S,5S)- 5-((sulfamoylamino)methyl)pyrrolidin-3-yl)thio)-1-azabicyclo [3.2.0]hept-2-ene-2-carboxylic acid",148016-81-3,,52311,,,,
Pharmaceutical Impurities,"Dosulepin EP Impurity B 6,11-Dihydrodibenzo[b,e]thiepin-11-one API : Doxazosin","6,11-Dihydrodibenzo[b,e]thiepin-11-one",1531-77-7,,52321,,,,
Pharmaceutical Impurities,"Doxazosin EP Impurity D; 6,7-Dimethoxyquinazoline-2,4(1H,3H)-dione Doxazosin USP Related Compound B API : Duloxetine","6,7-Dimethoxyquinazoline-2,4(1H,3H)-dione",28888-44-0,,52331,,,,
Pharmaceutical Impurities,Duloxetine EP Impurity D 1-Hydroxynaphthalene API : Dutasteride,1-Hydroxynaphthalene,90-15-3,,52341,,,,
Pharmaceutical Impurities,"Dutasteride Working N-[2,5-Bis(trifluoromethyl)phenyl]-3-oxo-4-aza-5a-androst-1-ene-","N-[2,5-Bis(trifluoromethyl)phenyl]-3-oxo-4-aza-5a-androst-1-ene- 7b-carboxamide",164656-23-9,,52351,,,,
Pharmaceutical Impurities,Dutasteride EP Impurity A 3-Oxo-4-aza-5a-androst-1-ene-17b-carboxylic,3-Oxo-4-aza-5a-androst-1-ene-17b-carboxylic acid; Finasteride Carboxylic Acid; Dutasteride Carboxylic Acid,104239-97-6,,52352,,,,
Pharmaceutical Impurities,"Dutasteride EP Impurity B N,N-Dimethyl-3-oxo-4-aza-5a-androst-1-ene-17b-carboxamide;","N,N-Dimethyl-3-oxo-4-aza-5a-androst-1-ene-17b-carboxamide; Dutasteride Dimethylamide",,,52353,,,,
Pharmaceutical Impurities,Dutasteride EP Impurity C Ethyl,Ethyl 3-oxo-4-aza-5a-androst-1-ene-17b-carboxylate; Dutasteride Ethyl Ester,157307-36-3,,52354,,,,
Pharmaceutical Impurities,"Dihydro Dutasteride (5a,17b)-N-[2,5-Bis","(5a,17b)-N-[2,5-Bis (trifluoromethyl)phenyl]-3-oxo-4-azaandrostane- 17-carboxamide",164656-22-8,,52355,,,,
Pharmaceutical Impurities,"Chlorodutasteride; (4aR,4bS,6aS,7S,9aS,9bS,11aR)-N-[2,5-Bis(trifluoromethyl)phenyl]-4- API : Ebastine","(4aR,4bS,6aS,7S,9aS,9bS,11aR)-N-[2,5-Bis(trifluoromethyl)phenyl]-4- chlorohexadecahydro-4a,6a-dimethyl-2-oxo-1H-indeno [5,4-f]quinoline-7-carboxamide",1365545-42-1,,52356,,,,
Pharmaceutical Impurities,Ebastine Impurity A Benzhydrol; API : Empagliflozin,Benzhydrol; Diphenyl methanol,91-01-0,,52367,,,,
Pharmaceutical Impurities,"Empagliflozin Impurity (2S,3R,4R,5S,6R)-2-(4-Chloro-3-(4-((S)-tetrahydrofuran-3-yloxy)benzyl)","(2S,3R,4R,5S,6R)-2-(4-Chloro-3-(4-((S)-tetrahydrofuran-3-yloxy)benzyl) phenyl)-6-(hydroxymethyl)tetrahydro-2H-pyran-3,4,5-triol",864070-44-0,,52377,,,,
Pharmaceutical Impurities,Empagliflozin Sulfonate (R)-Tetrahydrofuran-3-yl Impurity API : Epinephrine,(R)-Tetrahydrofuran-3-yl benzenesulfonate,2514922-33-7,,52378,,,,
Pharmaceutical Impurities,N-Methyldopamine Deoxyepinephrine,Deoxyepinephrine hydrochloride; 4-[2-(Methylamino)ethyl]benzene-,501-15-5,,52387,,,,
Pharmaceutical Impurities,rac-Adrenaline N-Benzyl,"N-Benzyl Epinephrine HCl; 4-[2-[benzyl(methyl)amino]-1-hydroxyethyl] benzene-1,2-diol Hydrochloride (free base)",1095714-91-2,,52388,,,,
Pharmaceutical Impurities,"Methoxy Adrenaline 4-[1-Methoxy-2-(methylamino)ethyl]-1,2-benzenediol Hydrochloride","4-[1-Methoxy-2-(methylamino)ethyl]-1,2-benzenediol Hydrochloride",74571-90-7,,52389,,,,
Pharmaceutical Impurities,"Epinephrine 1-(3,4-Dihydroxyphenyl)-2-(methylamino)","1-(3,4-Dihydroxyphenyl)-2-(methylamino) ethane-1-sulfonic acid; 3,4-Dihydroxy-alpha-[(methylamino)methyl]benzenemethanesulfonic acid",26405-77-6,,52390,,,,
Pharmaceutical Impurities,Phenylephrine HCl (R)-3-(1-Hydroxy-2-(methylamino)ethyl)phenol API : Ertapenem Sodium,(R)-3-(1-Hydroxy-2-(methylamino)ethyl)phenol hydrochloride,61-76-7,,52391,,,,
Pharmaceutical Impurities,"Ertapenem Sodium (4R,5S,6S)-3-[(3S,5S)-5-[(3-carboxyphenyl)carbamoyl]pyrrolidin-3-yl] API : Erythromycin","(4R,5S,6S)-3-[(3S,5S)-5-[(3-carboxyphenyl)carbamoyl]pyrrolidin-3-yl] sulfanyl-6-(1-hydroxyethyl)-4-methyl-7-oxo-1-azabicyclo[3.2.0] hept-2-ene-2-carboxylic acid sodium",153832-46-3,,52402,,,,
Pharmaceutical Impurities,"Erythromycin B (3R,4S,5S,6R,7R,9R,11R,12S,13S,14R)-4-[(2,6-Dideoxy-3-C-methyl-3-O-","(3R,4S,5S,6R,7R,9R,11R,12S,13S,14R)-4-[(2,6-Dideoxy-3-C-methyl-3-O- methyl-a-L-ribo-hexopyranosyl)oxy]-14-ethyl-7,13-dihydroxy-3,5,7,9,11, 13-hexamethyl-6-[(3,4,6-trideoxy-3-dimethylamino-b-D-xylo- hexopyranosyl)-oxy]oxacyclotetradecane-2,10-dione; Erythromycin 12- Deshydroxy Impurity; 12-Deoxy Erythromycin",527-75-3,,52412,,,,
Pharmaceutical Impurities,"Erythromycin C (3R,4S,5S,6R,7R,9R,11R,12R,13S,14R)-4-[(2,6-Dideoxy-3-C-methyl-3-","(3R,4S,5S,6R,7R,9R,11R,12R,13S,14R)-4-[(2,6-Dideoxy-3-C-methyl-3- hydroxy-a-L-ribo-hexopyranosyl)oxy]-14-ethyl-7,12,13-trihydroxy-3,5,7,9, 11,13-hexamethyl-6-[(3,4,6-trideoxy-3-dimethylamino-b-D-xylo- hexopyranosyl)-oxy]oxacyclotetradecane-2,10-dione; 3-O-Desmethyl Erythromycin",1675-02-1,,52413,,,,
Pharmaceutical Impurities,"Erythromycin EP (1S,2R,3R,4S,5R,8R,9S,10S,11R,12R,14R)-9-[(2,6-Dideoxy-3-C-methyl-3-O-","(1S,2R,3R,4S,5R,8R,9S,10S,11R,12R,14R)-9-[(2,6-Dideoxy-3-C-methyl-3-O- methyl-a-L-ribo-hexopyranosyl)oxy]-5-ethyl-3-hydroxy-2,4,8,10,12,14- hexamethyl-11-[[3,4,6-trideoxy-3-(dimethylamino)-b-D-xylo- hexopyranosyl]oxy]-6,15,16 trioxatricyclo[10.2.1.11,4]hexadecan-7-one; Anhydroerythromycin A",23893-13-2,,52414,,,,
Pharmaceutical Impurities,"Erythromycin EP (2R,3R,4S,5R,8R,9S,10S,11R,12R)-9-[(2,6-Dideoxy-3-C-methyl-3-O-methyl-","(2R,3R,4S,5R,8R,9S,10S,11R,12R)-9-[(2,6-Dideoxy-3-C-methyl-3-O-methyl- a-L-ribo-hexopyranosyl)oxy]-5-ethyl-3,4-dihydroxy-2,4,8,10,12,14- hexamethyl-11-[[3,4,6-trideoxy-3-(dimethylamino)-b-D-xylohex- opyranosyl]oxy]-6,15-dioxabicyclo[10.2.1]pentadec-1(14)-en-7-one; Erythromycin A Enol Ether",33396-29-1,,52415,,,,
Pharmaceutical Impurities,"Erythromycin EP (2R,3R,6R,7S,8S,9R,10R)-7-[(2,6-Dideoxy-3-C-methyl-3-O-methyl-a-L-ribo-","(2R,3R,6R,7S,8S,9R,10R)-7-[(2,6-Dideoxy-3-C-methyl-3-O-methyl-a-L-ribo- hexopyranosyl)oxy]-3-[(1R,2R)-1,2-dihydroxy-1-methylbutyl]-2,6,8,10,12- pentamethyl-9-[[3,4,6-trideoxy-3-(dimethylamino)-b-D-xylohexopyranosyl]oxy]- 4,13-dioxabicyclo[8.2.1 ]tridec-1(12)-en-5-one; Pseudoerythromycin A Enol Ether",105882-69-7,,52416,,,,
Pharmaceutical Impurities,Erythromycin EP Ethyl,"Ethyl 4-(((2S,3R,4S,6R)-2-(((3R,4S,5S,6R,7R,9R,11R,12R,13S,14R)-14-ethyl- 7,12,13-trihydroxy-4-(((2R,4R,5S,6S)-5-hydroxy-4-methoxy-4,6- dimethyltetrahydro-2H-pyran-2-yl)oxy)-3,5,7,9,11,13-hexamethyl- 2,10-dioxooxacyclotetradecan-6-yl)oxy)-3-hydroxy-6-methyltetrahydro- 2H-pyran-4-yl)(methyl)amino)-4-oxobutanoate ; Erythromycin Ethylsuccinate EP Impurity G",,,52417,,,,
Pharmaceutical Impurities,"Erythromycin EP (3R,4S,5S,6R,7R,9R,11R,12R,13S,14R)-4-[(2,6-Dideoxy-3-C-methyl-3-O-","(3R,4S,5S,6R,7R,9R,11R,12R,13S,14R)-4-[(2,6-Dideoxy-3-C-methyl-3-O- methyl-a-L-ribo-hexopyranosyl)oxy]-14-ethyl-7,12,13-trihydroxy-3,5,7,9, 11,13-hexamethyl-6-[[3,4,6-trideoxy-3-(dimethylamino)-ß-D- xylohexopyranosyl]oxy]oxacyclotetradecane-2,10-dione N-oxide; Erythromycin A N-oxide",992-65-4,,52418,,,,
Pharmaceutical Impurities,"Erythromycin EP (1S,4S,5R,8R,9S,10S,11R,12R,14R)-5-Ethyl-9-hydroxy-2,4,8,10,12,14-","(1S,4S,5R,8R,9S,10S,11R,12R,14R)-5-Ethyl-9-hydroxy-2,4,8,10,12,14- hexamethyl-11-[[3,4,6-trideoxy-3-(dimethylamino)-ß-D-xylo- hexopyranosyl]oxy]-6,15,16-trioxatricyclo[10.2.1.11,4]hexadec-2-en-7-one",546-57-6,,52419,,,,
Pharmaceutical Impurities,"Erythromycin EP (1RS,2R,3R,6R,7S,8S,9R,10R,12R)-7-[(2,6-Dideoxy-3-C-methyl-3-O-methyl-","(1RS,2R,3R,6R,7S,8S,9R,10R,12R)-7-[(2,6-Dideoxy-3-C-methyl-3-O-methyl- a-L-ribo-hexopyranosyl)oxy]-3-[(1R,2R)-1,2-dihydroxy-1-methylbutyl]- 1-hydroxy-2,6,8,10,12-pentamethyl-9-[[3,4,6-trideoxy-3-(dimethylamino)- ß-D-xylo-hexopyranosyl]oxy]-4,13-dioxabicyclo[8.2.1]tridecan-5- one; Pseudoerythromycin A Hemiketal",105900-46-7,,52420,,,,
Pharmaceutical Impurities,"Erythromycin EP (3R,4S,5S,6R,7R,9R,11R,12S,13R,14R)-4-[(2,6-Dideoxy-3-C-methyl-a-L-","(3R,4S,5S,6R,7R,9R,11R,12S,13R,14R)-4-[(2,6-Dideoxy-3-C-methyl-a-L- ribo-hexopyranosyl)oxy]-14-ethyl-7,12-dihydroxy-3,5,7,9,11,13- hexamethyl-6-[[3,4,6-trideoxy-3-(dimethylamino)-ß-D-xylohexopyranosyl] oxy] oxacyclotetradecane-2,10-dione; Erythromycin D",33442-56-7,,52421,,,,
Pharmaceutical Impurities,"Erythromycin EP (3R,4S,5S,6R,7R,9R,11R,12R,13S,14R)-4-[(2,6-Dideoxy-3-C-methyl-3-O-","(3R,4S,5S,6R,7R,9R,11R,12R,13S,14R)-4-[(2,6-Dideoxy-3-C-methyl-3-O- methyl-a-L-ribo-hexopyranosyl)oxy]-14-ethyl-7,12,13-trihydroxy-3,5,7,9, 11,13-hexamethyl-6-[[3,4,6-trideoxy-3-(formylmethylamino)-ß-D- xylohexopyranosyl]oxy]oxacyclotet-radecane-2,10-dione; N-Demethyl-N-Formyl Erythromycin A",127955-44-6,,52422,,,,
Pharmaceutical Impurities,"Erythromycin EP (3R,4S,5S,6R,7R,9R,11R,12S,13R,14R)-14-Ethyl-4,6,7,12-tetrahydroxy-","(3R,4S,5S,6R,7R,9R,11R,12S,13R,14R)-14-Ethyl-4,6,7,12-tetrahydroxy- 3,5,7,9,11,13-hexamethyloxacyclotetradecane-2,10-dione;Erythronolide B",3225-82-9,,52423,,,,
Pharmaceutical Impurities,"Erythromycin EP (3R,4S,5S,6R,7R,9R,11R,12R,13S,14R)-4-[(2,6-Dideoxy-3C-methyl-3-O-","(3R,4S,5S,6R,7R,9R,11R,12R,13S,14R)-4-[(2,6-Dideoxy-3C-methyl-3-O- methyl-a-L-ribo-hexopyranosyl)oxy]-14-ethyl-7,12,13-trihydroxy-3- (hydroxymethyl)-5,7,9,11,13-pentamethyl-6-[[3,4,6-trideoxy-3- (dimethylamino)-b-D-xylo-hexopyranosyl]oxy] oxacyclotetradecane-2,10- dione; Erythromycin A; 2-Hydroxymethyl Analog; Erythromycin F",82230-93-1,,52424,,,,
Pharmaceutical Impurities,"Erythromycin EP (2S,4aR,4’R,5’S,6’S,7R,8S,9R,10R,12R,14R,15R,16S)-7-Ethyl-5’,8,9,14- API : Escitalopram","(2S,4aR,4’R,5’S,6’S,7R,8S,9R,10R,12R,14R,15R,16S)-7-Ethyl-5’,8,9,14- tetrahydroxy-4’-methoxy-4’,6’,8,10,12,14,16-heptamethyl-15-[[3,4,6-trideoxy- 3-(dimethylamino)-b-D-xylo-hexopyranosyl]oxy]hexadecahyd-rospiro[5H,11H- 1,3-dioxino[5,4c]oxacyclot-etradecin-2,2’-pyrane]-5,11-dione; Erythromycin E",41451-91-6,,52425,,,,
Pharmaceutical Impurities,Escitalopram Impurity I 4-[(1Z)-4-(Dimethylamino)-1-(4-fluorophenyl)but-1-en-1-yl]-3- API : Esomeprazole,4-[(1Z)-4-(Dimethylamino)-1-(4-fluorophenyl)but-1-en-1-yl]-3- (hydroxymethyl)benzonitrile; Escitalopram Olefinic Impurity,370643-22-3,,52437,,,,
Pharmaceutical Impurities,"Esomeprazole Impurity 2-(Chloromethyl)-3,5-dimethylpyridine API : Etilefrine","2-(Chloromethyl)-3,5-dimethylpyridine hydrochloride",73590-93-9,,52447,,,,
Pharmaceutical Impurities,Etilefrine EP Impurity E 3'-Hydroxyacetophenone API : Estradiol,3'-Hydroxyacetophenone,121-71-1,,52457,,,,
Pharmaceutical Impurities,"Estradiol EP Impurity A 3-Hydroxyestra-1,3,5(10)-trien-17-one;","3-Hydroxyestra-1,3,5(10)-trien-17-one; Estrone; Estriol EP Impurity B",53-16-7,,52468,,,,
Pharmaceutical Impurities,"Estradiol EP Impurity B Estra-1,3,5(10)-triene-3,17b-diol;","Estra-1,3,5(10)-triene-3,17b-diol; 17b-Estradiol; Ethinylestradiol EP Impurity L",57-91-0,,52469,,,,
Pharmaceutical Impurities,"Estradiol USP Related Estra-1,3,5(10),6-tetraene-3,17b-diol;","Estra-1,3,5(10),6-tetraene-3,17b-diol; (17b)-Estra-1,3,5(10),6-tetraene- 3,17-diol; 6,7-Dehydro Estradiol",7291-41-0,,52470,,,,
Pharmaceutical Impurities,"Estradiol USP Related 3,17b-Dihydroxyestra-1,3,5(10)-trien-6-one; Compound C","3,17b-Dihydroxyestra-1,3,5(10)-trien-6-one; 6-Keto Estradiol",571-92-6,,52471,,,,
Pharmaceutical Impurities,"Estradiol EP Impurity D Estra-1,3,5(10),9(11)-tetraene-3,17b-diol;","Estra-1,3,5(10),9(11)-tetraene-3,17b-diol; 9,11-Dehydroestradiol",791-69-5,,52472,,,,
Pharmaceutical Impurities,"6b-Hydroxy 17b-Estradiol Estra-1,3,5(10)-triene-3,6b,17b-triol;","Estra-1,3,5(10)-triene-3,6b,17b-triol; 6b-Hydroxyestradiol",3583-03-7,,52473,,,,
Pharmaceutical Impurities,"6a-Hydroxy 17b-Estradiol Estra-1,3,5(10)-triene-3,6a,17b-triol;","Estra-1,3,5(10)-triene-3,6a,17b-triol; 6a-Hydroxyestradiol",1229-24-9,,52474,,,,
Pharmaceutical Impurities,"Estradiol 17-Desoxy (8S,9S,13S,14S)-13-methyl-7,8,9,11,12,13,14,15,16,17-decahydro-6H- API : Ethinylestradiol","(8S,9S,13S,14S)-13-methyl-7,8,9,11,12,13,14,15,16,17-decahydro-6H- cyclopenta[a]phenanthren-3-ol",53-63-4,,52475,,,,
Pharmaceutical Impurities,"17a-Ethinylestradiol (17a)-19-Norpregna-1,3,5(10)-trien-20-yne-3,17-diol","(17a)-19-Norpregna-1,3,5(10)-trien-20-yne-3,17-diol",57-63-6,,52487,,,,
Pharmaceutical Impurities,"Ethinylestradiol USP 19-Nor-17a-pregna-1,3,5(10),9(11)-tetraen-20-yne-3,17-diol;","19-Nor-17a-pregna-1,3,5(10),9(11)-tetraen-20-yne-3,17-diol; 9,11- Dehydro Ethynyl Estradiol; Ethinylestradiol EP Impurity B",1231-96-5,,52488,,,,
Pharmaceutical Impurities,"Ethinylestradiol EP 19-Nor-17a-pregna-1,3,5(10)-trien-20-yne-3,6a,17-triol;","19-Nor-17a-pregna-1,3,5(10)-trien-20-yne-3,6a,17-triol; 6a-Hydroxy- ethinylestradiol",27521-34-2,,52489,,,,
Pharmaceutical Impurities,"Ethinylestradiol EP 19-Nor-17a-pregna-1,3,5(10)-trien-20-yne-3,6b,17-triol;","19-Nor-17a-pregna-1,3,5(10)-trien-20-yne-3,6b,17-triol; 6b-Hydroxy- ethinylestradiol",56324-28-8,,52490,,,,
Pharmaceutical Impurities,"Ethinylestradiol EP 3,17-Dihydroxy-19-nor-17a-pregna-1,3,5(10)-trien-20-yn-6-one;","3,17-Dihydroxy-19-nor-17a-pregna-1,3,5(10)-trien-20-yn-6-one; 6-Oxo- ethinylestradiol; Ethinylestradiol USP Related Compound A",38002-18-5,,52491,,,,
Pharmaceutical Impurities,"Ethinylestradiol EP 3,17-Dihydroxy-19-nor-17a-pregna-1,3,5(10)-trien-20-yn-16-one;","3,17-Dihydroxy-19-nor-17a-pregna-1,3,5(10)-trien-20-yn-16-one; 16-Oxo-ethinylestradiol",1350468-76-6,,52492,,,,
Pharmaceutical Impurities,Ethinylestradiol EP API : Estradiol valerate,"19-Nor-17a-pregna-1,3,5(10),6-tetraen-20-yne-3,17-diol; 6,7-Dehydro Ethynyl Estradiol",67703-68-8,,52493,,,,
Pharmaceutical Impurities,b-Estradiol 17-Valerate,"(17b)-Estra-1,3,5(10)-triene-3,17-diol 17-Pentanoate -3-Hydroxy-17b- valeroyloxye-stra-1,3,5(10)-triene; Estradiol 17-Valerate",979-32-8,,52507,,,,
Pharmaceutical Impurities,Estradiol Valerate EP,"Estra-1,3,5(10)-triene-3,17b-diol; Ethinylestradiol EP Impurity C; 17b-Estradiol; Estradiol; Ethinylestradiol EP Impurity D",50-28-2,,52508,,,,
Pharmaceutical Impurities,Estradiol 3-Valerate; Estradiol Valerate EP Impurity B,"17b-Hydroxyestra-1,3,5(10)-trien-3-yl pentanoate",21881-45-8,,52509,,,,
Pharmaceutical Impurities,Estradiol Valerate EP,"3-Hydroxyestra-1,3,5(10),9(11)-tetraen-17b-yl pentanoate; 9,11- Dehydroestradiol 17-Valerate",95959-20-9,,52510,,,,
Pharmaceutical Impurities,Estradiol Valerate EP Impurity,"F 3-Hydroxyestra-1,3,5(10)-trien-17b-yl butanoate; Estradiol Butyrate",18069-79-9,,52511,,,,
Pharmaceutical Impurities,Estradiol Valerate,"(6a,17b)-Estra-1,3,5(10)-triene-3,6-17-triol 17-Pentanoate; 6a-Hydroxy- 17b-estradiol 17-Valerate",1313382-26-1,,52512,,,,
Pharmaceutical Impurities,Estradiol Divalerate,"(6a,17b)-Estra-1,3,5(10)-triene-3,6,17-triol 3,17-Dipentanoate; (6a,17b)- Estratriol 3,17-Dipentanoate",1350468-75-5,,52513,,,,
Pharmaceutical Impurities,Estradiol Divalerate 6-Keto Impurity,"(17b)-3,17-Bis[(1-Oxopentyl)oxy]-estra-1,3,5(10)-trien-6-one",1350468-78-8,,52514,,,,
Pharmaceutical Impurities,Estradiol Valerate 6-Keto Impurity,6-Oxo-17b-estradiol 17-Valerate,1313382-51-2,,52515,,,,
Pharmaceutical Impurities,Estradiol Valerate,"(6b,17b)-Estra-1,3,5(10)-triene-3,6,17-triol 17-Pentanoate; 6b-Hydroxy- 17b-estradiol 17-Valerate",1313382-32-9,,52516,,,,
Pharmaceutical Impurities,"Estradiol Divalerate; Estradiol 3,17-Divalerate API : Ezetimibe","(17b)-Estra-1,3,5(10)-triene-3,17-diol 3,17-Dipentanoate",63042-28-4,,52517,,,,
Pharmaceutical Impurities,Hydroxy Benzylated,"4'-O-Benzyloxy ezetimibe; (3R,4S)-3-[(3S)-3-(4-Fluorophenyl)-3- hydroxypropyl]-4-(4-hydroxyphenyl)-1-phenyl-2-azetidinone",163222-32-0,,52527,,,,
Pharmaceutical Impurities,Ezetimibe Impurity,(S)-4-Phenyl-2-oxazolidinone,99395-88-7,,52528,,,,
Pharmaceutical Impurities,Ezetimibe-Impurity F,"(3R,4S)-3-[((S)-3-(4-Fluorophenyl)-3-hydroxypropyl)- 4-(4-hydroxyphenyl)]-1-phenylazetidin-2-one",302781-98-2,,52529,,,,
Pharmaceutical Impurities,O-Fluorobenzene ezetimibe,"(3R,4S)-1-(4-fluorophenyl)-3-[((S)-3-(2-fluorophenyl)-3-hydroxypropyl)]- 4-(4-hydroxyphenyl)azetidin-2-one",1798008-25-9,,52530,,,,
Pharmaceutical Impurities,Ezetimibe m-fluoro,"(3R,4S)-1-(3-Fluorophenyl)-3-((S)-3-(4-fluorophenyl)-3-hydroxypropyl)- 4-(4-hydroxyphenyl)azetidin-2-one",1700622-06-5,,52531,,,,
Pharmaceutical Impurities,Ezetimibe Impurity D,"(3R,4S)-1-(4-Fluorophenyl)-3-[3-(4-fluorophenyl)-3-oxopropyl]-4- (4-hydroxyphenyl)]-2-azetidinone",191330-56-0,,52532,,,,
Pharmaceutical Impurities,Ezetimibe Trihydroxy,(4S)-1-(4-Fluorophenyl)-3-((S)-3-(4-fluorophenyl)-3-hydroxypropyl)-4- (4-hydroxyphenyl)azetidin-2-ol,,,52533,,,,
Pharmaceutical Impurities,Ezetimibe,"(2R,3R,6S)-N,6-Bis(4-fluorophenyl) tetrahydro-2-(4-hydroxyphenyl)-2H- pyran-3-carboxamide",1296129-15-1,,52534,,,,
Pharmaceutical Impurities,Ezetimibe Dehydoxy Impurity API : Famotidine,"(3R,4S)-1-(4-Fluorophenyl)-3-[3-(4-fluorophenyl) propyl]-4- (4-hydroxyphenyl)-2-azetidinone",204589-58-2,,52535,,,,
Pharmaceutical Impurities,Famotidine Impurity A,3-[[[2-[(diaminomethylidene)amino]thiazol-4-yl]methyl]sulfanyl] propanimidamide,124646-10-2,,52547,,,,
Pharmaceutical Impurities,Famotidine Impurity B,"3,5-bis[2-[[[2-[(diaminomethylene)amino]thiazol-4-yl]methyl]sulphanyl] ethyl]-4H-1,2,4,6-thiatriazine 1,1-dioxide",89268-62-2,,52548,,,,
Pharmaceutical Impurities,Famotidine Impurity C 3-[[[2-[(diaminomethylene)amino] sulphamoylpropanamide,thiazol-4-yl]methyl]sulphanyl]-N-,106433-44-7,,52549,,,,
Pharmaceutical Impurities,Famotidine Impurity F 3-[[[2-[(diaminomethylene)amino],thiazol-4-yl]methyl]sulphanyl]propanoic acid,107880-74-0,,52550,,,,
Pharmaceutical Impurities,Famotidine Impurity G N-cyano-3-[[[2-[(diaminomethylene) sulphanyl]propanimidamide,amino]thiazol-4-yl]methyl],76823-97-7,,52551,,,,
Pharmaceutical Impurities,Famotidine EP Impurity 3-(((2-((Diaminomethylene)amino)thiazol-4-yl)methyl)thio) Impurity A API : Favipiravir,dihydrochloride,88061-72-7,,52552,,,,
Pharmaceutical Impurities,Favipiravir Bromo Impurity 6-Bromo-3-hydroxypyrazine-2-carboxamide API : Fenhexamid,,259793-88-9,,52562,,,,
Pharmaceutical Impurities,"Fenhexamid Impurity 2-Amino-4,6-dichlorophenol API : Fenofibrate",hydrochloride,5959-39-7,,52572,,,,
Pharmaceutical Impurities,Fenofibrate EP Impurity A 4-Chlorophenyl)(4-hydroxyphenyl)methanone,,42019-78-3,,52582,,,,
Pharmaceutical Impurities,Fenofibrate EP Impurity B; 2-[4-(4-Chlorobenzoyl)phenoxy]-2-methylpropanoic Fenofibric acid,acid,42017-89-0,,52583,,,,
Pharmaceutical Impurities,Fenofibrate EP Impurity C (3RS)-3-[4-(4-Chlorobenzoyl)phenoxy]butan-2-one,,217636-47-0,,52584,,,,
Pharmaceutical Impurities,Fenofibrate EP Impurity D Methyl,2-[4-(4-chlorobenzoyl)phenoxy]-2-methylpropanoate; Methyl Ester,42019-07-8,,52585,,,,
Pharmaceutical Impurities,Fenofibrate EP Impurity E Ethyl,2-[4-(4-chlorobenzoyl)phenoxy]-2-methylpropanoate; Ethyl Ester,42019-08-9,,52586,,,,
Pharmaceutical Impurities,Fenofibrate EP Impurity F (4-Chlorophenyl)[4-(1-methylethoxy)phenyl]methanone,,154356-96-4,,52587,,,,
Pharmaceutical Impurities,Fenofibrate EP Impurity G 1-Methylethyl oxy]-2-methylpropanoate,2-[[2-[4-(4-chlorobenzoyl)phenoxy]-2-methylpropanoyl],217636-48-1,,52588,,,,
Pharmaceutical Impurities,4-Hydroxy Fenofibric acid 2-(4-(4-Hydroxybenzoyl)phenoxy)-2-methylpropanoic API : Fexofenadine,acid,61002-27-5,,52589,,,,
Pharmaceutical Impurities,Fexofenadine Impurity 2-(4-(4-(4-(Hydroxydiphenylmethyl)piperidin-1-yl)but-1-yn-1-yl)phenyl)- API : Fingolimod,acid,832088-68-3,,52602,,,,
Pharmaceutical Impurities,Fingolimod Impurity 4-Octanoylphenethyl API : Flecainide,acetate,162358-03-4,,52612,,,,
Pharmaceutical Impurities,"Flecainide Impurity C 4-Hydroxy-N-(2-piperidinylmethyl)-2,5-bis(2,2,2-trifluoroethoxy)benzamide API : Fluconazole",,152171-74-9,,52622,,,,
Pharmaceutical Impurities,"Fluconazole Related 2-[2-Fluoro-4-(1,2,4-triazol-1-yl)phenyl]-1,3-bis(1,2,4-triazol-1-yl) Compound A {EP imp B} propan-2-ol API : Fluorouracil",,871550-15-1,,52632,,,,
Pharmaceutical Impurities,Fluorouracil Impurity A Barbituric,acid,67-52-7,,52642,,,,
Pharmaceutical Impurities,Fluorouracil Impurity B Isobarbituric,acid (5-hydroxyuracil),496-76-4,,52643,,,,
Pharmaceutical Impurities,Fluorouracil Impurity Uracil API : Flutamide,,66-22-8,,52644,,,,
Pharmaceutical Impurities,Flutamide Impurity Benzotrifluoride,,98-08-8,,52657,,,,
Pharmaceutical Impurities,Flutamide EP Impurity E 2-Methyl-N-[3-(trifluoromethyl)phenyl]propanamide API : Fluticasone,,1939-27-1,,52658,,,,
Pharmaceutical Impurities,"Fluticasone Propionate 6a,9-Difluoro-17-[[(fluoromethyl)sulphanyl]carbonyl]-11b-hydroxy-16a-methyl-",propanoate,80474-14-2,,52669,,,,
Pharmaceutical Impurities,"Fluticasone EP Impurity A 6a,9-Difluoro-11b-hydroxy-16a-methyl-3-oxo-17-(propanoyloxy)",androsta- acid; Fluticasone Carboxylic Acid Propionate,65429-42-7,,52670,,,,
Pharmaceutical Impurities,"Fluticasone USP RC A; [[6a,9-difluoro-11b-hydroxy-16a?-methyl-3-oxo-17-(propanoyloxy)",acid; Sulfenic Acid Propionate,948566-12-9,,52671,,,,
Pharmaceutical Impurities,"Fluticasone USP RC C; 6a,9-Difluoro-17-[[(fluoromethyl)sulphanyl]carbonyl]-11b-hydroxy-16a-",acetate; Acetate Analog,80474-24-4,,52672,,,,
Pharmaceutical Impurities,"Fluticasone USP RC D; 6a,9-Difluoro-17-[(methylsulphanyl)carbonyl]-11b-hydroxy-16a- Fluticasone EP Impurity D methyl-3-oxoandrosta-1,4-dien-17a-ylpropanoate;",Methylsulphanyl Analog; Ticabesone Propionate,73205-13-7,,52673,,,,
Pharmaceutical Impurities,"Fluticasone EP Impurity E 6a,9-Difluoro-17-[[(fluoromethyl)sulphanyl]carbonyl]-11b-hydroxy-",propanoate; Fluticasone Propionate,105613-90-9,,52674,,,,
Pharmaceutical Impurities,"Fluticasone EP Impurity F 6a,9-Difluoro-17-[[(fluoromethyl)sulphanyl]carbonyl]-16a-methyl-3,",propanoate; Fluticasone Propionate,1219174-94-3,,52675,,,,
Pharmaceutical Impurities,"Fluticasone USP RC E; 6a,9-Difluoro-17-[[(fluoromethyl)sulphanyl]carbonyl]-11b-hydroxy-16a- dihydroxy-16a-methyl-3-oxoandrosta-1,4-diene-17b-carboxylate;","6a,9-difluoro-11b,17- Dimer Impurity",220589-37-7,,52676,,,,
Pharmaceutical Impurities,"Fluticasone EP Impurity H 17,17’-(Disulphanediyldicarbonyl)bis(6a,9-difluoro-11b-hydroxy-16a-",dipropanoate; Desfluoromethyl Propionate Disulfide; Fluticasone Disulphane Impurity,201812-64-8,,52677,,,,
Pharmaceutical Impurities,"Fluticasone EP Impurity I 17,17’-(Trisulphanediyldicarbonyl)bis(6a,9-difluoro-11b-hydroxy-16a-",dipropanoate; Trisulphane Impurity,960071-64-1,,52678,,,,
Pharmaceutical Impurities,"Fluticasone USP RC J 6a,9-Difluoro-11b,17a-dihydroxy-16a-methyl-3-oxo-androsta-",acid; Fluticasone 17-beta-Carboxylic Acid; Carboxylic Acid,28416-82-2,,52679,,,,
Pharmaceutical Impurities,"Fluticasone Propionate (8S,9R,10S,11S,13S,14S,16R,17R)-9-Fluoro-17-(((fluoromethyl)thio) 6-Oxo Analog carbonyl)-11-hydroxy-10,13,16-trimethyl-3,6-dioxo-6,7,8,9,10,11,12,13,14",propionate,,,52680,,,,
Pharmaceutical Impurities,"Fluticasone USP Related (6a,11b,16a,17a)-6,9-Difluoro-11-hydroxy-16-methyl-spiro[androsta-1,4-",Fluticasone Trioxo Impurity,219719-95-6,,52681,,,,
Pharmaceutical Impurities,"Fluticasone Carbothioic 6a,9a-Difluoro-11b-hydroxy-16a-methyl-3-oxo-17a-(propionyloxy)- API : Folic acid",acid,80474-45-9,,52682,,,,
Pharmaceutical Impurities,Folic acid Impurity D Pteroic API : Frovatriptan,"acid; 4-[[(2-Amino-3,4-dihydro-4-oxo-6-pteridinyl)methyl] Acid",119-24-4,,52694,,,,
Pharmaceutical Impurities,"Frovatriptan Impurity 3-(Methylamino)-2,3,4,9-tetrahydro-1H-carbazole-7-carboxamide; rac-6-Deaminocarbonyl-Frovatriptan-7-carboxamide",,,,52704,,,,
Pharmaceutical Impurities,Frovatriptan Impurity 3-Carboxamidophenyl,hydrazine hydrochloride;,473927-51-4,,52705,,,,
Pharmaceutical Impurities,Frovatriptan Impurity 4-Carboxamidophenyl,hydrazine hydrochloride;,74885-67-9,,52706,,,,
Pharmaceutical Impurities,"Frovatriptan Impurity 3,3-Dimethyl-1,5-dioxaspiro[5.5]undecan-9-one;","1,4-Cyclohexanedione Ketal)",69225-59-8,,52707,,,,
Pharmaceutical Impurities,"Frovatriptan Impurity 3,3,12,12-Tetramethyl-1,5,10,14-tetraoxadispiro[5.2.5.2]hexadecane1,4-","bis(2,2-dimethyltrimethylene Ketal)",29280-23-7,,52708,,,,
Pharmaceutical Impurities,"Frovatriptan Impurity 3-(Dimethylamino)-2,3,4,9-tetrahydro-1H-carbazole-6-carboxamide",,,,52709,,,,
Pharmaceutical Impurities,"Frovatriptan Impurity N,N,3,3-Tetramethyl-1,5-dioxaspiro[5.5]undecan-9-amine","N,N,3,3-Tetramethyl-1,5-dioxaspiro[5.5]undecan-9-amine hydrochloride",107431-14-1,,52710,,,,
Pharmaceutical Impurities,"Frovatriptan Impurity 3-(Methylamino)-2,3,4,9-tetrahydro-1H-carbazole-6-carboxylic","3-(Methylamino)-2,3,4,9-tetrahydro-1H-carbazole-6-carboxylic acid",,,52711,,,,
Pharmaceutical Impurities,"Frovatriptan Impurity Propan-2-yl-(7,7-Dimethyl-1,3-oxobicyclo[2,2,1]hept-1-yl)methanesulfonate","Propan-2-yl-(7,7-Dimethyl-1,3-oxobicyclo[2,2,1]hept-1-yl)methanesulfonate",,,52712,,,,
Pharmaceutical Impurities,"Frovatriptan Impurity 3,3-Dimethyl-9-(methylamino)-1,5-dioxaspiro[5.5]undecane","3,3-Dimethyl-9-(methylamino)-1,5-dioxaspiro[5.5]undecane hydrochloride; (4-Methylamino)cyclohexanone 2,2-dimethyltrimethylene ketal hydrochloride",158747-10-5,,52713,,,,
Pharmaceutical Impurities,Frovatriptan Impurity NPG,"NPG monotosylate; 2,2-Dimethyl-3-[(4-methylbenzenesulfonyl)oxy] propan-1-ol",21651-04-7,,52714,,,,
Pharmaceutical Impurities,Frovatriptan Impurity 2-Hydrazinobenzoic,2-Hydrazinobenzoic acid hydrochloride,52356-01-1,,52715,,,,
Pharmaceutical Impurities,Frovatriptan Impurity 3-Hydrazinobenzoic API : Fulvestrant,3-Hydrazinobenzoic acid hydrochloride,87565-98-8,,52716,,,,
Pharmaceutical Impurities,"Fulvestrant Workng 7a-[9-[(RS)-(4,4,5,5,5-Pentafluoropentyl)sulfinyl]nonyl]estra-","7a-[9-[(RS)-(4,4,5,5,5-Pentafluoropentyl)sulfinyl]nonyl]estra- 1,3,5(10)-triene-3,17b-diol",129453-61-8,,52729,,,,
Pharmaceutical Impurities,"Fulvestrant EP Impurity A 7b-[9-[(RS)-(4,4,5,5,5-Pentafluoropentyl)sulfinyl]nonyl]estra-","7b-[9-[(RS)-(4,4,5,5,5-Pentafluoropentyl)sulfinyl]nonyl]estra- 1,3,5(10)-triene-3,17b-diol; 7b-Fulvestrant",407577-53-1,,52730,,,,
Pharmaceutical Impurities,"Fulvestrant EP Impurity B 7a-[9-[(4,4,5,5,5-Pentafluoropentyl)sulfonyl]nonyl]estra-","7a-[9-[(4,4,5,5,5-Pentafluoropentyl)sulfonyl]nonyl]estra- 1,3,5(10)-triene-3,17b-diol; Fulvestrant 9-Sulfone",98008-06-1,,52731,,,,
Pharmaceutical Impurities,"Fulvestrant EP Impurity C 7-[9-[[9-[(4,4,5,5,5-Pentafluuoropentyl)sulfinyl]nonyl]sulfinyl]nonyl]estra-","7-[9-[[9-[(4,4,5,5,5-Pentafluuoropentyl)sulfinyl]nonyl]sulfinyl]nonyl]estra- 1,3,5(10)-triene-3,17b-diol",,,52732,,,,
Pharmaceutical Impurities,"Fulvestrant EP Impurity D 7,7’-Nonane-1,9-diylbis[estra-1,3,5(10)-triene-3,17b-diol];","7,7’-Nonane-1,9-diylbis[estra-1,3,5(10)-triene-3,17b-diol]; Fulvestrant Sterol Dimer (USP)",,,52733,,,,
Pharmaceutical Impurities,"Fulvestrant EP Impurity E 7-[9-[(4,4,5,5,5-Pentafluoropentyl)sulfinyl]nonyl]estra-","7-[9-[(4,4,5,5,5-Pentafluoropentyl)sulfinyl]nonyl]estra- 1,3,5(10),6-tetraene-3,17b-diol; D6-Fulvestrant",,,52734,,,,
Pharmaceutical Impurities,"Fulvestrant EP Impurity F 7-[9-[(4,4,5,5,5-Pentafluoropentyl)sulfinyl]nonyl]-3,17b-dihydroxyestra-","7-[9-[(4,4,5,5,5-Pentafluoropentyl)sulfinyl]nonyl]-3,17b-dihydroxyestra- 1,3,5(10)-trien-6-one; 6-Keto Fulvestrant",,,52735,,,,
Pharmaceutical Impurities,"Fulvestrant 3-O-Benzyl (7R,8R,9S,13S,14S,17S)-3-(Benzyloxy)-13-methyl-7-(9-(4,4,5,5,5-","(7R,8R,9S,13S,14S,17S)-3-(Benzyloxy)-13-methyl-7-(9-(4,4,5,5,5- pentafluoropentylsulfinyl)nonyl)-7,8,9,11,12,13,14,15,16,17-decahydro- 6H-cyclopenta[a]phenanthren-17-ol",,,52736,,,,
Pharmaceutical Impurities,"Fulvestrant 3-O-Methyl (7R,8R,9S,13S,14S,17S)-3-(methoxy)-13-methyl-7-(9-(4,4,5,5,5-","(7R,8R,9S,13S,14S,17S)-3-(methoxy)-13-methyl-7-(9-(4,4,5,5,5- pentafluoropentylsulfinyl)nonyl)-7,8,9,11,12,13,14,15,16,17-decahydro- 6H-cyclopenta[a]phenanthren-17-ol",1221256-46-7,,52737,,,,
Pharmaceutical Impurities,Fulvestrant 3-Sulfate Sodium API : Gabapentin,"Sodium (7R,8R,9S,13S,14S,17S)-17-hydroxy-13-methyl-7-(9-((R-",403656-83-7,,52738,,,,
Pharmaceutical Impurities,"Gabapentin EP Impurity A 3-Azaspiro-[4,5]decan-3-one;","3-Azaspiro-[4,5]decan-3-one; Gabapentin Lactam",64744-50-9,,52749,,,,
Pharmaceutical Impurities,Gabapentin EP Impurity B (1-Cyanocyclohexyl)acetic,(1-Cyanocyclohexyl)acetic acid,133481-09-1,,52750,,,,
Pharmaceutical Impurities,Gabapentin EP Impurity D (1-(3-Oxo-2-aza-spiro[4.5]dec-2-ylmethyl)-cyclohexyl)acetic,(1-(3-Oxo-2-aza-spiro[4.5]dec-2-ylmethyl)-cyclohexyl)acetic acid,1076198-17-8,,52751,,,,
Pharmaceutical Impurities,Gabapentin EP Impurity E Carboxymethyl-cyclohexanecarboxylic,Carboxymethyl-cyclohexanecarboxylic acid,67950-95-2,,52752,,,,
Pharmaceutical Impurities,Gabapentin EP Impurity G [1-(2-Aminoethyl)cyclohexyl]acetic API : Glimepiride,[1-(2-Aminoethyl)cyclohexyl]acetic acid,1500558-49-5,,52753,,,,
Pharmaceutical Impurities,Glimepiride Working 1-[[p-[2-(3-Ethyl-4-methyl-2-oxo-3-pyrroline-1-carboxamido)ethyl] Standard phenyl]sulfonyl]-3-(trans-4-methylcyclohexyl)urea,1-[[p-[2-(3-Ethyl-4-methyl-2-oxo-3-pyrroline-1-carboxamido)ethyl],93479-97-1,,52764,,,,
Pharmaceutical Impurities,"Glimepiride Related 3-Ethyl-4-methyl-2-oxo-N-(4-sulfamoylphenethyl)-2,5-dihydro-1H- Compound B pyrrole-1-carboxamide",,119018-29-0,,52765,,,,
Pharmaceutical Impurities,Glimepiride Related Methyl,"((4-(2-(3-ethyl-4-methyl-2-oxo-2,5-dihydro-1H-pyrrole- phenyl)sulfonyl)carbamate",119018-30-3,,52766,,,,
Pharmaceutical Impurities,Glimepiride Impurity API : Glycopyrrolate,"3-Ethyl-4-methyl-2,5-dihydro-1H-pyrrol-2-one; 3-Ethyl-4-methyl-3-pyrrolin-2-one",766-36-9,,52767,,,,
Pharmaceutical Impurities,Glycopyrrolate Impurity,"1,1-Dimethyl-3-hydroxypyrrolidinium Bromide",51052-74-5,,52779,,,,
Pharmaceutical Impurities,Glycopyrronium API : Guanfacine,a-Cyclopentylmandelic Acid,427-49-6,,52780,,,,
Pharmaceutical Impurities,Guanfacine Impurity,"2-(2,6-Dichlorophenyl)acetamide",78433-88-2,,52789,,,,
Pharmaceutical Impurities,Guanfacine Impurity,"2,4-Dichlorophenylacetic acid",19719-28-9,,52790,,,,
Pharmaceutical Impurities,Guanfacine Impurity API : Hydrocortisone,"3,4-Dichlorophenylacetic acid",5807-30-7,,52791,,,,
Pharmaceutical Impurities,Hydrocortisone EP Impurity A,"(11b)-11,17,21-Trihydroxy-pregna-1,4-diene-3,20-dione; Prednisolone",50-24-8,,52804,,,,
Pharmaceutical Impurities,Hydrocortisone EP Impurity B,"17,21-Dihydroxy-pregn-4-ene-3,11,20-trione",53-06-5,,52805,,,,
Pharmaceutical Impurities,Hydrocortisone EP Impurity C,"11b,17a,21-Trihydroxy-4-pregnene-3,20-dione-21-acetate; Hydrocortisone acetate",50-03-3,,52806,,,,
Pharmaceutical Impurities,Hydrocortisone EP Impurity D,"6b,11b,17,21-Tetrahydroxypregn-4-ene-3,20-dione",53-35-0,,52807,,,,
Pharmaceutical Impurities,Hydrocortisone EP Impurity E,"11b,17,21-Trihydroxypregna-4,6-diene-3,20-dione; 6-Dehydrocortisol",600-99-7,,52808,,,,
Pharmaceutical Impurities,Hydrocortisone EP Impurity F,"17,21-Dihydroxypregn-4-ene-3,20-dione; 11-Deoxycortisol",152-58-9,,52809,,,,
Pharmaceutical Impurities,Hydrocortisone EP Impurity G,"11b,17-Dihydroxy-3,20-dioxopregn-4-en-21-al; Hydrocortisone 21-Aldehyde",14760-49-7,,52810,,,,
Pharmaceutical Impurities,Hydrocortisone EP Impurity J,"11b,21-Dihydroxy-3,20-dioxopregn-4-en-17-yl acetate; Hydrocortisone-17-Acetate",16463-74-4,,52811,,,,
Pharmaceutical Impurities,Hydrocortisone EP Impurity K,"17-Hydroxy-3,20-dioxopregn-4-en-21-yl acetate",640-87-9,,52812,,,,
Pharmaceutical Impurities,Hydrocortisone EP Impurity L API : Ibuprofen,"11b,17-Dihydroxypregn-4-ene-3,20-dione; 21-Deoxycortisol",641-77-0,,52813,,,,
Pharmaceutical Impurities,Ibuprofen EP Impurity J API : Imatinib,2-(4-Isobutyrylphenyl)propanoic acid,65813-55-0,,52824,,,,
Pharmaceutical Impurities,Imatinib Impurity API : Isonizid,n-Butyl methanesulfonate,1912-32-9,,52839,,,,
Pharmaceutical Impurities,Isonizid Impurity,Picolinohydrazide; Pyridine-2-carbohydrazide,1452-63-7,,52849,,,,
Pharmaceutical Impurities,Isonizid Impurity,Nicotinohydrazide; 3-Pyridine carboxylic hydrazide,553-53-7,,52850,,,,
Pharmaceutical Impurities,Isoniazide Dimer API : Itopride,"3,5-Di(pyridin-4-yl)-4H-1,2,4-triazol-4-amine",38634-05-8,,52851,,,,
Pharmaceutical Impurities,Itopride Impurity,Itopride Imp.B/Itopride Imp.1; 4-[2-(Dimethyl amino)ethoxy] benzylamine dihydrochloride,886448-11-9,,52864,,,,
Pharmaceutical Impurities,Itopride Impurity,Itopride Impurity A HCl Salt,24197-95-3,,52865,,,,
Pharmaceutical Impurities,Itopride N-Oxide,"N-[[4-[2-(Dimethyloxidoamino)ethoxy]phenyl]methyl]-3,4- dimethoxybenzamide; N-[[4-[2-(Dimethylamino)ethoxy]phenyl]methyl]- 3,4-dimethoxybenzamide N-Oxide",141996-98-7,,52866,,,,
Pharmaceutical Impurities,Itopride Impurity API : Itraconazole,4-[2-(Dimethylamino)ethoxy]benzylamine. 2 HCl,20059-73-8,,52867,,,,
Pharmaceutical Impurities,Itraconazole,"4-[4-[4-[4-[[cis-2-(2,4-Dichlorophenyl)-2-(1H-1,2,4-triazol-1-ylmethyl)- 1,3-dioxolan-4-yl]methoxy] phenyl]piperazin-1-yl]phenyl]-2-[(1RS)-1- methylpropyl]-2,4-dihydro-3H-1,2,4-triazol-3-one",84625-61-6,,52879,,,,
Pharmaceutical Impurities,"Itraconazole EP 2,4-Dihydro-4-[4-[4-(4-methoxyphenyl)-1-piperazinyl]phenyl]-2-","2,4-Dihydro-4-[4-[4-(4-methoxyphenyl)-1-piperazinyl]phenyl]-2- (1-methylpropyl)-3H-1,2,4-triazol-3-one; Itraconazole 4-Methoxy Derivative",252964-68-4,,52880,,,,
Pharmaceutical Impurities,"Itraconazole EP 4-[4-[4-[4-[[cis-2-(2,4-Dichlorophenyl)-2-(4H-1,2,4-triazol-4-ylmethyl)-","4-[4-[4-[4-[[cis-2-(2,4-Dichlorophenyl)-2-(4H-1,2,4-triazol-4-ylmethyl)- 1,3-dioxolan-4-yl]methoxy]phenyl]piperazin-1-yl]phenyl]-2-[(1RS)- 1-methylpropyl]-2,4-dihydro-3H-1,2,4-triazol-3-one; Itraconazole N4-Isomer",854372-77-3,,52881,,,,
Pharmaceutical Impurities,"Itraconazole EP cis-4-[4-[4-[4-[[2-(2,4-Dichlorophenyl)-2-(1H-1,2,4-triazol-1-ylmethyl)-","cis-4-[4-[4-[4-[[2-(2,4-Dichlorophenyl)-2-(1H-1,2,4-triazol-1-ylmethyl)- 1,3-dioxolan-4-yl]methoxy]phenyl]-1-piperazinyl]phenyl]-2,4-dihydro- 2-propyl-3H-1,2,4-triazol-3-one; Propyl Itraconazole",74855-91-7,,52882,,,,
Pharmaceutical Impurities,"Itraconazole EP cis-4-[4-[4-[4-[[2-(2,4-Dichlorophenyl)-2-(1H-1,2,4-triazol-1-ylmethyl)-","cis-4-[4-[4-[4-[[2-(2,4-Dichlorophenyl)-2-(1H-1,2,4-triazol-1-ylmethyl)- 1,3-dioxolan-4-yl]methoxy]phenyl]-1-piperazinyl]phenyl]-2,4-dihydro- 2-(1-methylethyl)-3H-1,2,4-triazol-3-one; Isopropyl Itraconazole",89848-49-7,,52883,,,,
Pharmaceutical Impurities,"Itraconazole EP 4-[4-[4-[4-[[trans-2-(2,4-Dichlorophenyl)-2-(1H-1,2,4-triazol-1-ylmethyl)-","4-[4-[4-[4-[[trans-2-(2,4-Dichlorophenyl)-2-(1H-1,2,4-triazol-1-ylmethyl)- 1,3-dioxolan-4-yl]methoxy]phenyl]piperazin-1-yl]phenyl]-2-[(1RS)-1- methylpropyl]-2,4-dihydro-3H-1,2,4-triazol-3-one; trans-Itraconazole",252964-65-1,,52884,,,,
Pharmaceutical Impurities,"Itraconazole EP cis-2-Butyl-4-[4-[4-[4-[[2-(2,4-Dichlorophenyl)-2-(1H-1,2,4-triazol-1-","cis-2-Butyl-4-[4-[4-[4-[[2-(2,4-Dichlorophenyl)-2-(1H-1,2,4-triazol-1- ylmethyl)-1,3-dioxolan-4-yl]methoxy]phenyl]-1-piperazinyl]phenyl]- 2,4-dihydro-3H-1,2,4-triazol-3-one; Butyl Itraconazole",89848-51-1,,52885,,,,
Pharmaceutical Impurities,"Itraconazole EP 4-[4-[4-[4-[[cis-2-(2,4-Dichlorophenyl)-2-(1H-1,2,4-triazol-1-ylmethyl)-","4-[4-[4-[4-[[cis-2-(2,4-Dichlorophenyl)-2-(1H-1,2,4-triazol-1-ylmethyl)- 1,3-dioxolan-4-yl]methoxy]phenyl]piperazin-1-yl]phenyl]-2-[[cis-2-(2,4- dichloro phenyl)-2-(1H-1,2,4-triazol-1-ylmethyl)-1,3-dioxolan-4-yl] methyl]-2,4-dihydro-3H-1,2,4-triazol-3-one",,,52886,,,,
Pharmaceutical Impurities,"Itraconazole aniline 4-(4-(4-(((2R,4S)-2-((1H-1,2,4-Triazol-1-yl)methyl)-2-(2,4-dichlorophenyl)-","4-(4-(4-(((2R,4S)-2-((1H-1,2,4-Triazol-1-yl)methyl)-2-(2,4-dichlorophenyl)- 1,3-dioxolan-4-yl)methoxy)phenyl)piperazin-1-yl)aniline; Des-(1-(sec-butyl)-1H-1,2,4-triazol-5(4H)-one) Itraconazole",1437468-62-6,,52887,,,,
Pharmaceutical Impurities,"Itraconazole cis-[2-(2,4-Dichlorophenyl)-2-(1H-1,2,4-triazol-1-yl-methyl)-1,3-","cis-[2-(2,4-Dichlorophenyl)-2-(1H-1,2,4-triazol-1-yl-methyl)-1,3- dioxolan-4-yl]methyl methanesulfonate",67914-86-7,,52888,,,,
Pharmaceutical Impurities,"Itraconazole 4-(4-(4-(4-(((2R,4S)-2-((1H-1,2,4-Triazol-1-yl)methyl)-2-(2,4-dichlorophenyl)-","4-(4-(4-(4-(((2R,4S)-2-((1H-1,2,4-Triazol-1-yl)methyl)-2-(2,4-dichlorophenyl)- 1,3-dioxolan-4-yl)methoxy)phenyl)piperazin-1-yl)phenyl)semi carbazide",89848-13-5,,52889,,,,
Pharmaceutical Impurities,"Itraconazole Hydroxy 4-[4-[4-[4-Hydroxyphenyl]piperazin-1-yl]phenyl]-2-butyl-2,4-dihydro-","4-[4-[4-[4-Hydroxyphenyl]piperazin-1-yl]phenyl]-2-butyl-2,4-dihydro- 3H-1,2,4-triazol-3-one",,,52890,,,,
Pharmaceutical Impurities,Itraconazole Hydroxy 4-[4-[4-[4-Hydroxyphenyl]piperazin-1-yl]phenyl]-2-(1-methylpropyl)-,"4-[4-[4-[4-Hydroxyphenyl]piperazin-1-yl]phenyl]-2-(1-methylpropyl)- 2,4-dihydro-3H-1,2,4-triazol-3-one",106461-41-0,,52891,,,,
Pharmaceutical Impurities,"Itraconazole Hydroxy 4-[4-[4-[4-Hydroxyphenyl]piperazin-1-yl]phenyl]-2-isopropyl-2,4- Isopropyltriazolone Impuritydihydro-3H-1,2,4-triazol-3-one","4-[4-[4-[4-Hydroxyphenyl]piperazin-1-yl]phenyl]-2-isopropyl-2,4-",,,52892,,,,
Pharmaceutical Impurities,"Itraconazole Hydroxy 4-[4-[4-[4-Hydroxyphenyl]piperazin-1-yl]phenyl]-2-propyl-2,4-dihydro-","4-[4-[4-[4-Hydroxyphenyl]piperazin-1-yl]phenyl]-2-propyl-2,4-dihydro- 3H-1,2,4-triazol-3-one",,,52893,,,,
Pharmaceutical Impurities,Itraconazole Methoxy 4-[4-(4-Methyloxy-phenyl)-piperazin-1-yl]-phenylamine Amino Impurity,4-[4-(4-Methyloxy-phenyl)-piperazin-1-yl]-phenylamine,74852-62-3,,52894,,,,
Pharmaceutical Impurities,"Itraconazole Methoxy 4-[4-[4-[4-Methoxyphenyl]piperazin-1-yl]phenyl]-2-isopropyl-2,4- Isopropyltriazolone Impuritydihydro-3H-1,2,4-triazol-3-one","4-[4-[4-[4-Methoxyphenyl]piperazin-1-yl]phenyl]-2-isopropyl-2,4-",,,52895,,,,
Pharmaceutical Impurities,Itraconazole Methoxy 1-(4-Methoxyphenyl)-4-(4-hydrazinylcarbonylaminophenyl)piperazine Hydrazinyl Impurity,1-(4-Methoxyphenyl)-4-(4-hydrazinylcarbonylaminophenyl)piperazine,,,52896,,,,
Pharmaceutical Impurities,"Itraconazole Methoxy 4-[4-[4-[4-Methoxyphenyl]piperazin-1-yl]phenyl]-2-butyl-2,4-dihydro-","4-[4-[4-[4-Methoxyphenyl]piperazin-1-yl]phenyl]-2-butyl-2,4-dihydro- 3H-1,2,4-triazol-3-one",,,52897,,,,
Pharmaceutical Impurities,"Itraconazole Methoxy 4-[4-[4-[4-Methoxyphenyl]piperazin-1-yl]phenyl]-2-propyl-2,4-","4-[4-[4-[4-Methoxyphenyl]piperazin-1-yl]phenyl]-2-propyl-2,4- dihydro-3H-1,2,4-triazol-3-one",,,52898,,,,
Pharmaceutical Impurities,Itraconazole Methoxy 1-(4-Methoxyphenyl)-4-(4-phenoxycarbonylaminophenyl)piperazine Phenoxy Impurity,1-(4-Methoxyphenyl)-4-(4-phenoxycarbonylaminophenyl)piperazine,,,52899,,,,
Pharmaceutical Impurities,Itraconazole Methoxy 1-(4-Methoxyphenyl)-4-(4-nitrophenyl)piperazine Nitro Impurity,1-(4-Methoxyphenyl)-4-(4-nitrophenyl)piperazine,,,52900,,,,
Pharmaceutical Impurities,"Itraconazole Methoxy 4-[4-[4-[4-Methoxyphenyl]piperazin-1-yl]phenyl]-2,4-dihydro- Triazolone Impurity 3H-1,2,4-triazol-3-one",,74853-07-9,,52901,,,,
Pharmaceutical Impurities,"Itraconazole –Desalkyl 4-(4-(4-(4-(((2R,4S)-2-((1H-1,2,4-Triazol-1-yl)methyl)-2-(2,4-dichloro Impurity phenyl)-1,3-dioxolan-4-yl)methoxy)phenyl)piperazin-1-yl)phenyl)- 2H-1,2,4-triazol-3(4H)-one",,89848-41-9,,52902,,,,
Pharmaceutical Impurities,"Itraconazole Nitrophenyl 1-(4-(((2R,4S)-2-((1H-1,2,4-Triazol-1-yl)methyl)-2-(2,4-dichlorophenyl)- Impurity 1,3-dioxolan-4-yl)methoxy)phenyl)-4-(4-nitrophenyl)piperazine API : Ivermectin",,1437468-92-2,,52903,,,,
Pharmaceutical Impurities,"Ivermectin Impurity D 5-O-Demethyl-22,23-dihydro-28-oxo-avermectin API : Ketoconazole",A1,102190-55-6,,52914,,,,
Pharmaceutical Impurities,"Ketoconazole Impurity C rel-1-Acetyl-4-[4-[[(2R,4R)-2-(2,4-dichlorophenyl)-2-(1H-imidazol-1- 4-[4-[[2-(2,4-dichlorophenyl)-2-(1H-imidazol-1-ylmethyl)-1,3-dioxolan- 4-yl]methoxy]phenyl]piperazine API : Ketorolac",trans-1-Acetyl-,83374-59-8,,52924,,,,
Pharmaceutical Impurities,"Ketorolac USP Related (1RS)-5-Benzoyl-2,3-dihydro-1H-pyrrolizin-1-ol; Impurity A",1-Hydroxy Ketorolac,154476-25-2,,52934,,,,
Pharmaceutical Impurities,"Ketorolac EP Impurity B; 5-Benzoyl-2,3-dihydro-1H-pyrrolizin-1-one; Ketorolac USP Related Compound C",1-Keto Ketorolac,113502-52-6,,52935,,,,
Pharmaceutical Impurities,"Ketorolac EP Impurity D (1RS)-5-Benzoyl-1-methoxy-2,3-dihydro-1H-pyrrolizine-1-carboxylic",sodium salt; rac 1-Methoxy Ketorolac,1391053-45-4,,52936,,,,
Pharmaceutical Impurities,"Ketorolac EP Impurity F (1RS)-7-Benzoyl-2,3-dihydro-1H-pyrrolizine-1-carboxylic",Acid; Ketorolac 7-Benzoyl Isomer,1391052-68-8,,52937,,,,
Pharmaceutical Impurities,Ketorolac EP Impurity G Methyl,"(1RS)-5-benzoyl-1-hydroxy-2,3-dihydro-1H-pyrrolizine-1- rac 1-Hydroxy Ketorolac Methyl Ester",1391051-90-3,,52938,,,,
Pharmaceutical Impurities,Ketorolac EP Impurity H Methyl,"(1RS)-5-benzoyl-2,3-dihydro-1H-pyrrolizine-1-carboxylate; Methyl Ester",80965-09-9,,52939,,,,
Pharmaceutical Impurities,"Ketorolac USP Related 2,3-Dihydro-1H-pyrrolizin-5-yl)phenylmethanone; Impurity I",Ketorolac,113502-55-9,,52940,,,,
Pharmaceutical Impurities,Ketorolac Ethyl Ester; Ethyl Ketorolac EP Impurity J,"(1RS)-5-benzoyl-2,3-dihydro-1H-pyrrolizine-1-carboxylate",108061-03-6,,52941,,,,
Pharmaceutical Impurities,"(+)-Ketorolac; (1R)-5-Benzoyl-2,3-dihydro-1H-pyrrolizine-1-carboxylic R-(+)-Ketorolac",Acid,66635-93-6,,52942,,,,
Pharmaceutical Impurities,"(-)-Ketorolac; (1S)-5-Benzoyl-2,3-dihydro-1H-pyrrolizine-1-carboxylic S-(-)-Ketorolac",Acid,66635-92-5,,52943,,,,
Pharmaceutical Impurities,"Ketorolac Impurity E (1RS)-5-benzoyl-N-[2-hydroxy-1,1-bis(hydroxymethyl)-ethyl]-2,3- dihydro-1H-pyrrolizine-1-carboxamide",,167105-80-8,,52944,,,,
Pharmaceutical Impurities,"Ketorolac acid 5-Benzoyl-2,3-dihydro-1H-pyrrolizine-1-carboxylic",Acid; (±)-Ketorolac,74103-06-3,,52945,,,,
Pharmaceutical Impurities,"Ketorolac Impurity C EP 6-Benzoyl-2,3-dihydro-1H-pyrrolizine-1-carboxylic API : Labetalol",Acid,1026936-07-1,,52946,,,,
Pharmaceutical Impurities,Labetalol Impurity 5-Acetylsalicylamide,,40187-51-7,,52959,,,,
Pharmaceutical Impurities,Labetalol Impurity 1-Methyl-3-phenylpropylamine,,22374-89-6,,52960,,,,
Pharmaceutical Impurities,Labetalol Impurity 5-Bromoacetylsalicylamide,,73866-23-6,,52961,,,,
Pharmaceutical Impurities,Labetalol Impurity 2-Hydroxy-5-(1-hydroxyethyl)benzamide,,2724509-52-6,,52962,,,,
Pharmaceutical Impurities,Lacosamide Impurity,(R )-Methyl 2-amino-3-methoxypropanoate hydrochloride,1800300-79-1,,52974,,,,
Pharmaceutical Impurities,Lacosamide Impurity G,N-Benzylacetamide,588-46-5,,52975,,,,
Pharmaceutical Impurities,Lacosamide Impurity,Benzylamine,100-46-9,,52976,,,,
Pharmaceutical Impurities,Lacosamide EP Impurity B,(2R)-2-(Acetylamino)-3-(acetyloxy)-N-(phenylmethyl)-propanamide; O-acetyl lacosamide,1318777-54-6,,52977,,,,
Pharmaceutical Impurities,Lacosamide Impurity C,(2R)-2-[Acetyl(methyl)amino]-N-benzyl-3-methoxypropanamide,2742962-60-1,,52978,,,,
Pharmaceutical Impurities,Lacosamide Impurity F,(2 )-2-Acetamido-N-benzyl-3-hydroxypropanamide; 2-Acetamido-N- benzyl-3-hydroxypropanamide,171623-02-2,,52979,,,,
Pharmaceutical Impurities,Lacosamide Impurity I,(R)-N-Benzyl-2-(3-benzylureido)-3-methoxypropanamide; (2R)-3- Methoxy-N-(phenylmethyl)-2-[[[(phenylmethyl) amino]carbonyl]amino]propanamide,2295925-90-3,,52980,,,,
Pharmaceutical Impurities,Lacosamide Impurity C API : Lactitol Monohydrate,"N,N`-Bis(phenylmethyl)urea",1466-67-7,,52981,,,,
Pharmaceutical Impurities,Lactitol Monohydrate-Impurity API : Lamivudine,C D-Mannitol,69-65-8,,52994,,,,
Pharmaceutical Impurities,Lamivudine,"4-Amino-1-[(2S,5S)-2-(hydroxymethyl)-1,3-oxathiolan-5-yl]-2(1H)- pyrimidinone",136846-20-3,,53004,,,,
Pharmaceutical Impurities,Lamivudin Sulfoxide 2,"4-Amino-1-((2R,3R,5S)-2-(hydroxymethyl)-3-oxido-1,3-oxathiolan-5- yl)pyrimidin-2(1H)-one 2,2,2-trifluoroacetate",160552-54-5,,53005,,,,
Pharmaceutical Impurities,Lamivudine EP Impurity E API : Lamotrigine,4-aminopyrimidin-2(1H)-one,71-30-7,,53006,,,,
Pharmaceutical Impurities,Lamotrigine Impurity A,"3-Amino-6-(2,3-dichlorophenyl)-1,2,4-triazin-5(4H)-one",252186-78-0,,53014,,,,
Pharmaceutical Impurities,Lamotrigine Impurity B,"2-(2,3-Dichlorophenyl)-2-(guanidinoimino)acetonitrile",94213-24-8,,53015,,,,
Pharmaceutical Impurities,Lamotrigine Impurity,Methyl methane sulfonate; Methanesulfonic Acid Methyl Ester,66-27-3,,53016,,,,
Pharmaceutical Impurities,Lamotrigine USP Related compound B API : Leflunomide,"2,3-Dichlorobenzoic acid",50-45-3,,53017,,,,
Pharmaceutical Impurities,Leflunomide EP Impurity A,4-(Trifluoromethyl)aniline,455-14-1,,53029,,,,
Pharmaceutical Impurities,Leflunomide EP Impurity B,(Z)-2-Cyano-3-hydroxy-N-(4-(trifluoromethyl)phenyl)but-2-enamide,163451-81-8,,53030,,,,
Pharmaceutical Impurities,Leflunomide EP Impurity C,5-Methyl-N-[3-(trifluoromethyl)phenyl]isoxazole-4-carboxamide,61643-23-0,,53031,,,,
Pharmaceutical Impurities,Leflunomide EP Impurity D,5-Methylisoxazole-4-carboxylic acid,42831-50-5,,53032,,,,
Pharmaceutical Impurities,Leflunomide EP Impurity E,3-Methyl-N-[4-(trifluoromethyl)phenyl]isoxazole-4-carboxamide,208401-20-1,,53033,,,,
Pharmaceutical Impurities,Leflunomide EP Impurity F,5-Methyl-N-[2-(trifluoromethyl)phenyl]isoxazole-4-carboxamide,1403564-06-6,,53034,,,,
Pharmaceutical Impurities,Leflunomide EP Impurity G,5-Methyl-N-(p-tolyl)isoxazole-4-carboxamide,724429-16-7,,53035,,,,
Pharmaceutical Impurities,Leflunomide EP Impurity H,2-Cyano-N-[4-(trifluoromethyl)phenyl]acetamide,24522-30-3,,53036,,,,
Pharmaceutical Impurities,Leflunomide Impurity,3-(Trifluoromethyl)aniline; 3-Aminobenzotrifluoride,98-16-8,,53037,,,,
Pharmaceutical Impurities,Leflunomide Impurity,2-(Trifluoromethyl)aniline; 2-Aminobenzotrifluoride,88-17-5,,53038,,,,
Pharmaceutical Impurities,Leflunomide Impurity,2-Cyanoacetic acid,372-09-8,,53039,,,,
Pharmaceutical Impurities,Leflunomide Impurity,3-Methyl-4-isoxazolecarboxylic acid,17153-20-7,,53040,,,,
Pharmaceutical Impurities,Leflunomide Impurity,Ethyl 5-Methylisoxazole-4-carboxylate,51135-73-0,,53041,,,,
Pharmaceutical Impurities,Leflunomide Impurity,[4-(Trifluoromethyl)phenyl]carbamic acid,171171-44-1,,53042,,,,
Pharmaceutical Impurities,Lenalidomide Impurity,"LEN-1, 4-Nitro Lenalidomide; 3-(4-Nitro-1-oxoisoindolin-2-yl) piperidin-2,6-dione",827026-45-9,,53054,,,,
Pharmaceutical Impurities,Lenalidomide Impurity,"LEN-G; 3-Aminopiperidine-2,6-dione hydrochloride",24666-56-6,,53055,,,,
Pharmaceutical Impurities,Lenalidomide Impurity,LEN-B; 2-(Bromomethyl)-3-nitrobenzoic acid methyl ester,98475-07-1,,53056,,,,
Pharmaceutical Impurities,Lenalidomide Impurity,2-Methyl-3-nitrobenzoic acid,1975-50-4,,53057,,,,
Pharmaceutical Impurities,Lenalidomide Impurity,Methyl 2-methyl-3-nitrobenzoate,59382-59-1,,53058,,,,
Pharmaceutical Impurities,Lenalidomide Impurity,Methyl 2-methyl-5-nitrobenzoate,77324-87-9,,53059,,,,
Pharmaceutical Impurities,Lenalidomide Impurity API : Levetiracetam,"2,6-Dioxo-3-piperidinecarbamic acid tert-butyl ester [3-Boc-amino-2,6-dioxopiperidine]",31140-42-8,,53060,,,,
Pharmaceutical Impurities,Levetiracetam Impurity,L-2-Aminobutyric acid,1492-24-6,,53074,,,,
Pharmaceutical Impurities,Levetiracetam Impurity API : Levofloxacin,R-(+)-1-Phenylethylamine,3886-69-9,,53075,,,,
Pharmaceutical Impurities,Levofloxacin RC A,"(S)-9-fluoro-2,3-dihydro-3-methyl-10-(piperazin-1-yl)-7-oxo-7H- pyrido[1,2,3-de]-1,4-benzoxazine-6-carboxylic acid",117707-40-1,,53089,,,,
Pharmaceutical Impurities,Decarboxy Levofloxacin API : Lidocaine,"(3S)-9-Fluoro-2,3-dihydro-3-methyl-10-(4-methyl-1-piperazinyl)-7H- pyrido[1,2,3-de]-1,4-benzoxazin-7-one",178964-53-9,,53090,,,,
Pharmaceutical Impurities,Lidocaine Impurity,"n-Dichloroacetyl-2,6-xylidine",39084-88-3,,53104,,,,
Pharmaceutical Impurities,Lidocaine Impurity,"2-Chloro-2',6'-dimethylacetanilide",1131-01-7,,53105,,,,
Pharmaceutical Impurities,Lidocaine Impurity API : Linagliptin,"2-(Diethylamino)-2’,4’-acetoxylidide Monohydrochloride",17289-54-2,,53106,,,,
Pharmaceutical Impurities,N-Aminoacyl Linagliptin,"(R)-1-(1-(7-(but-2-yn-1-yl)-3-methyl-1-((4-methylquinazolin-2-yl) methyl)-2,6-dioxo-2,3,6,7-tetrahydro-1H-purin-8-yl)piperidin-3-yl)urea",2983074-55-9,,53119,,,,
Pharmaceutical Impurities,Linagliptin Methyl API : Linezolid,"8-((R)-3-aminopiperidin-1-yl)-7-(but-2-yn-1-yl)-1-((4-(2-(((R)-1- (7-(but-2-yn-1-yl)-3-methyl-1-((4-methylquinazolin-2-yl)methyl)- 2,6-dioxo-2,3,6,7-tetrahydro-1H-purin-8-yl)piperidin-3-yl)amino)ethyl) quinazolin-2-yl)methyl)-3-methyl-3,7-dihydro-1H-purine-2,6-dione",2463617-49-2,,53120,,,,
Pharmaceutical Impurities,Linezolid Impurity C API : Lisinopril,(5S)-5-(aminomethyl)-3-(3-fluoro-4-morpholinophenyl)oxazolidin-2-one,168828-90-8,,53134,,,,
Pharmaceutical Impurities,Lisinopril Impurity,Ne-Trifluoroacetyl-L-lysine,10009-20-8,,53144,,,,
Pharmaceutical Impurities,Lisinopril Impurity API : Loratidine,p-Toluene Sulfonic Acid Monohydrate,6192-52-5,,53145,,,,
Pharmaceutical Impurities,Loratadine Impurity,N-Carbethoxy-4-piperidone,29976-53-2,,53156,,,,
Pharmaceutical Impurities,Loratidine-N-oxide API : Losartan,"(4-(8-Chloro-5, 6-dihydro-1-oxido-11H-benzo [5, 6] cyclohepta [1, 2-b] pyridin-11-ylidene)-1-piperidinecarboxylic acid ethyl ester",165739-62-8,,53157,,,,
Pharmaceutical Impurities,Losartan EP Impurity A,(2-Butyl-4-chloro-1H-imidazol-5-yl)methanol,79047-41-9,,53168,,,,
Pharmaceutical Impurities,Losartan EP Impurity B,"(2'-(1H-Tetrazol-5-yl)-[1,1'-biphenyl]-4-yl)methanol",160514-13-6,,53169,,,,
Pharmaceutical Impurities,Losartan EP Impurity C,"(1-((2'-(1H-Tetrazol-5-yl)-[1,1'-biphenyl]-4-yl)methyl)-2-butyl-5-chloro- 1H-imidazol-4-yl)methanol",114799-13-2,,53170,,,,
Pharmaceutical Impurities,Losartan EP Impurity D,2-Butyl-4-chloro-1H-imidazole-5-carbaldehyde,83857-96-9,,53171,,,,
Pharmaceutical Impurities,Losartan EP Impurity E,"5-(4'-Methyl-[1,1'-biphenyl]-2-yl)-1H-tetrazole",120568-11-8,,53172,,,,
Pharmaceutical Impurities,Losartan EP Impurity F,"5-(4'-((2-Butyl-4-chloro-5-(isopropoxymethyl)-1H-imidazol-1-yl)methyl)- [1,1'-biphenyl]-2-yl)-1H-tetrazole; Losartan Isopropyl Ether",1332713-64-0,,53173,,,,
Pharmaceutical Impurities,Losartan EP Impurity G,Triphenylmethanol; Losartan Trityl Alcohol Impurity,76-84-6,,53174,,,,
Pharmaceutical Impurities,N1-Trityl Losartan,"(2-Butyl-4-chloro-1-((2'-(1-trityl-1H-tetrazol-5-yl)-[1,1'-biphenyl]-4-yl) methyl)-1H-imidazol-5-yl)methanol",124751-00-4,,53175,,,,
Pharmaceutical Impurities,Losartan EP Impurity I,"5-(4'-((2-Butyl-4-chloro-5-((trityloxy)methyl)-1H-imidazol-1-yl)methyl)- [1,1'-biphenyl]-2-yl)-1H-tetrazole; Losartan Trityl Ether",1006062-28-7,,53176,,,,
Pharmaceutical Impurities,Losartan EP Impurity J,"(1-((2'-(1H-Tetrazol-5-yl)-[1,1'-biphenyl]-4-yl)methyl)-2-butyl-4-chloro- 1H-imidazol-5-yl)methyl acetate",1006062-27-6,,53177,,,,
Pharmaceutical Impurities,Losartan EP Impurity K,"1-((2'-(1H-Tetrazol-5-yl)-[1,1'-biphenyl]-4-yl)methyl)-2-butyl-4-chloro- 1H-imidazole-5-carbaldehyde; Losartan Aldehyde",114798-36-6,,53178,,,,
Pharmaceutical Impurities,Losartan EP,"(1-((2'-(1-((1-((2'-(1H-Tetrazol-5-yl)-[1,1'-biphenyl]-4-yl)methyl)-2-butyl- 4-chloro-1H-imidazol-5-yl)methyl)-1H-tetrazol-5-yl)-[1,1'-biphenyl]-4-yl) methyl)-2-butyl-4-chloro-1H-imidazol-5-yl)methanol; Losartan N1-Dimer",230971-71-8,,53179,,,,
Pharmaceutical Impurities,Losartan EP,"(1-((2'-(2-((1-((2'-(1H-Tetrazol-5-yl)-[1,1'-biphenyl]-4-yl)methyl)-2-butyl- 4-chloro-1H-imidazol-5-yl)methyl)-2H-tetrazol-5-yl)-[1,1'-biphenyl]-4-yl) methyl)-2-butyl-4-chloro-1H-imidazol-5-yl)methanol; Losartan N2-Dimer",230971-72-9,,53180,,,,
Pharmaceutical Impurities,Losartan Related,"4'-((2-Butyl-4-chloro-5-formyl-1H-imidazol-1-yl)methyl)- [1,1'-biphenyl]-2-carbonitrile",124750-67-0,,53181,,,,
Pharmaceutical Impurities,Losartan Related,"4'-((2-Butyl-4-chloro-5-hydroxymethyl-1H-imidazol-1-yl)methyl)- [1,1'-biphenyl]-2-carbonitrile",114772-55-3,,53182,,,,
Pharmaceutical Impurities,Losartan Impurity API : Lovastatin,2-(2-Methylphenyl)benzonitrile,157366-46-6,,53183,,,,
Pharmaceutical Impurities,Lovastatin API : Lurasidone,"(S)-(1S,3R,7S,8S,8aR)-8-(2-((2R,4R)-4-hydroxy-6-oxotetrahydro-2H-pyran- 2-yl)ethyl)-3,7-dimethyl-1,2,3,7,8,8a-hexahydronaphthalen-1-yl 2-methylbutanoate",75330-75-5,,53193,,,,
Pharmaceutical Impurities,Lurasidone Impurity 12,"(3aR,4S,7R,7aS)-(+/-)-Hexahydro-4,7-methano-1H-isoindole-1,3(2H)-dione",14805-29-9,,53203,,,,
Pharmaceutical Impurities,Lurasidone Impurity 13,"(1R,2R)-1,2-Bis(Hydroxymethyl)cyclohexane",25712-33-8,,53204,,,,
Pharmaceutical Impurities,Lurasidone Impurity 14,"trans-Cyclohex-4-ene-1,2-diyldimethanol",13149-04-7,,53205,,,,
Pharmaceutical Impurities,Lurasidone Impurity 15,(cis-2-Hydroxymethylcyclohexyl)methanol,15753-50-1,,53206,,,,
Pharmaceutical Impurities,Lurasidone Impurity API : Maropitant,"(1R,2R)-1,2-Cyclohexanedimethanol",65376-05-8,,53207,,,,
Pharmaceutical Impurities,Maropitant Impurity 8 API : Mefenamic acid,5-tert-butyl-2-methoxybenzyl alcohol,160744-54-7,,53218,,,,
Pharmaceutical Impurities,Mefenamic acid Impurity D API : Meloxicam,Benzoic acid,65-85-0,,53228,,,,
Pharmaceutical Impurities,Meloxicam,"4-Hydroxy-2-methyl-N-(5-methyl-2-thiazolyl)-2H-1,2-benzothiazine- 3-carboxamide 1,1-dioxide",71125-38-7,,53238,,,,
Pharmaceutical Impurities,Meloxicam USP Related Compound A; Meloxicam EP Impurity A,"Ethyl 4-Hydroxy-2-methyl-2H-1,2-benzothiazine-3-carboxylate 1,1-Dioxide",24683-26-9,,53239,,,,
Pharmaceutical Impurities,Meloxicam USP Related Compound B; Meloxicam EP Impurity B,2-Amino-5-methyl-thiazole,7305-71-7,,53240,,,,
Pharmaceutical Impurities,Meloxicam EP Impurity C,"[N(Z)]-N-(3,5-Dimethyl-2(3H)-thiazolylidene)-4-hydroxy-2-methyl- 2H-1,2-benzothiazine-3-carboxamide 1,1-Dioxide",1262333-25-4,,53241,,,,
Pharmaceutical Impurities,Meloxicam EP Impurity C,"N-[(2Z)-3-Ethyl-5-methylthiazol-2(3H)-ylidene]-4-hydroxy-2-methyl- 2H-1,2-benzothiazine-3-carboxamide-1,1-dioxide",1331636-17-9,,53242,,,,
Pharmaceutical Impurities,Meloxicam BP Impurity D;,"Methyl 4-Hydroxy-2-methyl-2H-1,2-benzothiazine-3-carboxylate 1,1-Dioxide; Piroxicam EP Impurity J",35511-15-0,,53243,,,,
Pharmaceutical Impurities,Meloxicam EP Impurity F;,"1-Methylethyl 4-hydroxy-2-methyl-2H-1,2-benzothiazine-3-carboxylate 1,1-dioxide",118854-48-1,,53244,,,,
Pharmaceutical Impurities,Meloxicam USP Related API : Memantine,"4-Methoxy-2-methyl-N-(5-methyl-1,3-thiazol-2yl)-2H-1,2-benzothiazine-NA 3-carboxamide-1,1-dioxide; 4-Methoxy Meloxicam; O-Methyl Meloxicam",,,53245,,,,
Pharmaceutical Impurities,Memantine Hydrochloride WS,"3,5-Dimethyl-1-adamantanamine hydrochloride",41100-52-1,,53258,,,,
Pharmaceutical Impurities,Memantine hydrochloride Related Compound A,"1,3-Dimethyladamantane",702-79-4,,53259,,,,
Pharmaceutical Impurities,Memantine hydrochloride Related Compound B,"3,5-Dimethyl-1-adamantanol",707-37-9,,53260,,,,
Pharmaceutical Impurities,Memantine hydrochloride Related Compound C,"1-Chloro-3,5-dimethyladamantane",707-36-8,,53261,,,,
Pharmaceutical Impurities,Memantine hydrochloride Related Compound D,"1-Bromo-3,5-dimethyladamantane",941-37-7,,53262,,,,
Pharmaceutical Impurities,Memantine hydrochloride Related Compound E,"N-Formyl memantine; N-(3,5-Dimethyladamantan-1-yl)formamide",351329-88-9,,53263,,,,
Pharmaceutical Impurities,Amantadine hydrochloride,1-Adamantylamine hydrochloride; 1-Aminoadamantane hydrochloride,665-66-7,,53264,,,,
Pharmaceutical Impurities,Memantine Impurity,"1,3-Adamantanediol",5001-18-3,,53265,,,,
Pharmaceutical Impurities,N-Acetyl Memantine API : Mesalazine,"1-Acetamido-3,5-dimethyladamantane",19982-07-1,,53266,,,,
Pharmaceutical Impurities,Mesalazine EP Imp. F,3-Aminosalicylic acid,570-23-0,,53278,,,,
Pharmaceutical Impurities,Mesalazine EP Imp. E,4-Aminosalicylic acid,65-49-6,,53279,,,,
Pharmaceutical Impurities,Mesalazine EP Imp. B,3-Aminophenol,591-27-5,,53280,,,,
Pharmaceutical Impurities,Mesalazine Impurity 3 API : Metformin,2-Amino-5-hydroxybenzoic acid,394-31-0,,53281,,,,
Pharmaceutical Impurities,Metformin Related Compound,A Cyanoguanidine; Dicyandiamide,461-58-5,,53293,,,,
Pharmaceutical Impurities,Metformin Related Compound API : Methotrexate,"C 2,4-Diamino-6-dimethylamino-1,3,5-triazine",1985-46-2,,53294,,,,
Pharmaceutical Impurities,Methotrexate Impurity A API : Methyldopa,"2,4-Diaminopyrimido[4,5-b]pyrazine-6-methanol; 2,4-Diamino-6-(hydroxymethyl)pteridine",945-24-4,,53308,,,,
Pharmaceutical Impurities,Methyldopa methyl ester API : Metronidazole,"3-(3,4-Dihydroxyphenyl)-2-methyl alanine methyl ester; Methyl (2S)-2- amino-3-(3,4-dihydroxyphenyl)-2-methylpropanoate",18181-08-3,,53318,,,,
Pharmaceutical Impurities,Metronidazole A API : Micafungin,2-Methyl-5-nitroimidazole,696-23-1,,53328,,,,
Pharmaceutical Impurities,Micafungin EP Impurity B,"sodium5-((1S,2S)-2-((2R,6S,11R,12R,14aS,15S,20S,23S,25aS)-20-((R)-3- amino-1-hydroxy-3-oxopropyl)-2,11,12,15-tetrahydroxy-6-((R)-1- hydroxyethyl)-5,8,14,19,22,25-hexaoxo-9-(4-(5-(4-(pentyloxy)phenyl) isoxazol-3-yl)benzamido)tetracosahydro-1H-dipyrrolo[2,1-c:2`,1`-l] [1,4,7,10,13,16]hexaazacyclohenicosin-23-yl)-1,2-dihydroxyethyl)-2- hydroxyphenyl sulfate; Desmethyl Micafungin",1392514-03-2,,53343,,,,
Pharmaceutical Impurities,Micafungin Impurity H,"Sodium5-[(1S,2S)-2-{(2R,6S,9S,11R,12S,14aS,15S,16S,20S,23S,25aS)-20- [(R)-3-amino 1-hydroxy-3-oxopropyl]-2,11,12,15-tetrahydroxy-6-[(R)-1- hydroxyethyl]-16-methyl 5,8,14,19,22,25-hexaoxo-9-(4-{5-[4-(pentyloxy) phenyl]isoxazol-3-yl}benzamido)tetracosahydro-1H-dipyrrolo[2,1-c:2', 1'-l][1,4,7,10,13,16]hexaazacyclohenicosin-23-yl}-1,2-dihydroxyethyl]-2- hydroxyphenyl sulfate; Micafungin Epimer Impurity",1392514-05-4,,53344,,,,
Pharmaceutical Impurities,Micafungin Impurity-E,"sodium 5-((1S,2S)-2-((2R,6S,9S,12R,14aS,15S,16S,20S,23S,25aS)- 20-((R)-3-amino-1-hydroxy-3-oxopropyl)-2,12,15-trihydroxy-6-((R)-1- hydroxyethyl)-16-methyl-5,8,14,19,22,25-hexaoxo-9-(4-(5-(4-(pentyloxy) phenyl)isoxazol-3-yl)benzamido)tetracosahydro-1H-dipyrrolo[2,1-c:2`, 1`-l][1,4,7,10,13,16]hexaazacyclohenicosin-23-yl)-1,2-dihydroxyethyl)-2- hydroxyphenyl sulfate; Deoxy Micafungin",1392514-06-5,,53345,,,,
Pharmaceutical Impurities,Micafungin Impurity C API : Miconazole,"Sodium-5-((1S,2S)-2-((2R,6S,9S,11R,12R,14aS,15S,16S,20S,23S,25aS)-20- ((R)-3-amino-1-hydroxy-3-oxopropyl)-2,11,12,15-tetrahydroxy-6- (hydroxymethyl)-16-methyl-5,8,14,19,22,25-hexaoxo-9-(4-(5-(4- (pentyloxy)phenyl)isoxazol-3-yl)benzamido)tetracosahydro-1H- dipyrrolo[2,1-c,2`,1`-l][1,4,7,10,13,16]hexaazacyclohenicosin-23-yl)-1,2- dihydroxyethyl)-2-hydroxyphenyl sulfate; Micafungin serine analog",1392514-04-3,,53346,,,,
Pharmaceutical Impurities,Miconazole Related compound C,"2-(2,4-Dichlorophenyl)-2-[(2,4-dichlorophenyl)methoxy]ethanamine",67358-54-7,,53358,,,,
Pharmaceutical Impurities,Miconazole EP Impurity A API : Mirabegron,"(1RS)-1-(2,4-Dichlorophenyl)-2-(-1H-imidazol-1-yl)ethanol",24155-42-8,,53359,,,,
Pharmaceutical Impurities,Mirabegron Impurity,"Ethyl 2-aminothiazol-4-ylacetate; Ethyl 2-(2-amino-1,3-thiazol-4-yl) acetate; Ethyl (2-amino-1,3-thiazol-4-yl)acetate; 2-Amino-4- thiazoleacetic acid ethyl ester; 2-Amino-4-[(ethoxycarbonyl)methyl]thiazole",53266-94-7,,53368,,,,
Pharmaceutical Impurities,Mirabegron Impurity API : Molnupravir,2-Amino-4-methylthiazole,1603-91-4,,53369,,,,
Pharmaceutical Impurities,Molnupravir Impurity A API : Montelukast,"1-((2R,3R,4S,5R)-3,4-Dihydroxy-5-(hydroxymethyl)tetrahydrofuran- 2-yl)-4-(hydroxyamino)pyrimidin-2(1H)-one",3258-02-4,,53378,,,,
Pharmaceutical Impurities,Montelukast EP Impurity A,1-[[[(1S)-1-[3-[(1E)-2-(7-Chloro-2-quinolinyl)ethenyl]phenyl]-3-[2- (1-hydroxy-1-methylethyl)phenyl]propyl]thio]methyl]cyclopropaneacetic acid sodium salt; Montelukast Sodium (S)-Isomer; Ent-Montelukast Sodium Salt,190078-45-6,,53388,,,,
Pharmaceutical Impurities,Montelukast EP Impurity B,[1-[[[(1R)-1-[3-[(E)-2-(7-Chloroquinolin-2-yl)ethenyl]phenyl]-3-[2- (prop-1-en-2- yl)phenyl]propyl]sulfanyl]methyl]cyclopropyl]acetic acid; Montelukast Methyl Styrene,918972-54-0,,53389,,,,
Pharmaceutical Impurities,Montelukast EP Impurity C,[1-[[[1-[3-[(E)-2-(7-chloroquinolin-2-yl)ethenyl]phenyl]-3- [2-(2-hydrox-ypropan-2-yl)phenyl]propyl]sulfinyl]methyl]cyclopropyl] acetic acid; Montelukast Sulphoxide,909849-96-3,,53390,,,,
Pharmaceutical Impurities,Montelukast EP Impurity D,"1-[[[(1R)-1-[3-[(1R)-1-[[[1-(Carboxymethyl)cyclopropyl]methyl]thio]- 2-(7-chloro-2-quinolinyl)ethyl]phenyl]-3-[2-(1-hydroxy-1-methylethyl) phenyl] propyl] thio]methyl]-cyclopropaneacetic acid; Montelukast Michael Adduct (R,R)-Isomer",1187586-61-3,,53391,,,,
Pharmaceutical Impurities,Montelukast EP Impurity E,"1-[[[(1R)-1-[3-[(1S)-1-[[[1-(Carboxymethyl)cyclopropyl]methyl]thio]- 2-(7-chloro-2-quinolinyl)ethyl]phenyl]-3-[2-(1-hydroxy-1-methylethyl) phenyl] propyl] thio]methyl]-cyclopropaneacetic acid; Montelukast Michael Adduct (R,S)-Isomer",1187586-58-8,,53392,,,,
Pharmaceutical Impurities,Montelukast EP Impurity F,[1-[[[(1R)-3-(2-acetylphenyl)-1-[3-[(E)-2-(7-chloroquinolin-2- yl) ethenyl] phenyl] propyl] sulfanyl] methyl] cyclopropyl] acetic acid; Montelukast Methyl ketone,937275-23-5,,53393,,,,
Pharmaceutical Impurities,Moxifloxacin USP Related,"1-Cyclopropyl-6,8-difluoro-7-[(4aS,7aS)-octahydro-6H-pyrrolo[3,4-b] Hydrochloride",151213-15-9,,53403,,,,
Pharmaceutical Impurities,Moxifloxacin USP Related,"1-Cyclopropyl-1,4-dihydro-6,8-dimethoxy-7-[(4aS,7aS)-octahydro-6H- Hydrochloride; 6,8-Dimethoxy Moxifloxacin Hydrochloride",1029364-73-5,,53404,,,,
Pharmaceutical Impurities,Moxifloxacin USP Related,"1-Cyclopropyl-8-ethoxy-6-fluoro-1,4-dihydro-7-[(4aS,7aS)-octahydro- Hydrochloride; 8-Ethoxy Moxifloxacin Hydrochloride",1029364-75-7,,53405,,,,
Pharmaceutical Impurities,Moxifloxacin USP Related,"1-Cyclopropyl-8-fluoro-1,4-dihydro-6-methoxy-7-[(4aS,7aS)-octahydro- Hydrochloride; 8-Fluoro-6-methoxy Moxifloxacin hydrochloride",1029364-77-9,,53406,,,,
Pharmaceutical Impurities,Moxifloxacin EP Impurity E;,"1-Cyclopropyl-6-fluoro-1,4-dihydro-8-hydroxy-7-[(4aS,7aS)- octahydro-6H-pyrrolo[3,4-b]pyridin-6-yl]-4-oxo-3-quinolinecarboxylic Acid Hydrobromide; 8-Hydroxy Moxifloxacin Hydrobromide",1292904-74-5,,53407,,,,
Pharmaceutical Impurities,Moxifloxacin USP Related,"1-Cyclopropyl-6-fluoro-1,4-dihydro-8-methoxy-7-[(4aR,7aR)- octahydro-6H-pyrrolo[3,4-b]pyridin-6-yl]-4-oxo-3-quinolinecarboxylic Acid Hydrochloride; (4R,7R)-Moxifloxacin Hydrochloride",1346603-25-5,,53409,,,,
Pharmaceutical Impurities,Moxifloxacin Hcl,"1-Cyclopropyl-6-fluoro-1,4-dihydro-8-methoxy-7-[(4aR,7aS)- Acid Hydrochloride",855661-71-1,,53410,,,,
Pharmaceutical Impurities,Moxifloxacin Methyl Ester,"1-Cyclopropyl-6-fluoro-1,4-dihydro-8-methoxy-7-[(4aS,7aS)-octahydro- 6H-pyrrolo[3,4-b]pyridin-6-yl]-4-oxo-3-quinolinecarboxylic Acid Methyl Ester",721970-35-0,,53411,,,,
Pharmaceutical Impurities,Moxifloxacin Trifluoro Impurity,"1-Cyclopropyl-6,7,8-trifluoro-1,4-dihydro-4-oxo-3-quinolinecarboxylic Acid",94695-52-0,,53412,,,,
Pharmaceutical Impurities,Moxifloxacin Trifluoro,"1-Cyclopropyl-6,7,8-trifluoro-1,4-dihydro-4-oxo-3-quinolinecarboxylic Acid Ethyl Ester",94242-51-0,,53413,,,,
Pharmaceutical Impurities,Moxifloxacin 7-Amino,"7-Amino-1-cyclopropyl-6-fluoro-1,4-dihydro-8-methoxy-4-oxo-3- quinolinecarboxylic Acid",172426-88-9,,53414,,,,
Pharmaceutical Impurities,Decarboxy,"1-Cyclopropyl-6-fluoro-8-methoxy-7-[(4aS,7aS)-octahydro-6H-pyrrolo",1322062-57-6,,53415,,,,
Pharmaceutical Impurities,Moxifloxacin Difluoro,"1-Cyclopropyl-6,7-difluoro-1,4-dihydro-4-oxoquinoline- 3-carboxylic Acid",93107-30-3,,53416,,,,
Pharmaceutical Impurities,Moxifloxacin Difluoro,"1-Cyclopropyl-8-ethoxy-6,7-difluoro-1,4-dihydro-4-oxo-3- quinolinecarboxylic Acid",143158-55-8,,53417,,,,
Pharmaceutical Impurities,Moxifloxacin Difluoro,"1-Cyclopropyl-8-ethoxy-6,7-difluoro-1,4-dihydro-4-oxo-3- quinolinecarboxylic acid ethyl ester",172602-83-4,,53418,,,,
Pharmaceutical Impurities,Moxifloxacin 8-Hydroxy,"1-Cyclopropyl-6,7-difluoro-1,4-dihydro-8-hydroxy-4-oxo-3- quinolinecarboxylic Acid; Gatifloxacin USP Impurity B; Difluoro Hydroxy Gatifloxacin",154093-72-8,,53419,,,,
Pharmaceutical Impurities,Moxifloxacin Difluoro,"1-Cyclopropyl-6,7-difluoro-1,4-dihydro-8-hydroxy-4-oxo-3- quinolinecarboxylic Acid Ethyl Ester; Ethyl 1-cyclopropyl-6,7-difluoro- 8-hydroxy-4-oxo-1,4-dihydroquinoline-3-carboxylate",452092-31-8,,53420,,,,
Pharmaceutical Impurities,Moxifloxacin Difluoro,"1-Cyclopropyl-6,7-difluoro-8-methoxy-4-oxo-1,4-dihydroquinoline- 3-carboxylic Acid; Ciprofloxacin Difluoro 8-Methoxy Impurity",112811-72-0,,53421,,,,
Pharmaceutical Impurities,Moxifloxacin Difluoro API : Naproxen,"1-Cyclopropyl-6,7-difluoro-1,4-dihydro-8-methoxy-4-oxo-3- quinolinecarboxylic Acid Ethyl Ester",112811-71-9,,53422,,,,
Pharmaceutical Impurities,Naproxen EP Impurity A,(S)-2-(6-Hydroxynaphthalen-2-yl)propanoic acid; (S)-O-Desmethyl Naproxen,52079-10-4,,53433,,,,
Pharmaceutical Impurities,Naproxen EP Impurity B,2-(5-Chloro-6-methoxynaphthalen-2-yl)propanoic acid; rac-5-Chloro Naproxen,60424-17-1,,53434,,,,
Pharmaceutical Impurities,Naproxen EP Impurity C,2-(5-Bromo-6-methoxynaphthalen-2-yl)propanoic acid; rac-5-Bromo Naproxen],27655-95-4,,53435,,,,
Pharmaceutical Impurities,Naproxen EP Impurity D,2-(5-Iodo-6-methoxynaphthalen-2-yl)propanoic acid; rac-5-Iodo Naproxen,116883-61-5,,53436,,,,
Pharmaceutical Impurities,Naproxen EP Impurity E,(S)-Methyl 2-(6-methoxynaphthalen-2-yl)propanoate; (S)-Naproxen Methyl Ester,26159-35-3,,53437,,,,
Pharmaceutical Impurities,Naproxen EP Impurity F,(S)-Ethyl 2-(6-methoxynaphthalen-2-yl)propanoate; (S)-Naproxen Ethyl Ester,31220-35-6,,53438,,,,
Pharmaceutical Impurities,Naproxen EP Impurity H,6-Methoxynaphthalen-2-ol,5111-66-0,,53439,,,,
Pharmaceutical Impurities,Naproxen EP Impurity J,2-Ethyl-6-methoxynaphthalene,21388-17-0,,53440,,,,
Pharmaceutical Impurities,Naproxen EP Impurity K,1-(6-Methoxynaphthalen-2-yl)ethanol,77301-42-9,,53441,,,,
Pharmaceutical Impurities,Naproxen EP Impurity L,1-(6-Methoxynaphthalen-2-yl)ethanone,3900-45-6,,53442,,,,
Pharmaceutical Impurities,Naproxen EP Impurity M,2-Methoxynaphthalene,93-04-9,,53443,,,,
Pharmaceutical Impurities,Naproxen EP Impurity N,2-Bromo-6-methoxynaphthalene,5111-65-9,,53444,,,,
Pharmaceutical Impurities,Naproxen Carboxyl Impurity,6-Methoxy-2-naphthoic acid,2471-70-7,,53445,,,,
Pharmaceutical Impurities,Naproxen Impurity,(S)-Propan2-yl 2-(6-methoxynaphthalen-2-yl)propanoate; (S)-Naproxen Isopropyl Ester,156967-24-7,,53446,,,,
Pharmaceutical Impurities,Naproxen EP Impurity I API : Nebivolol,2-(6-Methoxynaphthalen-2-yl)acetic acid,23981-47-7,,53447,,,,
Pharmaceutical Impurities,Desfluoro Nebivolol,Nebivolol Desfluoro Impurity; {1-(Chroman-2-yl)-2-((2-(6-fluorochroman- 2-yl)-2-hydroxyethyl)amino)ethanol},129101-34-4,,53458,,,,
Pharmaceutical Impurities,Nebivolol B isomer API : Nelarabine,"(2R)-6-Fluoro-3,4-dihydro-2-[(2S)-2-oxiranyl]-2H-1-benzopyran",129050-26-6,,53459,,,,
Pharmaceutical Impurities,Nelarabine Impurity API : Neostigmine,2-Amino-6-methoxypurine; 6-O-Methoxyguanine,20535-83-5,,53468,,,,
Pharmaceutical Impurities,Neostigmine A Neostigmine Impurity A,(3-Hydroxyphenyl)trimethylammonium iodide,2498-27-3,,53478,,,,
Pharmaceutical Impurities,Neostigmine B Neostigmine Impurity API : Nifedipine,3-(Dimethylamino)phenol,99-07-0,,53479,,,,
Pharmaceutical Impurities,Nifedipine Impurity D API : Norfloxacin,Methyl 3-aminocrotonate,14205-39-1,,53488,,,,
Pharmaceutical Impurities,Norfloxacin EP Impurity A,"7-Chloro-1-ethyl-6-fluoro-4-oxo-1,4-dihydroquinoline-3-carboxylic acid 7-[(2-Aminoethyl)amino]-1-ethyl-6-fluoro-4-oxo-1,4-dihydroquinoline-",68077-26-9,,53498,,,,
Pharmaceutical Impurities,,3-carboxylic acid; Norfloxacin Ethylenediamine Analog,75001-77-3,,53499,,,,
Pharmaceutical Impurities,Norfloxacin EP Impurity C,"1-Ethyl-4-oxo-6,7-bis(piperazin-1-yl)-1,4-dihydroquinoline-3- carboxylic acid; Norfloxacin Dipiperazine Impurity",177554-64-2,,53500,,,,
Pharmaceutical Impurities,Norfloxacin EP Impurity D,1-Ethyl-6-fluoro-7-(piperazin-1-yl)quinolin-4(1H)-one; Norfloxacin Descarboxy Impurity,75001-82-0,,53501,,,,
Pharmaceutical Impurities,Norfloxacin EP Impurity E,"7-Chloro-1-ethyl-4-oxo-6-(piperazin-1-yl)-1,4-dihydroquinoline-3- carboxylic acid; Norfloxacin HCl 7-Chloro analog",75001-78-4,,53502,,,,
Pharmaceutical Impurities,Norfloxacin EP Impurity F,"6-Chloro-1-ethyl-4-oxo-7-(piperazin-1-yl)-1,4-dihydroquinoline-3- carboxylic acid; Norfloxacin 6-Chloro analog",67681-84-9,,53503,,,,
Pharmaceutical Impurities,Norfloxacin EP Impurity G,"1-Ethyl-6-fluoro-7-(4-formylpiperazin-1-yl)-4-oxo- 1,4-dihydroquinoline-3-carboxylic acid; Norfloxacin N-formyl Impurity",70459-04-0,,53504,,,,
Pharmaceutical Impurities,Norfloxacin EP Impurity H,"7-[4-(Ethoxycarbonyl)piperazin-1-yl]-1-ethyl-6-fluoro-4-oxo-1,4- dihydro quinoline-3-carboxylic acid; Norfloxacin N-Ethoxyxarbonyl Impurity",105440-01-5,,53505,,,,
Pharmaceutical Impurities,Norfloxacin EP Impurity K API : Olanzapine,"6-Fluoro-1-methyl-4-oxo-7-(piperazin-1-yl)-1,4-dihydroquinoline-3- carboxylic acid; Norfloxacin N-Methyl analog",70459-07-3,,53506,,,,
Pharmaceutical Impurities,Olanzapine,"(Z)-3-(hydroxymethylene)-4-(4-methylpiperazin-1-yl)-1,3-dihydro-2H- benzo[b][1,4]diazepine-2-thione",1320360-86-8,,53518,,,,
Pharmaceutical Impurities,Olanzapine,"(Z)-(4-(4-Methylpiperazin-1-yl)-2-thioxo-1,2-dihydro-3H-benzo[b] [1,4]diazepin-3-ylidene)methyl acetate",,,53519,,,,
Pharmaceutical Impurities,Olanzapine EP Impurity D,"2-Methyl-4-(4-methyl-4-oxido-1-piperazinyl)-10H-thieno[2,3-b] [1,5]benzodiazepine",174794-02-6,,53520,,,,
Pharmaceutical Impurities,Olanzapine Amine Impurity API : Olaparib,"4-Amino-2-Methyl-10H-thieno[2,3-b][1,5]- benzodiazapine Hydrochloride",138564-60-0,,53521,,,,
Pharmaceutical Impurities,Olaparib Impurity 7 API : Olmesartan,Tert-Butyl 1-piperazinecarboxylate,57260-71-6,,53533,,,,
Pharmaceutical Impurities,Olmesartan EP Impurity A,"1-((2'-(1H-Tetrazol-5-yl)-[1,1'-biphenyl]-4-yl)methyl)-4-(2-hydroxy- propan-2-yl)-2-propyl-1H-imidazole-5-carboxylic acid; Olmesartan Acid",144689-24-7,,53543,,,,
Pharmaceutical Impurities,Olmesartan EP Impurity B,"1-((2'-(1H-Tetrazol-5-yl)-[1,1'-biphenyl]-4-yl)methyl)-4,4-dimethyl-2- propyl-1H-furo[3,4-d]imidazol-6(4H)-one; Olmesartan gamma-Lactone",849206-43-5,,53544,,,,
Pharmaceutical Impurities,Olmesartan EP Impurity C,"(5-Methyl-2-oxo-1,3-dioxol-4-yl)methyl 1-((2'-(1H-tetrazol-5-yl)- [1,1'-biphenyl]-4-yl)methyl)-4-(prop-1-en-2-yl)-2-propyl-1H-imidazole- 5-carboxylate; Olmesartan Medoxomil Methylvinyl Impurity",879562-26-2,,53545,,,,
Pharmaceutical Impurities,Olmesartan EP Impurity D,"(5-Methyl-2-oxo-1,3-dioxol-4-yl)methyl 4-(2-hydroxypropan-2-yl)-2- propyl-1-((2'-(2-trityl-2H-tetrazol-5-yl)-[1,1'-biphenyl]-4-yl)methyl)- 1H-imidazole-5-carboxylate; N2-Trityl Olmesartan Medoxomil",1020157-01-0,,53546,,,,
Pharmaceutical Impurities,Olmesartan Olefinic,"1-((2'-(1H-Tetrazol-5-yl)-[1,1'-biphenyl]-4-yl)methyl)-4-(prop-1- en-2-yl)-2-propyl-1H-imidazole-5-carboxylic acid",172875-98-8,,53547,,,,
Pharmaceutical Impurities,Olmesartan Ethyl,"Ethyl 4-(2-hydroxypropan-2-yl)-2-propyl-1-((2'-(1-trityl-1H-tetrazol- 5-yl)-[1,1'-biphenyl]-4-yl)methyl)-1H-imidazole-5-carboxylate",189400-21-3,,53548,,,,
Pharmaceutical Impurities,Olmesartan Ethyl API : Omeprazole,"Ethyl 1-((2'-(1H-tetrazol-5-yl)-[1,1'-biphenyl]-4-yl)methyl)-4-(2- hydroxypropan-2-yl)-2-propyl-1H-imidazole-5-carboxylate",144689-23-6,,53549,,,,
Pharmaceutical Impurities,Omeprazole EP Impurity A,5-Methoxy-1H-benzo[d]imidazole-2-thiol,37052-78-1,,53563,,,,
Pharmaceutical Impurities,Omeprazole EP Impurity B,"2-[((3,5-Dimethylpyridin-2-yl)methyl)sulfinyl]-5-methoxy-1H-benzo[d] imidazole; Desmethoxy Omeprazole",110374-16-8,,53564,,,,
Pharmaceutical Impurities,Omeprazole EP Impurity C,"5-Methoxy-2-(((4-methoxy-3,5-dimethylpyridin-2-yl)methyl)thio)- 1H-benzo[d]imidazole",73590-85-9,,53565,,,,
Pharmaceutical Impurities,Omeprazole EP Impurity D,"5-Methoxy-2-[((4-methoxy-3,5-dimethylpyridin-2-yl)methyl)sulfonyl]- 1H-benzo[d]imidazole; Omeprazole Sulphone",88546-55-8,,53566,,,,
Pharmaceutical Impurities,Omeprazole EP Impurity E,"4-Methoxy-2-[((5-methoxy-1H-benzo[d]imidazol-2-yl)sulfinyl)methyl]- 3,5-dimethylpyridine 1-oxide; Omeprazole N-Oxide",176219-04-8,,53567,,,,
Pharmaceutical Impurities,Omeprazole EP Impurity I,"4-Methoxy-2-(((5-methoxy-1H-benzo[d]imidazol-2-yl)sulfonyl)methyl)- 3,5-dimethylpyridine 1-oxide; Omeprazole Sulphone N-Oxide",158812-85-2,,53568,,,,
Pharmaceutical Impurities,Omeprazole Didesmethyl,"2-[((5-hydroxy-1-methyl-1H-benzo[d]imidazol-2-yl)sulfinyl)methyl]- 3,5-dimethylpyridin-4(1H)-one",,,53569,,,,
Pharmaceutical Impurities,Omeprazole,"2-[((5-Methoxy-1H-benzo[d]imidazol-2-yl)sulfinyl)methyl]-3,5- dimethylpyridin-4-ol",301669-82-9,,53570,,,,
Pharmaceutical Impurities,Omeprazole,"2-[((4-Methoxy-3,5-dimethylpyridin-2-yl)methyl)sulfinyl]-1H- benzo[d]imidazol-5-ol",1151602-49-2,,53571,,,,
Pharmaceutical Impurities,4-Acetyl Omeprazole,"2-[((5-Methoxy-1H-benzo[d]imidazol-2-yl)sulfinyl)methyl]-3,5- dimethylpyridin-4-yl acetate",,,53572,,,,
Pharmaceutical Impurities,4-Acetyl Omeprazole,"2-[((5-Methoxy-1H-benzo[d]imidazol-2-yl)sulfonyl)methyl]-3,5- dimethylpyridin-4-yl acetate",,,53573,,,,
Pharmaceutical Impurities,Omeprazole USP Related,"8-Methoxy-1,3-dimethyl-12-thioxopyrido[1',2':3,4]imidazo[1,2-a] benzimidazol-2-(12H)-one",125656-82-8,,53574,,,,
Pharmaceutical Impurities,Omeprazole USP Related,"9-Methoxy-1,3-dimethyl-12-thioxopyrido[1',2':3,4]imidazo[1,2-a] benzimidazol-2-(12H)-one",125656-83-9,,53575,,,,
Pharmaceutical Impurities,Omeprazole 4-Chloro,"2-(((4-chloro-3,5-dimethylpyridin-2-yl)methyl)thio)-5-methoxy-1H- benzo[d]imidazole",220757-74-4,,53576,,,,
Pharmaceutical Impurities,4-Desmethoxy-4-chloro API : Oseltamivir,"2-(((4-chloro-3,5-dimethylpyridin-2-yl)methyl)sulfinyl)-5-methoxy-1H- benzo[d]imidazole",863029-89-4,,53577,,,,
Pharmaceutical Impurities,Oseltamivir EP impurty A,"(3R,4R,5S)-5-(Acetylamino)-4-amino-3-(1-ethylpropoxy)- 1-cyclohexene-1-carboxylic acid",1364932-19-3,,53588,,,,
Pharmaceutical Impurities,Oseltamivir EP impurty E,"(3R,4R,5S)-4-(Acetylamino)-5-amino-3-(1-ethylpropoxy)- 1-cyclohexene-1-carboxylic Acid Methyl Ester",208720-71-2,,53589,,,,
Pharmaceutical Impurities,Oseltamivir EP impurty F,"ethyl (3R,4R,5S)-4-acetamido-5-amino-3-(1-methylpropoxy)cyclohex- 1-ene-1-carboxylate",1052063-37-2,,53590,,,,
Pharmaceutical Impurities,Oseltamivir EP impurty G API : Paliperidone,"Ethyl (3R,4R,5S)-5-acetamido-4-amino-3-(1-ethylpropoxy)cyclohex- 1-ene-1-carboxylate; (3R,4R,5S)-ethyl 5-acetamido-4-amino-3- (pentan-3-yloxy)cyclohex-1-enecarboxylate; ethyl (3R,4R,5S)- 5-acetamido-4-amino-3-pentan-3-yloxycyclohexene-1-carboxylate",956267-10-0,,53591,,,,
Pharmaceutical Impurities,9-Hydroxyrisperidone;,"3-(2-(4-(6-Fluorobenzo[d]isoxazol-3-yl)piperidin-1-yl)ethyl)-9-hydroxy- 2-methyl-6,7,8,9-tetrahydro-4H-pyrido[1,2-a]pyrimidin-4-one",144598-75-4,,53603,,,,
Pharmaceutical Impurities,Paliperidone 5-Fluoro,"3-[2-(4-(5-Fluorobenzo[d]isoxazol-3-yl)piperidin-1-yl)ethyl]-9- hydroxy-2-methyl-6,7,8,9-tetrahydro-4H-pyrido[1,2-a]pyrimidin-4-one",1346598-34-2,,53604,,,,
Pharmaceutical Impurities,Paliperidone 9-Keto,"3-[2-(4-(6-Fluorobenzo[d]isoxazol-3-yl)piperidin-1-yl)ethyl]-2-methyl- 7,8-dihydro-4H-pyrido[1,2-a]pyrimidine-4,9(6H)-dione",1189516-65-1,,53605,,,,
Pharmaceutical Impurities,Paliperidone USP Related,"2-Methyl-3-ethyl-7,8-dihydro-4H-pyrido[1,2-a]pyrimidine-4,9(6H)-",849903-79-3,,53606,,,,
Pharmaceutical Impurities,Paliperidone USP Related,6-Fluoro-3-(piperidin-4-yl)benzo[d]isoxazole hydrochloride; Paliperidone Amine Impurity,84163-13-3,,53607,,,,
Pharmaceutical Impurities,Paliperidone USP Related,"3-(2-Chloroethyl)-2-methyl-7,8-dihydro-4H-pyrido[1,2-a]pyrimidine- 4,9(6H)-dione; Paliperidone Chloroethyl Impurity",130049-82-0,,53608,,,,
Pharmaceutical Impurities,Paliperidone USP Related,"4-(6-Fluorobenzo[d]isoxazol-3-yl)-1-(2-(2-methyl-4,9-dioxo-6,7,8,9- tetrahydro-4H-pyrido[1,2-a]pyrimidin-3-yl)ethyl)piperidine 1-oxide; Paliperidone N-Oxide",761460-08-6,,53609,,,,
Pharmaceutical Impurities,Paliperidone Z-Oxime,"(Z)-3-(2-(4-((2,4-Difluorophenyl)(hydroxyimino)methyl)piperidin-1-yl)ethyl)- 9-hydroxy-2-methyl-6,7,8,9-tetrahydro-4H-pyrido[1,2-a]pyrimidin-4-one",1388021-47-3,,53610,,,,
Pharmaceutical Impurities,Paliperidone Impurity API : Pantoprazole,(4-Fluoro-2-hydroxyphenyl)(piperidin-4-yl)methanone,81043-50-7,,53611,,,,
Pharmaceutical Impurities,Pantoprazole chloro Impurity,"2-Chloromethyl-3,4-dimethoxypyridinium chloride",72830-09-2,,53623,,,,
Pharmaceutical Impurities,Paracetamol EP Impurity F,4-Nitrophenol,100-02-7,,53633,,,,
Pharmaceutical Impurities,Paracetamol Impurity D,Acetanilide,103-84-4,,53634,,,,
Pharmaceutical Impurities,Paracetamol EP Impurity J API : Parbendazole,N-(4-Chlorophenyl)acetamide Methyl (5-butyl-1H-benzoimidazol-2-yl)carbamate; Methyl 5(6)-butyl-,539-03-7,,53635,,,,
Pharmaceutical Impurities,API : Paroxetine,2-benzimidazolecarbamate,14255-87-9,,53648,,,,
Pharmaceutical Impurities,Paroxetine Hydrochloride,"(3S,4R)-3-[(1,3-Benzodioxol-5-yloxy)methyl]-4-(4-fluorophenyl) piperidine hydrochloride",110429-35-1,,53658,,,,
Pharmaceutical Impurities,Paroxetine Impurity,"(3S,4R)-trans-(-)-1-Methyl-3-[1,3-benzodioxol-5-yloxy)methyl]-4- (fluorophenyl) piperidine; (3S,4R)-N-Methyl Paroxetine",110429-36-2,,53659,,,,
Pharmaceutical Impurities,Paroxetine Impurity,"(3S,4R)-trans-(-)-1-Methyl-3-[1,3-benzodioxol-5-yloxy)methyl]-4- phenyl piperidine hydrochloride; Desfluoroparoxetine hydrochloride",1394842-91-1,,53660,,,,
Pharmaceutical Impurities,Paroxetine EP Impurity G API : Pazopanib,"4-(4-Fluorophenyl)-1-methyl-1,2,3,6-tetrahydropyridine",69675-10-1,,53661,,,,
Pharmaceutical Impurities,Pazopanib Impurity,"2,3-Dimethyl-6-nitro-2H-indazole",444731-73-1,,53673,,,,
Pharmaceutical Impurities,Pazopanib Impurity,2-Methyl-5-Nitrobenzene sulfonamide,6269-91-6,,53674,,,,
Pharmaceutical Impurities,Pazopanib Impurity,2-Methyl-5-Nitrobenzene sulfonic acid,121-03-9,,53675,,,,
Pharmaceutical Impurities,Pazopanib Impurity,"2,3-Dimethyl-2H-indazol-6-amine hydrochloride",635702-60-2,,53676,,,,
Pharmaceutical Impurities,Pazopanib Impurity,"2,4-Dichloropyrimidine",3934-20-1,,53677,,,,
Pharmaceutical Impurities,Pazopanib Impurity API : Phenytoin,5-Amino-2-methylbenzenesulfonamide,6973-09-7,,53678,,,,
Pharmaceutical Impurities,Phenytoin Impurity API : Piracetam,Benzophenone,119-61-9,,53693,,,,
Pharmaceutical Impurities,Piracetam Impurity A API : Pirfenidone,2-Pyrrolidone,616-45-5,,53703,,,,
Pharmaceutical Impurities,Pirfenidone Impurity A,5-Methylpyridine-2-amine,1603-41-4,,53713,,,,
Pharmaceutical Impurities,Pirfenidone Impurity B API : Pitavastatin calcium,5-Methylpyridine-2(1H)-one,1003-68-5,,53714,,,,
Pharmaceutical Impurities,Desfluoro Pitavastatin,"(3R,5S,6E)-7-[2-Cyclopropyl-4-phenyl-quinolin-3-yl]- 3,5-dihydroxyhept-6-enoic Acid",847849-67-6,,53723,,,,
Pharmaceutical Impurities,Pitavastatin Calcium API : Posaconazole,"((3R,5R,6E)-7-[2-Cyclopropyl-4-(4-fluorophenyl)quinolin-3-yl]-3,5- dihydroxy-6-heptenoic acid Calcium Salt",254452-96-5,,53724,,,,
Pharmaceutical Impurities,Posaconazole API : Prasugrel,"4-(4-(4-(4-(((3R,5R)-5-((1H-1,2,4-triazol-1-yl)methyl)-5-(2,4- difluorophenyl)tetrahydrofuran-3-yl)methoxy)phenyl)piperazin-1-yl) phenyl)-1-((2R,3R)-2-hydroxypentan-3-yl)-1H-1,2,4-triazol-5(4H)-one",170985-61-2,,53733,,,,
Pharmaceutical Impurities,Prasugrel hydrochloride,"5-(2-cyclopropyl-1-(2-fluorophenyl)-2-oxoethyl) -4,5,6,7- tetrahydrothieno[3,2-c]pyridin-2-yl acetate hydrochloride",389574-19-0,,53743,,,,
Pharmaceutical Impurities,Prasugrel Impurity,"1-Cyclopropyl-2-(2-fluorophenyl)-2-(3a,6,7,7a-tetrahydrothieno [3,2-c]pyridin-5(4H)-yl)ethanone",,,53744,,,,
Pharmaceutical Impurities,Prasugrel Impurity,"5-(Triphenylmethyl)-3aH,4H,5H,6H,7H,7aH-thieno[3,2-c]pyridine",,,53745,,,,
Pharmaceutical Impurities,Prasugrel Impurity,"5-(Triphenylmethyl)-5,6,7,7a-tetrahydrothieno[3,2-c]pyridin-2(4H)-one",109904-26-9,,53746,,,,
Pharmaceutical Impurities,Prasugrel Impurity,"2,2-Dibromo-l-cyclopropyl-2-(2-fluorophenyl)ethanone",,,53747,,,,
Pharmaceutical Impurities,Prasugrel Impurity,"5-[5-Bromo-1-(2-fluorophenyl)-2-oxopentyl]-4,5,6,7-tetrahydrothieno [3,2-c]pyridin-2-yl acetate",,,53748,,,,
Pharmaceutical Impurities,Prasugrel Impurity,1-Cyclopropyl-2-(2-fluorophenyl)-2-hydroxyethanone,1100905-45-0,,53749,,,,
Pharmaceutical Impurities,Prasugrel Impurity,"1-Cyclopropyl-2-(2-fluorophenyl)ethan-1,2-dione",1391054-37-7,,53750,,,,
Pharmaceutical Impurities,Prasugrel Impurity,"1, 5-Dibromo-1-(2-fluorophenyl)pentan-2-one",1373350-57-2,,53751,,,,
Pharmaceutical Impurities,Prasugrel Ring opened,"5-[5-Chloro-1-(2-fluorophenyl)-2-oxopentyl]-4,5,6,7-tetrahydrothieno [3,2-c]pyridin-2-yl acetate",,,53752,,,,
Pharmaceutical Impurities,Prasugrel Impurity,"5-[5-Bromo-1-(2-fluorophenyl)-2-oxopentyl]-4,5,6,7-tetrahydrothieno [3,2-c]pyridin-2(3H)-one",,,53753,,,,
Pharmaceutical Impurities,Prasugrel Acetyl Impurity,"5-[1-(2-Fluorophenyl)-2-oxopropyl]-4,5,6,7-tetrahydrothieno[3,2-c] pyridin-2-yl acetate",1443034-67-0,,53754,,,,
Pharmaceutical Impurities,Prasugrel Desfluoro,"5-(2-Cyclopropyl-2-oxo-1-phenylethyl)-4,5,6,7-tetrahydrothieno[3,2-c] pyridin-2-yl acetate",1391194-45-8,,53755,,,,
Pharmaceutical Impurities,Prasugrel 4-fluoro,"5-(2-Cyclopropyl-1-(4-fluorophenyl)-2-oxoethyl)-4,5,6,7- tetrahydrothieno[3,2-c]pyridin-2-yl acetate",1391194-50-5,,53756,,,,
Pharmaceutical Impurities,Prasugrel Desacetyl,"5-(a-Cyclopropylcarbonyl-2-fluorobenzyl)-2-oxo-2,4,5,6,7,7a hexahydrothieno [3,2-c]-pyridine",,,53757,,,,
Pharmaceutical Impurities,Prasugrel Desoxo,"1-Cyclopropyl-2-(2-fluorophenyl)-2-(6,7-dihydrothieno[3,2-c]pyridin- 5(4H)-yl)ethanone hydrochloride",201049-78-7,,53758,,,,
Pharmaceutical Impurities,Desacetyl hydroxy API : Prednisone,"1-cyclopropyl-2-(2-fluorophenyl)-2-(2-hydroxy-6,7-dihydrothieno [3,2-c]pyridin-5(4H)-yl)ethan-1-one",201049-74-3,,53759,,,,
Pharmaceutical Impurities,Prednisone Impurity E API : Pregabalin,"21-(Acetyloxy)-17-hydroxy-pregna-1,4-diene-3,11,20-trione",125-10-0,,53773,,,,
Pharmaceutical Impurities,Pregabalin Impurity B,3-Isobutylpentanedioic acid,75143-89-4,,53783,,,,
Pharmaceutical Impurities,Pregabalin Monoamide Impurity,3-(2-Amino-2-oxoethyl)-5-methylhexanoic acid,181289-15-6,,53784,,,,
Pharmaceutical Impurities,Pregabalin Lactam Impurity,4-Isobutylpyrrolidin-2-one,61312-87-6,,53785,,,,
Pharmaceutical Impurities,Pregabalin R-Isomer,(R)-3-(Aminomethyl)-5-methylhexanoic acid,148553-51-9,,53786,,,,
Pharmaceutical Impurities,Pregabalin Racemic Impurity,3-(Aminomethyl)-5-methylhexanoic acid,128013-69-4,,53787,,,,
Pharmaceutical Impurities,Pregabalin Methyl Ester Impurity,(S)-Methyl 3-(aminomethyl)-5-methylhexanoate,714230-22-5,,53788,,,,
Pharmaceutical Impurities,Pregabalin N-methyl Impurity,(S)-5-Methyl-3-[(N-methylamino)methyl]hexanoic acid,1155843-61-0,,53789,,,,
Pharmaceutical Impurities,Pregabalin Related Compound C,(RS)-2-Hydroxy-2-phenylacetic acid,90-64-2,,53790,,,,
Pharmaceutical Impurities,Pregabalin Related Compound D,1-Methylethyl (2RS)-2-Hydroxy-2-phenylacetate,4118-51-8,,53791,,,,
Pharmaceutical Impurities,Pregabalin Impurity B API : Prilocaine,L-(+)-Mandelic acid/(S)-(+)-Mandelic acid,17199-29-0,,53792,,,,
Pharmaceutical Impurities,Prilocaine Impurity A API : Propiconazole,2-Chloro-n-(2-methylphenyl)propanamide,19281-31-3,,53803,,,,
Pharmaceutical Impurities,Propiconazole Impurity,"Propiconazole-4H-1,2,4-triazole",221132-58-7,,53813,,,,
Pharmaceutical Impurities,Progesterone Working Standard,"Pregn-4-ene-3,20-dione",57-83-0,,53823,,,,
Pharmaceutical Impurities,Progesterone EP/BP Impurity B,(20S)-20-Hydroxypregn-4-en-3-one; (20S)-Dihydro Progesterone,145-14-2,,53824,,,,
Pharmaceutical Impurities,Progesterone EP/BP Impurity D,(20S)-3-Oxopregn-4-en-20-yl acetate,5035-09-6,,53825,,,,
Pharmaceutical Impurities,Progesterone 17-Hydroxy Impurity API : Pyridoxine HCl,"17-Hydroxypregn-4-ene-3,20-dione; 17-Hydroxyprogesterone",68-96-2,,53826,,,,
Pharmaceutical Impurities,Pyridoxine EP Impurity A,"6-methyl-1,3-dihydrofuro[3,4-c]pyridin-7-ol",5196-20-3,,53838,,,,
Pharmaceutical Impurities,Pyridoxine EP Impurity B API : Quetiapine,4-Deoxypyridoxine hydrochloride,148-51-6,,53839,,,,
Pharmaceutical Impurities,Quetiapine EP Impurity A,"2-[2-(4-(Dibenzo[b,f][1,4]thiazepin-11-yl)piperazin-1-yl)ethoxy]ethyl acetate; Quetiapine acetate",844639-07-2,,53848,,,,
Pharmaceutical Impurities,Quetiapine EP Impurity B,"11-(Piperazin-1-yl)dibenzo[b,f][1,4]thiazepine; Quetiapine DBTP Metabolite",111974-74-4,,53849,,,,
Pharmaceutical Impurities,Quetiapine EP Impurity C,"2-(2-(4-(Dibenzo[b,f][1,4]thiazepin-11-yl)piperazin-1-yl)ethoxy)ethyl 2- (4-(dibenzo[b,f][1,4]thiazepin-11-yl)piperazin-1-yl)acetate",1798840-31-9,,53850,,,,
Pharmaceutical Impurities,Quetiapine EP Impurity D,"1,4-Bis(dibenzo[b,f][1,4]thiazepin-11-yl)piperazine; Quetiapine Dimer Impurity",945668-94-0,,53851,,,,
Pharmaceutical Impurities,Quetiapine EP Impurity E,"1,2-Bis(2-(4-(dibenzo[b,f][1,4]thiazepin-11-yl)piperazin-1-yl) ethoxy)ethane; Quetiapine bis-Ether",1371638-05-9,,53852,,,,
Pharmaceutical Impurities,Quetiapine EP Impurity F,(2-((2-Aminophenyl)thio)phenyl)(4-(2-(2-hydroxyethoxy)ethyl) piperazin-1-yl)methanone,848814-27-7,,53853,,,,
Pharmaceutical Impurities,Quetiapine EP Impurity G,"Dibenzo[b,f][1,4]thiazepin-11(10H)-one; Quetiapine Lactam",3159-07-7,,53854,,,,
Pharmaceutical Impurities,Quetiapine EP Impurity H,"4-(Dibenzo[b,f][1,4]thiazepin-11-yl)-1-(2-(2-hydroxyethoxy)ethyl) piperazine 1-oxide; Quetiapine N-Oxide",1076199-40-0,,53855,,,,
Pharmaceutical Impurities,Quetiapine EP Impurity I,"2-(4-(Dibenzo[b,f][1,4]thiazepin-11-yl)piperazin-1-yl)ethanol; Quetiapine Desethoxy Impurity",329216-67-3,,53856,,,,
Pharmaceutical Impurities,Quetiapine EP Impurity L,"2-(2-(4-(9-Chlorodibenzo[b,f][1,4]thiazepin-11-yl)piperazin-1-yl)ethoxy)ethanol1371638-11-7",,,53857,,,,
Pharmaceutical Impurities,Quetiapine Impurity N,"2-(2-(4-(2-(2-(4-(Dibenzo[b,f][1,4]thiazepin-11-yl)piperazin-1-yl) ethoxy)ethyl)piperazin-1-yl)ethoxy)ethanol",1800291-86-4,,53858,,,,
Pharmaceutical Impurities,Quetiapine EP Impurity O,"11-(4-(2-(2-(Trityloxy)ethoxy)ethyl)piperazin-1-yl)dibenzo[b,f] [1,4]thiazepine; Quetiapine O-Trityl Impurity",844639-06-1,,53859,,,,
Pharmaceutical Impurities,Quetiapine EP Impurity S,"11-(4-(2-(2-Hydroxyethoxy)ethyl)piperazin-1-yl)dibenzo[b,f][1,4] thiazepine 5-oxide; Quetiapine S-Oxide",329216-63-9,,53860,,,,
Pharmaceutical Impurities,Quetiapine EP Impurity T,"4-(Dibenzo[b,f][1,4]thiazepin-11-yl)morpholine",5747-46-6,,53861,,,,
Pharmaceutical Impurities,Quetiapine EP Impurity U,"Dibenzo[b,f][1,4]thiazepin-11-amine",5786-26-5,,53862,,,,
Pharmaceutical Impurities,Quetiapine Sulphone,"11-(4-(2-(2-Hydroxyethoxy)ethyl)piperazin-1-yl)dibenzo[b,f][1,4] thiazepine 5,5-dioxide",329216-65-1,,53863,,,,
Pharmaceutical Impurities,Quetiapine HEEP Impurity,2-[2-(Piperazin-1-yl)ethoxy]ethanol,13349-82-1,,53864,,,,
Pharmaceutical Impurities,Quetiapine Impurity Q,"4-(Dibenzo[b,f][1,4]thiazepin-11-yl)-1,1-bis(2-(2-hydroxyethoxy)ethyl) piperazin-1-ium; Quetiapine -N-Di(ethoxyethanol)",,,53865,,,,
Pharmaceutical Impurities,Quetiapine EP Impurity W,"11-(2-(2-(4-(Dibenzo[b,f][1,4]thiazepin-11-yl)piperazin-1-yl)ethoxy) ethoxy)dibenzo[b,f][1,4]thiazepine",1800608-95-0,,53866,,,,
Pharmaceutical Impurities,Quetiapine Impurity,2-(2-Chloroethoxy)ethyl acetate,14258-40-3,,53867,,,,
Pharmaceutical Impurities,Rabeprazole sulfone,2-[(4-(3-Methoxypropoxy)-3-methylpyridin-2-yl)methylsulfonyl]- 1H-benzo[d]imidazole,117976-47-3,,53878,,,,
Pharmaceutical Impurities,Rabeprazole sulfone,2-[(4-(3-Methoxypropoxy)-3-methyl-1-oxido-2-pyridinyl) methylsulfonyl]-1H-benzo[d]imidazole,924663-37-6,,53879,,,,
Pharmaceutical Impurities,Rabeprazole sulphide API : Ribociclib succinate,2-[(4-(3-methoxypropoxy)-3-methyl-1-oxido-2-pyridinyl)methylthio]- 1H-benzo[d]imidazole,117977-21-6,,53880,,,,
Pharmaceutical Impurities,Ribociclib succinate,"Tert-butyl 4-(6-((7-cyclopentyl-6-(dimethylcarbamoyl)-7H-pyrrolo [2,3-d]pyrimidin-2-yl)amino)pyridin-3-yl)piperazine-1-carboxylate",1374639-78-7,,53893,,,,
Pharmaceutical Impurities,Ribociclib succinate Impurity C API : Ritonavir,5-(Piperazin-1-yl)pyridin-2-amine,1082876-26-3,,53894,,,,
Pharmaceutical Impurities,Ritonavir EP Impurity I API : Rivaroxaban,"Thiazol-5-yl-methyl [((1S, 2S, 4S)-1-benzyl-4[[(2S)-2-[[[[2-ethylthiazol- 4-yl] methyl] methylcarbamoyl] amino]-3-methylbutanoyl] amino]- 2-hydroxy-5-phenylpentyl] carbamate",165315-26-4,,53903,,,,
Pharmaceutical Impurities,Rivaroxaban Impurity,Thiophene-2-carboxylic acid,527-72-0,,53913,,,,
Pharmaceutical Impurities,Rivaroxaban Impurity,3-Chlorothiophene-2-carboxylic acid,59337-89-2,,53914,,,,
Pharmaceutical Impurities,Rivaroxaban Impurity,4-[4-[(5S)-5-(Aminomethyl)-2-oxo-3-oxazolidinyl] phenyl]- 3-morpholinone Hydrochloride,898543-06-1,,53915,,,,
Pharmaceutical Impurities,Rivaroxaban Impurity API : Rivastigmine,4-(3-Oxo-4-morpholinyl)nitrobenzene,446292-04-2,,53916,,,,
Pharmaceutical Impurities,Rivastigmine N-oxide API : Rizatriptan,"(S)-1-(3-(Ethyl(methyl)carbamoyloxy)phenyl)-N,N-dimethylethanamine oxide",1369779-37-2,,53928,,,,
Pharmaceutical Impurities,Rizatriptan Impurity API : Roflumilast,"1-(4-Aminobenzyl)-1,2,4-triazole",119192-10-8,,53938,,,,
Pharmaceutical Impurities,Roflumilast Related,"3-(Cyclopropylmethoxy)-N-(3,5-dichloro-4-pyridinyl)- 4-hydroxybenzamide",475271-62-6,,53948,,,,
Pharmaceutical Impurities,Roflumilast Related API : Ropinirole,"3-(Hydroxy)-N-(3,5-dichloro-4-pyridinyl)-4-(difluoromethoxy)benzamide; N-(3,5-dichloropyridin-4-yl)-4-(difluoromethoxy)-3-hydroxybenzamide",1291052-76-8,,53949,,,,
Pharmaceutical Impurities,Ropinirole USP Related Compound A,4-(2-Hydroxyethyl)indolin-2-one,139122-19-3,,53958,,,,
Pharmaceutical Impurities,Methylene Ropinirole Impurity,4-(2-(Dipropylamino)ethyl)-3-methyleneindolin-2-one,,,53959,,,,
Pharmaceutical Impurities,Propylidene Ropinirole Impurity,4-(2-(Dipropylamino)ethyl)-3-propylideneindolin-2-one,,,53960,,,,
Pharmaceutical Impurities,Ropinirole N-Hydroxy Impurity,4-[2-(Dipropylamino)ethyl]-1-hydroxy-2-indolinone,954117-22-7,,53961,,,,
Pharmaceutical Impurities,Ropinirole N-Oxide API : Rosuvastatin,4-[2-(Dipropylamino)ethyl]-2-indolinone n-oxide,1076199-41-1,,53962,,,,
Pharmaceutical Impurities,Racemic Rosuvastatin,"[Mixture of (3R, 5S)-Rosuvastatin API & (3S,5R) Rosuvastatin Enantiomer]",,,53973,,,,
Pharmaceutical Impurities,Rosuvastatin Calcium,"(3S,5R,6E)-7-[4-(4-Fluorophenyl)-6-(1-methylethyl)-2-[methyl calcium salt; enti-Rosuvastatin Calcium",1242184-42-4,,53974,,,,
Pharmaceutical Impurities,Rosuvastatin EP Impurity,"(3R,5S,6E)-7-[4-(4-Fluorophenyl)-6-(1-methylethyl)-2-[methyl (2-hydroxy- 2-methylpropylsulfonyl)amino]-5-pyrimidinyl]-3,5-dihydroxy- 6-heptenoic acid Calcium salt; S-Desmethyl-S-(2-Hydroxy-2-Methylpropyl) Rosuvastatin Calcium",1714147-47-3,,53975,,,,
Pharmaceutical Impurities,Rosuvastatin EP,"(3R,5S,E)-7-(4-(4-fluorophenyl)-2-((2-(4-(4-fluorophenyl)-6-isopropyl-2- (N-methylmethylsulfonamido)pyrimidin-5-yl)-2-hydroxy-N-methylethyl) sulfonamido)-6-isopropylpyrimidin-5-yl)-3,5-dihydroxyhept- 6-enoate (Calcium Salt)",,,53976,,,,
Pharmaceutical Impurities,Rosuvastatin Calcium API : Roxadustat,"2,6-Heptadienoicacid,7-[4-(4-fluorophenyl)-6-(1-methylethyl)-2-[methyl (methylsulfonyl)amino]-5-pyrimidinyl]-5-hydroxy-,(2Z,5S,6E)",1422954-12-8,,53977,,,,
Pharmaceutical Impurities,Roxadustat Impurity,Methyl 4-hydroxy-1-methyl-7-phenoxyisoquinoline-3-carboxylate,1421312-34-6,,53988,,,,
Pharmaceutical Impurities,Roxadustat Impurity API : Roxithromycin,4-Hydroxy-1-methyl-7-phenoxyisoquinoline-3-carboxylic acid,1421312-35-7,,53989,,,,
Pharmaceutical Impurities,Roxithromycin,(9E)-9-[O-[(2-Methoxyethoxy)methyl]oxime] Erythromycin,80214-83-1,,53998,,,,
Pharmaceutical Impurities,Roxithromycin EP,"(3R,4S,5S,6R,7R,9R,11R,12R,13S,14R)-4-[(2,6-Dideoxy-3-C-methyl-3-O- methyl-a-L-ribo-hexopyranosyl)oxy]-14-ethyl-7,12,13-trihydroxy-3,5,7,9, 11,13-hexamethyl-6-[(3,4,6-trideoxy-3-dimethylamino-b-D-xylo- hexopyranosyl)-oxy]oxacyclotetradecane-2,10-dione",114-07-8,,53999,,,,
Pharmaceutical Impurities,Roxithromycin EP,"3-O-De(2,6-Dideoxy-3-C-methyl-3-O-methyl-a-L-ribo-hexopyranosyl) erythromycin 9-(E)-[O-[(2-methoxyethoxy)methyl]oxime]; Decladinose Roxithromycin",214902-82-6,,54000,,,,
Pharmaceutical Impurities,Roxithromycin EP,9-Erythromycin 9-Oxime; Erythromycin A Oxime; Clarithromycin EP Impurity J,13127-18-9,,54001,,,,
Pharmaceutical Impurities,Roxithromycin EP,Erythromycin 9-(Z)-[O-[(2-Methoxyethoxy)methyl]-oxime]; (Z)-Roxithromycin,134931-00-3,,54002,,,,
Pharmaceutical Impurities,Roxithromycin EP Impurity E,3”-O-Demethylerythromycin-9-(E)-[O-[(2-methoxyethoxy)methyl]oxime],1460313-66-9,,54003,,,,
Pharmaceutical Impurities,Roxithromycin EP,3’-N-Demethylerythromycin-9-(E)-[O-[(2-methoxyethoxy)methyl]oxime]; N-Demethyl Roxithromycin,118267-18-8,,54004,,,,
Pharmaceutical Impurities,Roxithromycin EP API : Ruxolitinib,Erythromycin 9-(E)-[O-[(2-Chloroethoxy)methyl]oxime]; 2-Chloroethoxy Roxithromycin,134834-12-1,,54005,,,,
Pharmaceutical Impurities,Ruxolitinib-Amide,"3-(4-(7H-Pyrrolo[2,3-d]pyrimidin-4-yl)-1H-pyrazol-1-yl)- 3-cyclopentylpropanamide",1911644-32-0,,54018,,,,
Pharmaceutical Impurities,Ruxolitinib Impurity A API : Salbutamol,"(3S)-3-(4-(7H-Pyrrolo[2,3-d]pyrimidin-4-yl)-1H-pyrazol-1-yl)- 3-cyclopentylpropanenitrile",941685-37-6,,54019,,,,
Pharmaceutical Impurities,Salbutamol Impurity 1 API : Salicylic/Folic acid,4-((R)-2-(N-tert-butyl-N-methylamino)-1-hydroxyethyl)-2- (hydroxymethyl)phenol,,,54028,,,,
Pharmaceutical Impurities,Acetylsalicylic anhydride WS API : Salmeterol,2-(acetyloxy)benzoic anhydride (acetylsalicylic anhydride),1466-82-6,,54038,,,,
Pharmaceutical Impurities,Salmeterol USP Related Salmeterol EP Impurity A,1-[4-Hydroxy-3-(hydroxymethyl)phenyl]-2-[(4-phenylbutyl)amino],1798014-51-3,,54048,,,,
Pharmaceutical Impurities,Salmeterol EP Impurity B,1-[4-Hydroxy-3-(hydroxymethyl)phenyl]-2-[[6-(2-phenylethoxy)hexyl] amino] ethanol; Salmeterol Phenylethoxy Impurity (USP),94749-02-7,,54049,,,,
Pharmaceutical Impurities,Salmeterol EP Impurity C,1-[4-Hydroxy-3-(hydroxymethyl)phenyl]-2-[[6-(3-phenylpropoxy)hexyl],94749-11-8,,54050,,,,
Pharmaceutical Impurities,Salmeterol EP Impurity D,1-[4-[2-hydroxy-2-[4-hydroxy-3-(hydroxymethyl)phenyl]ethoxy]- 3-(hydroxy methyl)phenyl]-2-[[6-(3-phenylbutoxy)hexyl]amino]ethanol; Salmeterol O-Alkyl Impurity (USP),1391052-04-2,,54051,,,,
Pharmaceutical Impurities,Salmeterol USP Related Salmeterol EP Impurity E,1-[4-Hydroxy-3-(hydroxymethyl)phenyl]-2-[[6-(1-methyl-3- phenylpropoxy) hexyl] amino]ethanol,108928-81-0,,54052,,,,
Pharmaceutical Impurities,Salmeterol EP Impurity F,1-(4-Hydroxy-3-methylphenyl)-2-[[6-(4-phenylbutoxy)hexyl]amino],1391054-40-2,,54053,,,,
Pharmaceutical Impurities,Salmeterol EP Impurity G,1-[4-hydroxy-3-[[[2-hydroxy-2-[4-hydroxy-3-(hydroxymethyl)phenyl] ethyl] [6-(4-phenylbutoxy)hexyl]amino]methyl]phenyl]-2-[[6- (4-phenylbutoxy)hexyl] amino]ethanol; Salmeterol N-Alkyl Impurity (USP); Salmeterol Dimer Impurity,1391051-88-9,,54054,,,,
Pharmaceutical Impurities,Salmeterol USP Related,1-Hydroxy-4-[2-hydroxy-5-(1-hydroxy-2-{[6-(4-phenylbutoxy)hexyl] amino} ethyl)benzyl]-2-naphthoic acid; Salmeterol Xinafoate Adduct Impurity,1330076-52-2,,54055,,,,
Pharmaceutical Impurities,Salmeterol Hydroxyna- phthoic Acid Impurity (USP),1-Hydroxynaphthalene-2-carboxylic acid; Xinafoic Acid,86-48-6,,54056,,,,
Pharmaceutical Impurities,Salmeterol Impurity 22 API : Salsalate,Dimethyl-4-(benzyloxy)isopthalate,63295-94-3,,54057,,,,
Pharmaceutical Impurities,Salsalate Impurity,Methyl salicylate,119-36-8,,54068,,,,
Pharmaceutical Impurities,Salsalate Impurity,Ethyl salicylate,118-61-6,,54069,,,,
Pharmaceutical Impurities,Salsalate Impurity API : Sertraline,Isopropyl salicylate,607-85-2,,54070,,,,
Pharmaceutical Impurities,Sertraline Impurity A,"(1RS,4SR)-4-(3,4-dichlorophenyl)-N-methyl-1,2,3,4- tetrahydronaphthalen-1-amine hydrochloride",79617-99-5,,54083,,,,
Pharmaceutical Impurities,Sertraline Impurity B,"(1RS,4RS)-4-(4-Chlorophenyl)-N-methyl-1,2,3,4- tetrahydronaphthalen-1-amine",52758-03-9,,54084,,,,
Pharmaceutical Impurities,Sertraline Impurity C,"(1RS,4RS)-4-(4-Chlorophenyl)-N-methyl-1,2,3,4- tetrahydronaphthalen-1-amine hydrochloride",79559-98-1,,54085,,,,
Pharmaceutical Impurities,Sertraline Impurity D,"(1RS,4RS)-4-(3-chlorophenyl)-N-methyl-1,2,3,4- tetrahydronaphthalen-1-amine",2378750-29-7,,54086,,,,
Pharmaceutical Impurities,Sertraline EP Impurity E,(-)-a-Hydroxyphenylacetic Acid; R-(-)-Mandelic acid,611-71-2,,54087,,,,
Pharmaceutical Impurities,Sertraline Impurity F,"(4R)-4-(3,4-dichlorophenyl)-3,4-dihydronaphthalen-1(2H)-one",155748-61-1,,54088,,,,
Pharmaceutical Impurities,Sertraline Impurity G API : Sildenafil,"(1R,4R)-4-(3,4-Dichlorophenyl)-1,2,3,4-tetrahydro- N-methyl-1-naphthalenamine",79617-98-4,,54089,,,,
Pharmaceutical Impurities,Sildenafil EP Impurity A,"5-(2-Ethoxy-5-((4-methylpiperazin-1-yl)sulfonyl)phenyl)-3-isobutyl-1- methyl-1H-pyrazolo[4,3-d]pyrimidin-7(6H)-one; Sildenafil isobutyl analog",1391053-95-4,,54103,,,,
Pharmaceutical Impurities,Sildenafil EP Impurity B,"4-((4-Ethoxy-3-(1-methyl-7-oxo-3-propyl-6,7-dihydro-1H-pyrazolo [4,3-d]pyrimidin-5-yl)phenyl)sulfonyl)-1-methylpiperazine 1-oxide; Sildenafil N-Oxide",1094598-75-0,,54104,,,,
Pharmaceutical Impurities,Sildenafil EP Impurity C,"5-(2-Hydroxy-5-((4-methylpiperazin-1-yl)sulfonyl)phenyl)-1-methyl-3- propyl-1H-pyrazolo[4,3-d]pyrimidin-7(6H)-one; O-Desethyl Sildenafil",139755-91-2,,54105,,,,
Pharmaceutical Impurities,Sildenafil EP Impurity D,"4-Ethoxy-3-(1-methyl-3-propyl-7-oxo-6,7-dihydro-1H-pyrazolo[4,3-d] pyrimidin-5-yl)benzenesulfonic acid; Sildenafil Desmethylpiperazinyl Sulfonic Acid",1357931-55-5,,54106,,,,
Pharmaceutical Impurities,Sildenafil Lactam Impurity,"5-(2-Ethoxyphenyl)-1-methyl-3-propyl-1H-pyrazolo[4,3-d] pyrimidin-7(6H)-one",139756-21-1,,54107,,,,
Pharmaceutical Impurities,Sildenafil N-Desmethyl,"5-(2-Ethoxy-5-(piperazin-1-ylsulfonyl)phenyl)-1-methyl-3-propyl-1H- pyrazolo[4,3-d]pyrimidin-7(6H)-one",139755-82-1,,54108,,,,
Pharmaceutical Impurities,Sildenafil Pyrimidine Impurity,"3-Isobutyl-1H-pyrazolo[4,3-d]pyrimidine",1346600-82-5,,54109,,,,
Pharmaceutical Impurities,Sildenafil Chlorosulfone,"4-Ethoxy-3-(1-methyl-7-oxo-3-propyl-6,7-dihydro-1H-pyrazolo[4,3-d] pyrimidin-5-yl)benzene-1-sulfonyl chloride",139756-22-2,,54110,,,,
Pharmaceutical Impurities,Sildenafil Amino Amide Impurity,4-Amino-1-methyl-3-propyl-1H-pyrazole-5-carboxamide,139756-02-8,,54111,,,,
Pharmaceutical Impurities,Sildenafil 2-Ethoxybenzoyl Chloride Impurity API : Simvastatin,2-Ethoxybenzoyl chloride,42926-52-3,,54112,,,,
Pharmaceutical Impurities,Simvastatin Impurity C API : Sitagliptin,"2,2-Dimethylbutanoic acid (1S,3R,7S,8S,8aR)-8-[2-[(2R)-3,6-dihydro-6-",210980-68-0,,54123,,,,
Pharmaceutical Impurities,Sitagliptin EP Impurity C,"(R)-3-Amino-1-(3-(trifluoromethyl)-5,6-dihydro-[1,2,4]triazolo[4,3-a] pyrazin-7(8H)-yl)-4-(2,4-difluorophenyl)butan-1-one; Sitagliptin 5-Desfluoro Impurity",1345822-86-7,,54133,,,,
Pharmaceutical Impurities,Sitagliptin EP Impurity B,"(R)-3-Amino-1-(3-(trifluoromethyl)-5,6-dihydro-[1,2,4]triazolo[4,3-a] pyrazin-7(8H)-yl)-4-(2,5-difluorophenyl)butan-1-one; Sitagliptin 4-Desfluoro Impurity",1345822-87-8,,54134,,,,
Pharmaceutical Impurities,Sitagliptin N-Boc,"(R)-3-((Tert-butoxycarbonyl)amino)-4-(2,4,5-trifluorophenyl) butanoic acid",486460-00-8,,54135,,,,
Pharmaceutical Impurities,Sitagliptin Triazole,"3-(Trifluoromethyl)-5,6,7,8-tetrahydro-[1,2,4]triazolo[4,3-a] pyrazine hydrochloride",762240-92-6,,54136,,,,
Pharmaceutical Impurities,Sitagliptin N-Boc Impurity,"(R)-Tert-butyl (4-oxo-4-(3-(trifluoromethyl)-5,6-dihydro-[1,2,4]triazolo [4,3-a]pyrazin-7(8H)-yl)-1-(2,4,5-trifluorophenyl)butan-2-yl)carbamate",486460-23-5,,54137,,,,
Pharmaceutical Impurities,Sitagliptin S-Isomer,"(S)-3-Amino-1-(3-(trifluoromethyl)-5,6-dihydro-[1,2,4]triazolo[4,3-a]",823817-55-6,,54138,,,,
Pharmaceutical Impurities,Sitagliptin Ketoamide,"(1-(3-(Trifluoromethyl)-5,6-dihydro-[1,2,4]triazolo[4,3-a]pyrazin- 7(8H)-yl)-4-(2,4,5-trifluorophenyl)butane-1,3-dione",764667-65-4,,54139,,,,
Pharmaceutical Impurities,Sitagliptin Acid Impurity,"(R)-3-amino-4-(2,4,5-trifluorophenyl)butanoic acid",936630-57-8,,54140,,,,
Pharmaceutical Impurities,Sitagliptin Enamine,"3-Amino-1-(3-(trifluoromethyl)-5,6-dihydro-[1,2,4]triazolo[4,3-a] pyrazin-7(8H)-yl)-4-(2,4,5-trifluorophenyl)but-2-en-1-one",767340-03-4,,54141,,,,
Pharmaceutical Impurities,Sitagliptin Triazecine,"(R)-10-(2,4,5-Trifluorobenzyl)-3-(trifluoromethyl)-6,7,10,11-tetrahydro- [1,2,4]triazolo[3,4-c][1,4,7]triazecine-8,12(5H,9H)-dione",2088771-61-1,,54142,,,,
Pharmaceutical Impurities,Sitagliptin EP Impurity A,"(S)-3-Amino-1-(3-(trifluoromethyl)-5,6-dihydro-[1,2,4]triazolo[4,3-a] pyrazin-7(8H)-yl)-4-(2,4,5-trifluorophenyl)butan-1-one phosphate",823817-58-9,,54143,,,,
Pharmaceutical Impurities,Sitagliptin phosphate,"7-[(3R)-3-Amino-1-oxo-4-(2,4,5-trifluorophenyl)butyl]-5,6,7,8- tetrahydro-3-(trifluoromethyl)-1,2,4-triazolo[4,3- a]pyrazine-phosphate monohydrate",654671-77-9,,54144,,,,
Pharmaceutical Impurities,Sitagliptin Impurity-1,"2-(((R)-4-oxo-4-(3-(trifluoromethyl)-5,6-dihydro-[1,2,4]triazolo[4,3-a] pyrazin-7(8H)-yl)-1-(2,4,5-trifluorophenyl)butan-2-yl)amino)succinic acid",2088771-60-0,,54145,,,,
Pharmaceutical Impurities,Sitagliptin EP Impurity A API : Sofosbuvir,"7-[(3S)-3-Amino-1-oxo-4-(2,4,5-trifluorophenyl)butyl]-5,6,7,8- tetrahydro-3-(trifluoromethyl)-1,2,4-triazolo[4,3-a]pyrazinephosphate salt; mandelic acid salt",823817-58-9,,54146,,,,
Pharmaceutical Impurities,Sofosbuvir IP Impurity F,"2,3,4,5,6-Pentafluorophenol",771-61-9,,54158,,,,
Pharmaceutical Impurities,Solifenacin,"1-Azabicyclo[2.2.2]oct-3-yl (1R)-1-phenyl-3,4-dihydro-1H- isoquinoline-2-carboxylate",242478-37-1,,54168,,,,
Pharmaceutical Impurities,Solifenacin EP Impurity A,"(S)-1-Phenyl-1,2,3,4-tetrahydroisoquinoline",118864-75-8,,54169,,,,
Pharmaceutical Impurities,Solifenacin EP Impurity B,"(1S)-3,4-Dihydro-1-phenyl-2(1H)-isoquinolinecarboxylic acid isopropyl ester; Solifenacin isopropyl ester Impurity",1353274-25-5,,54170,,,,
Pharmaceutical Impurities,Solifenacin EP Impurity C,"Bis[(1S)-3,4-dihydro-1-phenyl-2(1H)-isoquinolinyl]-methanone; Solifenacin (S,S)-Methanone Impurity",1534326-81-2,,54171,,,,
Pharmaceutical Impurities,Solifenacin EP Impurity D,"((R)-1-Phenyl-3,4-dihydroisoquinolin-2(1H)-yl)((S)-1-phenyl-3,4-dihydro isoquinolin-2(1H)-yl)methanone; Solifenacin (R,S)-Methanone Impurity Solifenacin (R)-Hydroxyquinuclidine Impurity (Base)",2216750-52-4,,54172,,,,
Pharmaceutical Impurities,Solifenacin EP Impurity F,"(1R)-3,4-Dihydro-1-phenyl-2(1H)-isoquinolinecarboxylic acid (3S)- 1-azabicyclo-[2.2.2]oct-3-yl ester; HCl Solifenacin (1R,3S)-Isomer; (1R,3S)-Solifenacin HCl",180468-40-0,,54174,,,,
Pharmaceutical Impurities,Solifenacin EP Impurity G,"(1R)-3,4-Dihydro-1-phenyl-2(1H)-isoquinolinecarboxylic acid (3R)-",740780-79-4,,54175,,,,
Pharmaceutical Impurities,Solifenacin EP Impurity H,"(1S)-3,4-Dihydro-1-phenyl-2(1H)-isoquinolinecarboxylic acid (3S)- 1-azabicyclo-[2.2.2]oct-3-yl ester; HCl Solifenacin (1S,3S)-Isomer; (1S,3S)-Solifenacin HCl",180468-38-6,,54176,,,,
Pharmaceutical Impurities,Solifenacin EP Impurity I,"(1S)-3,4-Dihydro-1-phenyl-2(1H)-isoquinolinecarboxylic acid (3R)- 1-oxido-1-azabicyclo-[2.2.2]oct-3-yl ester; Solifenacin N-Oxide",180272-28-0,,54177,,,,
Pharmaceutical Impurities,Solifenacin (S)-Hydroxy- quinuclidine Impurity,(S)-(+)-1-Azabicyclo[2.2.2]octan-3-ol; (S)-3-Hydroxyquinuclidine,34583-34-1,,54178,,,,
Pharmaceutical Impurities,Solifenacin cis-Hydroxy,"rel-(1S,4R)-3,4-Dihydro-4-hydroxy-1-phenyl-2(1H)-isoquinolinecarboxylic acid (3R)-1-azabicyclo[2.2.2]oct-3-yl ester; cis-Hydroxy Solifenacin (Mixture of Diastereomers)",201660-36-8,,54179,,,,
Pharmaceutical Impurities,Solifenacin related,"(1S)-3,4-Dihydro-1-phenyl-2(1H)-isoquinolinecarboxylic acid ethyl ester; Solifenacin Acid Ethyl Ester; Solifinacin Ethyl Carbamate Impurity",180468-42-2,,54180,,,,
Pharmaceutical Impurities,Solifinacin Methyl,"(1S)-3,4-Dihydro-1-phenyl-2(1H)-isoquinolinecarboxylic acid methyl ester; Solifenacin Acid Methyl Ester",,,54181,,,,
Pharmaceutical Impurities,Solifenacin Hydroxyquin- uclidine Impurity (Base),1-Azabicyclo[2.2.2]octan-3-ol; (+/-)-3-Quinuclidinol; dl-3-Quinuclidinol,1619-34-7,,54182,,,,
Pharmaceutical Impurities,Solifenacin Nitrophenyl Ester Impurity,"(S)-4-Nitrophenyl 1-Phenyl-3,4-dihydroisoquinoline-2(1H)-carboxylate",1229227-22-8,,54183,,,,
Pharmaceutical Impurities,"(S,R)-Solifenacin Succinate API : Sulfamethoxazole","(1S)-3,4-Dihydro-1-phenyl-2(1H)-isoquinolinecarboxylic acid (3R)- 1-azabicyclo-[2.2.2]oct-3-yl ester succinate salt; Solifenacin Succinate",242478-38-2,,54184,,,,
Pharmaceutical Impurities,Sulfamethoxazole Impurity E API : Sulfasalazine,4-Aminobenzenesulfonamide; Sulfanilamide,63-74-1,,54198,,,,
Pharmaceutical Impurities,Sulfapyridine,4-Amino-N-pyridin-2-ylbenzenesulfonamide,144-83-2,,54208,,,,
Pharmaceutical Impurities,Sulfasalazine Impurity D API : Tacrolimus,4-[2-(2-Hydroxyphenyl)diazenyl]-N-2-pyridinylbenzenesulfonamide,66364-70-3,,54209,,,,
Pharmaceutical Impurities,Tacrolimus Monohydrate,"(3S,4R,5S,8R,9E,12S,14S,15R,16S,18R,19R,26aS)-15,19-Epoxy-3H-pyrido [2,1-c][1,4]oxaazacyclotricosine-1,7,20,21(4H,23H) tetrone; 5,6,8,11,12, 13,14,15,16,17,18,19,24, 25,26, 26a-hexadecahydro-5,19-dihydroxy-3- [(1E)-2-[(1R,3R,4R)-4-hydroxy-3-methoxycyclohexyl]-1-methylethenyl]- 14,16-dimethoxy-4,10,12,18-tetramethyl-8-(2-propen-1-yl)-hydrate; FK-506 Monohydrate",109581-93-3,,54218,,,,
Pharmaceutical Impurities,Tacrolimus USP Related,Ascomycin Working Standard; Tacrolimus Desmethylene Impurity; Immunomycin,104987-12-4,,54219,,,,
Pharmaceutical Impurities,Tacrolimus 21-Carboxylic,"2-((2R,3R,5S)-6-((1S,3S,5Z,7R,10S,11R,12S,13E)-7-allyl-10-hydroxy-14- ((1R,3R,4R)-4-hydroxy-3-methoxycyclohexyl)-1-methoxy-3,5,11,13- tetramethyl-8-oxo-12-(((S)-piperidine-2-carbonyl)oxy) tetradeca- 5,13-dien-1-yl)-2-hydroxy-5-methoxy-3-methyltetrahydro- 2H-pyran-2-yl)-2-oxoacetic acid",,,54220,,,,
Pharmaceutical Impurities,Tacrolimus 8-Epimer,"[3S-[3R*[E(1S*,3S*,4S*)],4S*,5R*,8R*,9E,12R*,14R*,15S*,16R*,18S*,19S*, 26aR*]]- 5,6,8,11,12,13,14,15,16,17,18,19,24,25,26,26a-Hexadecahydro-5, 19-dihydroxy-3-[2-(4-hydroxy-3-methoxycyclohexyl)-1-methylethenyl]- 14,16-dimethoxy-4,10,12,18-tetramethyl-8-(2-propenyl)-15,19-epoxy- 3H-pyrido[2,1-c][1,4]oxaazacyclotricosine-1,7,20,21(4H,23H)-tetrone; (-)-8-epi-Tacrolimus",129212-35-7,,54221,,,,
Pharmaceutical Impurities,Dihydro Tacrolimus,"[3S-[3R*[E(1S*,3S*,4S*)],4S*,5R*,8S*,9E,12R*,14R*,15S*,16R*,18S*,19S*, 26aR*]]-5,6,8,11,12,13,14,15,16,17,18,19,24,25,26,26a-hexadecahydro- 5,19-dihydroxy-3-[2-(4-hydroxy-3-methoxycyclohexyl)-1-methylethenyl]- 14,16-dimethoxy-4,10,12,18-tetramethyl-8-propyl-15,19-Epoxy-3H- pyrido[2,1-c][1,4]oxaazacyclotricosine-1,7,20,21(4H,23H)-tetrone; Tacrolimus 8-Propyl Analog (USP); Tsukubamycin B",104987-30-6,,54222,,,,
Pharmaceutical Impurities,Tacrolimus Diene Impurity,"(3S,4R,8R,12S,14S,15R,16S,18R,19R,26aS)-8,11,12,13,14,15,16,17,18,19, 24,25,26,26a-tetradecahydro-19-hydroxy-3-[(1E)-2-[(1R,3R,4R)-4- hydroxy-3-methoxycyclohexyl]-1-methylethenyl]-14,16-dimethoxy- 4,10,12,18-tetramethyl-8-(2-propen-1-yl)-15,19-epoxy(5E,9E)-3H- pyrido[2,1-c][1,4]oxaazacyclotricosine-1,7,20,21(4H,23H)-tetrone; 5,6-Anhydro Tacrolimus",104987-16-8,,54223,,,,
Pharmaceutical Impurities,Tacrolimus Hydroxy Acid,"(3S,4R,5S,8R,12S,14S,16S,18R,25aS,E)-8-allyl-5,15,19-trihydroxy-3-((E)- 1-((1R,3R,4R)-4-hydroxy-3-methoxycyclohexyl)prop-1-en-2-yl)-14,16- dimethoxy-4,10,12,18-tetramethyl-1,7,20-trioxo-1,3,4,5,6,7,8,11,12,13, 14,15,16,17,18,19,20,22,23,24,25,25a-docosahydropyrido[2,1-c][1] oxa[4]azacyclodocosine-19-carboxylic acid",1700657-83-5,,54224,,,,
Pharmaceutical Impurities,Tacrolimus Lactone Isomer,"[3S-[3R*[1R*,2R*,4(1S*,3S*,4S*)],6S*,10R*,12R*,13R*,14R*,16S*,17S*, 24aR*]]-6,9,10,11,12,13,14,15,16,17,22,23,24,24a-tetradecahydro-17- hydroxy-3-[2-hydroxy-4-(4-hydroxy-3-methoxycyclohexyl)- 1,3-dimethyl-3-butenyl]-12,14-dimethoxy-8,10,16-trimethyl- 6-(2-propenyl)-13,17-epoxy-3H-pyrido[2,1-c][1,4] oxaazacycloheneicosine-1,5,18,19(4H,21H)-tetrone",134590-88-8,,54225,,,,
Pharmaceutical Impurities,Tacrolimus Ring-opening,"(3S,4R,5S,8R,12S,14S,15R,16S,18R,26aS,Z)-8-allyl-5,15-dihydroxy-3-((E)- 1-((1R,3R,4R)-4-hydroxy-3-methoxycyclohexyl)prop-1-en-2-yl)- 14,16-dimethoxy-4,10,12,18 tetramethyl 5,6,11,12,13, 14,15, 16,17,18, 24,25,26,26a-tetradecahydro-3H-pyrido[2,1-c][1]oxa[4]azacyclotricosine- 1,7,19,20,21(4H,8H,23H)-pentaone",1393890-33-9,,54226,,,,
Pharmaceutical Impurities,Tacrolimus Methylacryl API : Tadalafil,"(E)-3-[[(1R,3R,4R)-4-Hydroxy-3-methoxycyclohexyl]- 2-methylacrylaldehyde",109466-74-2,,54227,,,,
Pharmaceutical Impurities,Tadalafil EP Impurity A,"(6R,12aS)-6-(1,3-Benzodioxol-5-yl)-2-methyl-2,3,6,7,12,12a-hexahydro pyrazino [1’,2’:1,6]pyrido[3,4-b]indole-1,4-dione; Tadalafil(6R,12aS)-Isomer",171596-27-3,,54238,,,,
Pharmaceutical Impurities,Tadalafil EP Impurity B,"(6S,12aS)-6-(1,3-Benzodioxol-5-yl)-2-methyl-2,3,6,7,12,12a-hexahydro pyrazino [1’,2’:1,6]pyrido[3,4-b]indole-1,4-dione; L-Tadalafil",629652-72-8,,54239,,,,
Pharmaceutical Impurities,Tadalafil EP Impurity C,"(6S,12aR)-6-(1,3-Benzodioxol-5-yl)-2-methyl-2,3,6,7,12,12a-hexahydro pyrazino [1’,2’:1,6]pyrido[3,4-b]indole-1,4-dione; Tadalafil (6S,12aR)-Isomer",171596-28-4,,54240,,,,
Pharmaceutical Impurities,Tadalafil Process,"(1R,3R)-Methyl 1-(benzo[d][1,3]dioxol-5-yl)-2-(2-chloroacetyl)- 2,3,4,9-tetrahydro-1H-pyrido[3,4-b]indole-3-carboxylate",171596-43-3,,54241,,,,
Pharmaceutical Impurities,Tadalafil Process Impurity,"Benzo[d][1,3]dioxole-5-carbaldehyde; Piperonal",120-57-0,,54242,,,,
Pharmaceutical Impurities,Telmisartan EP Impurity A [Telmisartan USP Related Compound A],"1,7'-Dimethyl-2'-propyl-1H,3'H-2,5'-bibenzo[d]imidazole",152628-02-9,,54253,,,,
Pharmaceutical Impurities,Telmisartan EP Impurity B,"4'-[(1,7'-Dimethyl-2'-propyl-1H,1'H-2,5'-bibenzo[d]imidazol-1'-yl) methyl]biphenyl-2-carboxylic acid",1026353-20-7,,54254,,,,
Pharmaceutical Impurities,Telmisartan EP Impurity C,"2-(4-{[4-Methyl-6-(1-methyl-1H-1,3-benzodiazol-2-yl)-2-propyl-1H- 1,3-benzodiazol-1-yl] methyl}phenyl)benzoic acid t-butyl ester; Telmisartan tert-Butyl Ester",144702-26-1,,54255,,,,
Pharmaceutical Impurities,Telmisartan EP Impurity E,"1-((2'-Carboxy-[1,1'-biphenyl]-4-yl)methyl)-4-methyl-2-propyl- 1H-benzo[d]imidazole-6-carboxylic acid; Telmisartan Diacid",884330-12-5,,54256,,,,
Pharmaceutical Impurities,Telmisartan EP Impurity F,"2-(4-{[4-Methyl-6-(1-methyl-1H-1,3-benzodiazol-2-yl)-2-propyl- 1H-1,3-benzodiazol-1-yl] methyl}phenyl)benzamide; Telmisartan Amide",915124-86-6,,54257,,,,
Pharmaceutical Impurities,Telmisartan EP Impurity G,"4'-[(1,4'-Dimethyl-2'-propyl[2,6'-bi-1H-benzimidazol]-1'-yl)methyl]- [1,1'-biphenyl]-2-carbonitrile; Telmisartan Cyano Analog",144702-27-2,,54258,,,,
Pharmaceutical Impurities,Telmisartan EP Impurity H,Tert-butyl 4'-bromomethyl biphenyl-2-carboxylate; Telmisartan Bromo t-Butyl Ester,114772-40-6,,54259,,,,
Pharmaceutical Impurities,Telmisartan Ethyl Ester,"2-(4-{[4-Methyl-6-(1-methyl-1H-1,3-benzodiazol-2-yl)-2-propyl- 1H-1,3-benzodiazol-1-yl] methyl}phenyl)benzoic acid ethyl ester",528560-94-3,,54260,,,,
Pharmaceutical Impurities,Telmisartan Methyl Ester,"2-(4-{[4-Methyl-6-(1-methyl-1H-1,3-benzodiazol-2-yl)-2-propyl- 1H-1,3-benzodiazol-1-yl] methyl}phenyl)benzoic acid methyl ester",528560-93-2,,54261,,,,
Pharmaceutical Impurities,Telmisartan Impurity,"4'-Methyl-[1,1'-biphenyl]-2-carbonitrile",114772-53-1,,54262,,,,
Pharmaceutical Impurities,Telmisartan Impurity,"4-(Bromomethyl)-[1,1-biphenyl]-2-carbonitrile; Telmisartan Bromo Nitrile Impurity",114772-54-2,,54263,,,,
Pharmaceutical Impurities,Telmisartan Bromo Methyl Ester,Methyl 4-bromomethyl biphenyl-2-carboxylate,114772-38-2,,54264,,,,
Pharmaceutical Impurities,Telmisartan Bromo Ethyl Ester,Ethyl 4-bromomethyl biphenyl-2-carboxylate,,,54265,,,,
Pharmaceutical Impurities,Telmisartan Impurity,"4'-Methyl-[1,1'-biphenyl]-2-carboxylic acid; 4'-Methyl-2-carboxybiphenyl",7148-03-0,,54266,,,,
Pharmaceutical Impurities,Telmisartan Impurity,"4'-(Dibromomethyl)-[1,1'-biphenyl]-2-carbonitrile; 2'-Cyano-4- (dibromomethyl)-1,1'-biphenyl; Irbesartan Dibromomethyl Impurity",209911-63-7,,54267,,,,
Pharmaceutical Impurities,Telmisartan Bromo Acid,4'-Bromomethyl biphenyl-2-carboxylic acid,150766-86-2,,54268,,,,
Pharmaceutical Impurities,Telmisartan Bromo Amide,4'-Bromomethyl biphenyl-2-carboxamide,147404-72-6,,54269,,,,
Pharmaceutical Impurities,Telmisartan Impurity,"Methyl 4'-(hydroxymethyl)-[1,1'-biphenyl]-2-carboxylate",,,54270,,,,
Pharmaceutical Impurities,Telmisartan Impurity,"Methyl 4'-(methoxymethyl)-[1,1'-biphenyl]-2-carboxylate",,,54271,,,,
Pharmaceutical Impurities,Telmisartan Benzimidazole Acid,4-Methyl-2-propyl-1H-benzo[d]imidazole-6-carboxylic acid,152628-03-0,,54272,,,,
Pharmaceutical Impurities,Telmisartan Impurity,Methyl 4-amino-3-methylbenzoate,18595-14-7,,54273,,,,
Pharmaceutical Impurities,Telmisartan Impurity,Methyl 4-butyramido-3-methylbenzoate,301533-59-5,,54274,,,,
Pharmaceutical Impurities,Telmisartan Impurity,Methyl 4-(butyrylamino)-3-methyl-5-nitrobenzoate,152628-01-8,,54275,,,,
Pharmaceutical Impurities,Telmisartan Impurity,"N-Methyl-1,2-benzenediamine dihydrochloride",25148-68-9,,54276,,,,
Pharmaceutical Impurities,Telmisartan Impurity,Methyl 7-methyl-2-propyl-1H-benzo[d]imidazole-5-carboxylate,152628-00-7,,54277,,,,
Pharmaceutical Impurities,Telmisartan Impurity API : Tenofovir,N-Methyl-2-nitroaniline,612-28-2,,54278,,,,
Pharmaceutical Impurities,Tenofovir Impurity,Chloromethyl isopropyl carbonate,35180-01-9,,54293,,,,
Pharmaceutical Impurities,Tenofovir Impurity,(R)-6-Amino-9-(2-hydroxypropyl)purine,14047-28-0,,54294,,,,
Pharmaceutical Impurities,Desmethyl Tenofovir,"5-[[2-(6-Amino-9H-purin-9-yl)ethoxy]methyl]-2,4,6,8-Tetraoxa-5- phosphanonanedioic Acid; Bis(1-methylethyl) Ester 5-Oxide",365417-53-4,,54295,,,,
Pharmaceutical Impurities,Tenofovir Impurity K,(E)-9-(prop-1-en-1-yl)-9H-purin-6-amine,1446486-33-4,,54296,,,,
Pharmaceutical Impurities,Tenofovir Impurity,n-Propyl Impurity (Tenofovir),,,54297,,,,
Pharmaceutical Impurities,Tenofovir Impurity API : Theophylline,Tenofovir hydrate (PMPA); (R)-9-(2-Phosphonoylmethoxypropyl)adenine,147127-20-6,,54298,,,,
Pharmaceutical Impurities,Theophylline Impurity,"3,7-Dihydro-1,3-dimethyl-1H-purine-2,6-dione; 1,3-Dimethylxanthine",58-55-9,,54313,,,,
Pharmaceutical Impurities,Theophylline Impurity A,"3,7-Dihydro-1,3,7-trimethyl-1H-purine-2,6-dione; Caffeine",58-08-2,,54314,,,,
Pharmaceutical Impurities,Theophylline Impurity B API : Thiamine,"3,7-Dihydro-3-methyl-1H-purine-2,6-dione; 3-Methylxanthine",1076-22-8,,54315,,,,
Pharmaceutical Impurities,Thiamine HCl Impurity B API : Thiocolchicoside,3-[(4-Amino-5-pyrimidinyl)methyl]-5-(2-hydroxyethyl)-4-methylthiazolium chloride hydrochloride; 2-Nor thiamine,7770-93-6,,54328,,,,
Pharmaceutical Impurities,Thiocolchicoside API : Tigecycline,"N-[(7S)-3-(b-D-Glucopyranosyloxy)-5,6,7,9-tetrahydro-1,2-dimethoxy- 10-(methylthio)-9-oxobenzo[a]heptalen-7-yl]acetamide; (S)-N-[3-(b-D-Glucopyranosyloxy)-5,6,7,9-tetrahydro-1,2-dimethoxy- 10-(methylthio)-9-oxobenzo[a]heptalen-7-yl]acetamide",602-41-5,,54338,,,,
Pharmaceutical Impurities,Tigecycline related API : Topiramate,"4S,4aS,5aR,12aS)-9-Amino-4,7-bis(dimethylamino)-1,4,4a,5,5a,6,11, 12a-octahydro-3,10,12,12a-tetrahydroxy-1,11-dioxo-2- naphthacenecarboxamide Hydrochloride",149934-21-4,,54348,,,,
Pharmaceutical Impurities,Topiramate Impurity A,"2,3:4,5-Di-O-isopropylidene-b-D-fructopyranose",20880-92-6,,54358,,,,
Pharmaceutical Impurities,Topiramate Impurity B,"1-O-[(Diethylcarbamoyl)sulfamoyl]-2,3:4,5-bis-O- (1-methylethylidene)-b-D-fructopyranose",876403-98-4,,54359,,,,
Pharmaceutical Impurities,Topiramate Impurity C API : Tramadol,"(2,2,7,7-Tetramethyl-tetrahydro-3aH-bis[1,3]dioxolo[4,5-b:4’,5’-d] pyran-3a-yl)methyl sulfurochloridoate",150609-95-3,,54360,,,,
Pharmaceutical Impurities,Tramadol HCl Impurity A,trans-Tramadol HCl; (±)-trans-2-[(Dimethylamino)methyl]-1- (3-methoxyphenyl)cyclohexanol hydrochloride,73806-49-2,,54373,,,,
Pharmaceutical Impurities,Tramadol HCl Impurity D API : Tranexamic,O-desmethyl tramadol Hydrochloride,185453-02-5,,54374,,,,
Pharmaceutical Impurities,Tranexamic acid Related Compound D API : Trazodone,4-(Aminomethyl)benzoic acid,56-91-7,,54383,,,,
Pharmaceutical Impurities,Trazodone Hydrochloride Impurity K,"1,2,4-Triazolo[4,3-a]pyridin-3(2H)-one",6969-71-7,,54393,,,,
Pharmaceutical Impurities,Trazodone EP Impurity L API : Triamcinolone,1-(3-Chlorophenyl)piperazine,6640-24-0,,54394,,,,
Pharmaceutical Impurities,Triamcinolone Acetonide Impurity B,"14,15-Dehydro Triamcinolone Acetonide",1260149-96-9,,54403,,,,
Pharmaceutical Impurities,Triamcinolone Acetonide Impurity C API : Trimethoprim,Triamcinolone Acetonide 21-Aldehyde Hydrate,161740-69-8,,54404,,,,
Pharmaceutical Impurities,Trimethoprim Impurity L,"3,4,5-Trimethoxybenzaldehyde",86-81-7,,54413,,,,
Pharmaceutical Impurities,Trimethoprim Impurity E,"4-amino-5-(3,4,5-trimethoxybenzyl) pyrimidin-2-ol",60729-91-1,,54414,,,,
Pharmaceutical Impurities,Trimethoprim WS API : Trimipramine,"5-[(3,4,5-Trimethoxyphenyl)methyl]-2,4-pyrimidinediamine",738-70-5,,54415,,,,
Pharmaceutical Impurities,Trimipramine Impurity D API : Ursodiol,"3-(10,11-Dihydro-5H-dibenzo[b,f]azepin-5-yl)-N,N-dimethylpropan- 1-amine hydrochloride; Imipramine hydrochloride",113-52-0,,54428,,,,
Pharmaceutical Impurities,Ursodeoxycholic acid EP Impurity B,Cholic acid,81-25-4,,54438,,,,
Pharmaceutical Impurities,Ursodeoxycholic acid EP Impurity E,Deoxycholic acid,83-44-3,,54439,,,,
Pharmaceutical Impurities,Ursodeoxycholic acid EP Impurity A,Chenodeoxycholic acid,474-25-9,,54440,,,,
Pharmaceutical Impurities,Ursodeoxycholic acid EP Impurity C,Lithocholic acid,434-13-9,,54441,,,,
Pharmaceutical Impurities,Chenodeoxycholic acid EP Impurity A,Ursodeoxycholic acid,128-13-2,,54442,,,,
Pharmaceutical Impurities,Ursodeoxycholic acid EP Impurity F,3-Alpha-Hydroxy-7-keto-cholanic Acid,4651-67-6,,54443,,,,
Pharmaceutical Impurities,Ursodeoxycholic acid EP Impurity G API : Valproic Acid,Ursodeoxycholic acid methyl ester,10538-55-3,,54444,,,,
Pharmaceutical Impurities,Methyl Valproate API : Venlafaxine,2-Propylvaleric Acid Methyl Ester; Methyl Valproate,22632-59-3,,54458,,,,
Pharmaceutical Impurities,Venlafaxine Hydrochloride API : Vildagliptin,1-[2-(Dimethylamino)-1-(4-methoxyphenyl)ethyl] cyclohexanol Hydrochloride,99300-78-4,,54468,,,,
Pharmaceutical Impurities,Vildagliptin Impurity,3-Amino-1-adamantanol,702-82-9,,54478,,,,
Pharmaceutical Impurities,Vildagliptin Amide,"(2S)-1-[2-[(3-Hydroxytricyclo[3.3.1.13,7]dec-1-yl)amino]acetyl]- 2-pyrrolidine Carboxamide",565453-39-6,,54479,,,,
Pharmaceutical Impurities,Vildagliptin Impurity,1-(2-Chloroacetyl)pyrrolidine-2-carboxamide,214398-99-9,,54480,,,,
Pharmaceutical Impurities,Vildagliptin Carboxylic,"(2S)-1-[2-[(3-Hydroxytricyclo[3.3.1.13,7]dec-1-yl)amino]acetyl]-2- pyrrolidinecarboxylic acid",565453-40-9,,54481,,,,
Pharmaceutical Impurities,Vildagliptin dimer,"2-Pyrrolidinecarbonitrile,1,1`-[[(3-hydroxytricyclo[3.3.1.13,7]dec-1-yl) imino]bis(1-oxo-2,1-ethanediyl)]bis-,(2S,2`S)",1036959-23-5,,54482,,,,
Pharmaceutical Impurities,Vildagliptin chloroacetyl nitrile Impurity,(S)-1-(2-chloroacetyl)pyrrolidine-2-carbonitrile,207557-35-5,,54483,,,,
Pharmaceutical Impurities,(2R)-Vildagliptin API : Voriconazole,"(2R)-1-[2-[(3-Hydroxytricyclo[3.3.1.13,7]dec-1-yl)amino]acetyl]- 2-pyrrolidinecarbonitrile",1036959-27-9,,54484,,,,
Pharmaceutical Impurities,Voriconazole,"(2S,3R)-2-(2,4-difluorophenyl)-3-(5-fluoropyrimidin-4-yl)- 1-(1H-1,2,4-triazol-1-yl)butan-2-ol (voriconazole enantiomer)",137234-63-0,,54498,,,,
Pharmaceutical Impurities,Voriconazole API : Vortioxetine,"(2S,3R)-2-(2,4-difluorophenyl)-3-(pyrimidin-4-yl)- 1-(1H-1,2,4-triazol-1-yl)butan-2-ol",182369-73-9,,54499,,,,
Pharmaceutical Impurities,Vortioxetine Impurity 24,"1-Piperazinecarboxaldehyde,4-[2-[(2,4-dimethylphenyl)thio]phenyl]; N-formyl Vortioxetine",2135576-73-5,,54508,,,,
Pharmaceutical Impurities,Warfarin EP Impurity B API : Xylometazoline,4-Hydroxy-2H-benzo[b]pyran-2-one,1076-38-6,,54518,,,,
Pharmaceutical Impurities,Xylometazoline EP Impurity A API : Zidovudine,"N-(2-aminoethyl)-2-[4-(1,1-dimethylethyl)-2,6-dimethylphenyl]acetamide",94266-17-8,,54528,,,,
Pharmaceutical Impurities,Zidovudine Related Compound D API : Ziprasidone,1-(2-Deoxy-b-D-ribofuranosyl)-5-methyluracil; Thymidine,50-89-5,,54538,,,,
Pharmaceutical Impurities,Ziprasidone Hydrochloride,"(5-[2-[4-(1,2-Benzisothiazol-3-yl)-1-piperazinyl]ethyl]-6-chloro- 1,3-dihydro-2H-indol-2-one hydrochloride",138982-67-9,,54548,,,,
Pharmaceutical Impurities,Ziprasidone EP Impurity A,"3-(1-Piperazinyl)-1,2-benzisothiazole",87691-87-0,,54549,,,,
Pharmaceutical Impurities,Ziprasidone EP Impurity B,"5-(2-(4-(Benzo[d]isothiazol-3-yl)piperazin-1-yl)ethyl)-6-chloroindoline- 2,3-dione; 3-Oxo Ziprasidone",1159977-56-6,,54550,,,,
Pharmaceutical Impurities,Ziprasidone EP Impurity C API : Zolmitriptan,"2-[2-Amino-5-[2-[4-(1,2-benzisothiazol-3-yl)piperazin-1-yl]ethyl]- 4-chlorophenyl]acetic acid sodium salt; Ziprasidone Open Ring Impurity",1159977-64-6,,54551,,,,
Pharmaceutical Impurities,Zolmitriptan Impurity H,4-(Dimethylamino)butyraldehyde diethyl acetal,1116-77-4,,54563,,,,
Nitrosamine Impurities,N-Nitrosodimethylamine (NDMA),,62-75-9,,87001,,,,
Nitrosamine Impurities,N-Nitroso Atenolol,,134720-04-0,,87302,,,,
Nitrosamine Impurities,N-Nitrosodiethylamine (NDEA),,55-18-5,,87002,,,,
Nitrosamine Impurities,N-Nitroso Azilsartan,,,,87303,,,,
Nitrosamine Impurities,N-Nitrosodiisopropylamine (NDIPA),,601-77-4,,87003,,,,
Nitrosamine Impurities,N-Nitroso Bumetanide,,2490432-02-3,,87304,,,,
Nitrosamine Impurities,N-Nitrosoethylisopropylamine (NEIPA),,16339-04-1,,87004,,,,
Nitrosamine Impurities,N-Nitroso Ciprofloxacin,,864443-44-7,,87305,,,,
Nitrosamine Impurities,N-Nitrosodi-n-propylamine (NDPA),,621-64-7,,87005,,,,
Nitrosamine Impurities,N-Nitroso Hydroxychloroquine,,,,87306,,,,
Nitrosamine Impurities,N-Nitrosomethylethylamine (NMEA),,10595-95-6,,87006,,,,
Nitrosamine Impurities,N-Nitroso Losartan,,,,87307,,,,
Nitrosamine Impurities,N-Nitroso-N-ethylaniline (NENA),,612-64-6,,87007,,,,
Nitrosamine Impurities,N-Nitroso Mefenamic acid N-Nitroso Meglumine (1-Deoxy-1-,,2114-63-8,,87308,,,,
Nitrosamine Impurities,N-Nitrosomorpholine (NMOR) N-Nitroso-N-methyl-4-aminobutyric,,59-89-2,,87008,,,,
Nitrosamine Impurities,(methylnitrosamino)-D-glucitol),,10356-92-0,,87309,,,,
Nitrosamine Impurities,Acid (NMBA),,61445-55-4,,87009,,,,
Nitrosamine Impurities,N-Nitroso Neratinib,,,,87310,,,,
Nitrosamine Impurities,N-Nitrosomethyisopropylamine(NMIPA),,30533-08-5,,87010,,,,
Nitrosamine Impurities,N-Nitroso Phenylephrine,,78658-64-7,,87311,,,,
Nitrosamine Impurities,N-Nitrosodiisobutylamine (NDIBA),,997-95-5,,87011,,,,
Nitrosamine Impurities,N-Nitroso Propranolol,,84418-35-9,,87312,,,,
Nitrosamine Impurities,N-Nitrosodibenzylamine (NDBzA),,5336-53-8,,87012,,,,
Nitrosamine Impurities,N-Nitroso Salbutamol,,,,87313,,,,
Nitrosamine Impurities,N-Nitroso-N-methylaniline (NMA),,614-00-6,,87013,,,,
Nitrosamine Impurities,N-Nitroso Tadalafil,,,,87314,,,,
Nitrosamine Impurities,1-Methyl-4-Nitrosopiperazine (M4NP),,16339-07-4,,87014,,,,
Nitrosamine Impurities,N-Nitroso Tamsulosin,,2892260-31-8,,87315,,,,
Nitrosamine Impurities,N-Nitrosodiethanolamine (NDELA) N-Nitroso-N-methylbutylamine,,1116-54-7,,87015,,,,
Nitrosamine Impurities,N-Nitroso Theophylline,,,,87316,,,,
Nitrosamine Impurities,N-Nitroso Valsartan,,,,87317,,,,
Nitrosamine Impurities,(Methylbutylnitrosamine),,7068-83-9,,87016,,,,
Nitrosamine Impurities,N-Nitroso Vildagliptin,,,,87318,,,,
Nitrosamine Impurities,N-Nitroso-N-methylcyclohexylamine (NMC),,5432-28-0,,87017,,,,
Nitrosamine Impurities,N-Nitroso Ziprasidone,,,,87319,,,,
Nitrosamine Impurities,N-Nitrosopiperazine (NPZ),,5632-47-3,,87018,,,,
Nitrosamine Impurities,N-Nitroso-N-octyl-D-glucamine 1-(3-Chlorophenyl)-4-,,,,87401,,,,
Nitrosamine Impurities,"1,4-Dintrosopiperazine (DNP)",,140-79-4,,87019,,,,
Nitrosamine Impurities,nitrosopiperazine (4R)-N-Nitroso thiazolidine-,,2219339-13-4,,87402,,,,
Nitrosamine Impurities,N-Nitrosodiphenylamine (NDPhA),,86-30-6,,87020,,,,
Nitrosamine Impurities,N-Nitrosodi-n-butylamine (NDBA),,924-16-3,,87021,,,,
Nitrosamine Impurities,4-carboxylic acid,,86594-16-3,,87403,,,,
Nitrosamine Impurities,N-Nitrosopyrrolidine (NPYR),,930-55-2,,87022,,,,
Nitrosamine Impurities,N-Nitrosopiperidine (NPIP),,100-75-4,,87023,,,,
Nitrosamine Impurities,N-Nitroso-4-chloropiperidine Ethyl (R)-3-nitrosothiazolidine-,,65445-61-6,,87404,,,,
Nitrosamine Impurities,1-Cyclopentyl-4-nitrosopiperazine,,61379-66-6,,87024,,,,
Nitrosamine Impurities,4-carboxylate Nitroso deriv. of Carvediol,,,,87405,,,,
Nitrosamine Impurities,N-Nitroso-N-methylbenzylamine,,937-40-6,,87025,,,,
Nitrosamine Impurities,N-Nitroso 4-aminobenzoic acid,,91673-51-7,,87026,,,,
Nitrosamine Impurities,Impurity D,,51997-51-4,,87406,,,,
Nitrosamine Impurities,N-Nitroso-L-proline (NLP),,7519-36-0,,87027,,,,
Nitrosamine Impurities,Methyl nitroso-L-prolinate N-Nitroso-L-prolinamide [(S)-1-,,35909-01-4,,87028,,,,
Nitrosamine Impurities,"N-Nitroso Larotrectinib Impurity 2-(N-Nitroso (R)-2-(2,5-Difluorophenyl) pyrrolidine hydrochloride) N-Nitroso Larotrectinib Impurity 1",,,,87407,,,,
Nitrosamine Impurities,Nitrosopyrrolidine-2-Carboxamide],,79108-51-3,,87029,,,,
Nitrosamine Impurities,N-Nitroso 4-aminobenzoic acid,,91673-51-7,,87030,,,,
Nitrosamine Impurities,(N-Nitroso Pyrrolidin-3-ol hydrochloride) Ticlopidine Hydrochloride,,,,87408,,,,
Nitrosamine Impurities,N-Nitroso-N-ethylbenzylamine N-Methyl-N-(p-tolyl)nitrousamide,,20689-96-7,,87031,,,,
Nitrosamine Impurities,[N-Methyl-N-nitroso-p-toluidine],,937-24-6,,87032,,,,
Nitrosamine Impurities,"Impurity J, Di-Nitroso Ticlopidine Hydrochloride",,,,87409,,,,
Nitrosamine Impurities,Nitrosobis(2-chloroethyl)amine [bis(2-chloroethyl)(nitroso)amine],,67856-68-2,,87033,,,,
Nitrosamine Impurities,"Impurity I, N-Nitroso",,,,87410,,,,
Nitrosamine Impurities,N-Butyl-N-(4-hydroxybutyl)nitrosamine N-Nitrosodimethylamine-d6,,3817-11-6,,87034,,,,
Nitrosamine Impurities,N-Nitroso Itraconazole Impurity 1 7-Nitroso-3-(trifluoromethyl)-,,75051-59-1,,87411,,,,
Nitrosamine Impurities,(NDMA-d6),,17829-05-9,,87201,,,,
Nitrosamine Impurities,"5,6,7,8-tetrahydro[1,2,4]triazolo [4,3-a]pyrazine (NTTP)",,2892260-32-9,,87412,,,,
Nitrosamine Impurities,N-Nitroso Acebutolol,,,,87301,,,,
Nitrosamine Impurities,Working Standards,,,,of,,,,
Nitrosamine Impurities,Fmoc Amino Acids,,,,&,,,,
"Working Standards of Short Peptides, Fmoc Amino Acids & Derivatives",Fmoc-AEEA-AEEA-OH,,560088-89-3,,76001,,,,
"Working Standards of Short Peptides, Fmoc Amino Acids & Derivatives",Fmoc-D-Thr(tBu)-Ol,,,,76047,,,,
"Working Standards of Short Peptides, Fmoc Amino Acids & Derivatives",Fmoc-AEEA-OH,,166108-71-0,,76002,,,,
"Working Standards of Short Peptides, Fmoc Amino Acids & Derivatives",Fmoc-D-Trp(Boc)-OH,,163619-04-3,,76048,,,,
"Working Standards of Short Peptides, Fmoc Amino Acids & Derivatives",Fmoc-Aib-Aib-OH,,,,76003,,,,
"Working Standards of Short Peptides, Fmoc Amino Acids & Derivatives",Fmoc-D-Trp-OH,,86123-11-7,,76049,,,,
"Working Standards of Short Peptides, Fmoc Amino Acids & Derivatives",Fmoc-Aib-OH,,94744-50-0,,76004,,,,
"Working Standards of Short Peptides, Fmoc Amino Acids & Derivatives",Fmoc-D-Trp-OPfp,,136554-94-4,,76050,,,,
"Working Standards of Short Peptides, Fmoc Amino Acids & Derivatives",Fmoc-Ala-OH,,35661-39-3,,76005,,,,
"Working Standards of Short Peptides, Fmoc Amino Acids & Derivatives",Fmoc-D-Tyr(Clt)-OH,,1272755-49-3,,76051,,,,
"Working Standards of Short Peptides, Fmoc Amino Acids & Derivatives",Fmoc-Allo-Thr(tBu)-OH,,201481-37-0,,76006,,,,
"Working Standards of Short Peptides, Fmoc Amino Acids & Derivatives",Fmoc-D-Tyr(tBu)-OH,,118488-18-9,,76052,,,,
"Working Standards of Short Peptides, Fmoc Amino Acids & Derivatives",Fmoc-Arg(Pbf)-OH,,154445-77-9,,76007,,,,
"Working Standards of Short Peptides, Fmoc Amino Acids & Derivatives",Fmoc-D-Tyr(Me)-OH,,201335-88-8,,76053,,,,
"Working Standards of Short Peptides, Fmoc Amino Acids & Derivatives",Fmoc-Asn-OH,,71989-16-7,,76008,,,,
"Working Standards of Short Peptides, Fmoc Amino Acids & Derivatives",Fmoc-D-Val-OH,,84624-17-9,,76054,,,,
"Working Standards of Short Peptides, Fmoc Amino Acids & Derivatives",Fmoc-Asp-NH2,,200335-40-6,,76009,,,,
"Working Standards of Short Peptides, Fmoc Amino Acids & Derivatives",Fmoc-Gln(Trt)-OH,,132327-80-1,,76055,,,,
"Working Standards of Short Peptides, Fmoc Amino Acids & Derivatives",Fmoc-Asp-OtBu,,129460-09-9,,76010,,,,
"Working Standards of Short Peptides, Fmoc Amino Acids & Derivatives",Fmoc-Gln-OH,,71989-20-3,,76056,,,,
"Working Standards of Short Peptides, Fmoc Amino Acids & Derivatives",Fmoc-Cys(Acm)-Cys(Acm)-OH,,,,76011,,,,
"Working Standards of Short Peptides, Fmoc Amino Acids & Derivatives",Fmoc-Glu(Glu-OtBu)-OtBu Fmoc-Gly-D-Ser-,,,,76057,,,,
"Working Standards of Short Peptides, Fmoc Amino Acids & Derivatives",Fmoc-Cys-OH,,135248-89-4,,76012,,,,
"Working Standards of Short Peptides, Fmoc Amino Acids & Derivatives","(psi(Me,Me)pro)-OH Fmoc-(Gly)4-OH/Fmoc-",,,,76058,,,,
"Working Standards of Short Peptides, Fmoc Amino Acids & Derivatives",(Fmoc-Cys-OH)2,,135273-01-7,,76013,,,,
"Working Standards of Short Peptides, Fmoc Amino Acids & Derivatives",Fmoc-D-2-Nal-OH,,138774-94-4,,76014,,,,
"Working Standards of Short Peptides, Fmoc Amino Acids & Derivatives",Gly-Gly-Gly-Gly-OH,,,,76059,,,,
"Working Standards of Short Peptides, Fmoc Amino Acids & Derivatives",Fmoc-D-2-Pal-OH,,185379-39-9,,76015,,,,
"Working Standards of Short Peptides, Fmoc Amino Acids & Derivatives",Fmoc-D-3-Pal-OH,,142994-45-4,,76016,,,,
"Working Standards of Short Peptides, Fmoc Amino Acids & Derivatives",Fmoc-Gly-Gly-Gly-OH,,170941-79-4,,76060,,,,
"Working Standards of Short Peptides, Fmoc Amino Acids & Derivatives",Fmoc-D-Ala-OH,,79990-15-1,,76017,,,,
"Working Standards of Short Peptides, Fmoc Amino Acids & Derivatives",Fmoc-Gly-Gly-OH,,35665-38-4,,76061,,,,
"Working Standards of Short Peptides, Fmoc Amino Acids & Derivatives",Fmoc-D-Allo-Ile-OH,,118904-37-3,,76018,,,,
"Working Standards of Short Peptides, Fmoc Amino Acids & Derivatives",Fmoc-Gly-OH,,29022-11-5,,76062,,,,
"Working Standards of Short Peptides, Fmoc Amino Acids & Derivatives",Fmoc-D-Allo-Thr(tBu)-OH,,170643-02-4,,76019,,,,
"Working Standards of Short Peptides, Fmoc Amino Acids & Derivatives",Fmoc-Gly-Thr(tBu)-OH,,,,76063,,,,
"Working Standards of Short Peptides, Fmoc Amino Acids & Derivatives",Fmoc-D-Allo-Thr(tBu)-Ol,,,,76020,,,,
"Working Standards of Short Peptides, Fmoc Amino Acids & Derivatives",Fmoc-His-OH,,116611-64-4,,76064,,,,
"Working Standards of Short Peptides, Fmoc Amino Acids & Derivatives",Fmoc-D-Arg(Pbf)-OH,,187618-60-6,,76021,,,,
"Working Standards of Short Peptides, Fmoc Amino Acids & Derivatives",Fmoc-L-Allo-Isoleucine,,251316-98-0,,76065,,,,
"Working Standards of Short Peptides, Fmoc Amino Acids & Derivatives",Fmoc-D-Asn-OH,,108321-39-7,,76022,,,,
"Working Standards of Short Peptides, Fmoc Amino Acids & Derivatives",Fmoc-L-Allo-Thr(tBu)-Ol,,,,76066,,,,
"Working Standards of Short Peptides, Fmoc Amino Acids & Derivatives",Fmoc-D-Asn(Trt)-OH,,180570-71-2,,76023,,,,
"Working Standards of Short Peptides, Fmoc Amino Acids & Derivatives",Fmoc-L-Asp-OH,,119062-05-4,,76067,,,,
"Working Standards of Short Peptides, Fmoc Amino Acids & Derivatives",Fmoc-D-Asp(OtBu)-OH,,112883-39-3,,76024,,,,
"Working Standards of Short Peptides, Fmoc Amino Acids & Derivatives",Fmoc-L-Cys(Trt)-OH,,103213-32-7,,76068,,,,
"Working Standards of Short Peptides, Fmoc Amino Acids & Derivatives",Fmoc-D-Cit-OH,,200344-33-8,,76025,,,,
"Working Standards of Short Peptides, Fmoc Amino Acids & Derivatives","Fmoc-Leu-D-Ser(psi(Me,Me)pro)-OH",,,,76069,,,,
"Working Standards of Short Peptides, Fmoc Amino Acids & Derivatives",Fmoc-D-Cys(Trt)-OH,,167015-11-4,,76026,,,,
"Working Standards of Short Peptides, Fmoc Amino Acids & Derivatives",Fmoc-Leu-Leu-OH,,88743-98-0,,76070,,,,
"Working Standards of Short Peptides, Fmoc Amino Acids & Derivatives",Fmoc-D-Gln(Trt)-OH,,200623-62-7,,76027,,,,
"Working Standards of Short Peptides, Fmoc Amino Acids & Derivatives",Fmoc-Leu-OPfp,,86060-88-0,,76071,,,,
"Working Standards of Short Peptides, Fmoc Amino Acids & Derivatives",Fmoc-D-Gln-OH,,112898-00-7,,76028,,,,
"Working Standards of Short Peptides, Fmoc Amino Acids & Derivatives",Fmoc-L-Glu-OH,,121343-82-6,,76072,,,,
"Working Standards of Short Peptides, Fmoc Amino Acids & Derivatives",Fmoc-D-Glu-OtBu,,109745-15-5,,76029,,,,
"Working Standards of Short Peptides, Fmoc Amino Acids & Derivatives",Fmoc-L-Glu-OtBu,,84793-07-7,,76073,,,,
"Working Standards of Short Peptides, Fmoc Amino Acids & Derivatives",Fmoc-D-Glu(OtBu)-OH Fmoc-Glu(OtBu)-,,104091-08-9,,76030,,,,
"Working Standards of Short Peptides, Fmoc Amino Acids & Derivatives",Fmoc-L-His(Mmt)-OH,,133367-33-6,,76074,,,,
"Working Standards of Short Peptides, Fmoc Amino Acids & Derivatives",Fmoc-lle-Aib-OH,,2171139-20-9,,76075,,,,
"Working Standards of Short Peptides, Fmoc Amino Acids & Derivatives","Thr(psi(Me,Me)pro)-OH",,957780-56-2,,76031,,,,
"Working Standards of Short Peptides, Fmoc Amino Acids & Derivatives",Fmoc-Ile-Ser-OH,,,,76076,,,,
"Working Standards of Short Peptides, Fmoc Amino Acids & Derivatives",Fmoc-D-His(Trt)-OH,,135610-90-1,,76032,,,,
"Working Standards of Short Peptides, Fmoc Amino Acids & Derivatives",Fmoc-L-Leucine,,35661-60-0,,76077,,,,
"Working Standards of Short Peptides, Fmoc Amino Acids & Derivatives",Fmoc-D-Ile-OH,,143688-83-9,,76033,,,,
"Working Standards of Short Peptides, Fmoc Amino Acids & Derivatives",Fmoc-L-Methionine,,71989-28-1,,76078,,,,
"Working Standards of Short Peptides, Fmoc Amino Acids & Derivatives",Fmoc-D-Leu-D-Leu-OH,,,,76034,,,,
"Working Standards of Short Peptides, Fmoc Amino Acids & Derivatives",Fmoc-L-Norvaline/Fmoc-Nva-OH,,135112-28-6,,76079,,,,
"Working Standards of Short Peptides, Fmoc Amino Acids & Derivatives",Fmoc-D-Leu-OH,,114360-54-2,,76035,,,,
"Working Standards of Short Peptides, Fmoc Amino Acids & Derivatives",Fmoc-L-Phe-OH,,35661-40-6,,76080,,,,
"Working Standards of Short Peptides, Fmoc Amino Acids & Derivatives","Fmoc-D-Leu-Ser(psi(Me,Me)pro)-OH",,,,76036,,,,
"Working Standards of Short Peptides, Fmoc Amino Acids & Derivatives",Fmoc-4F-Phe-OH,,169243-86-1,,76081,,,,
"Working Standards of Short Peptides, Fmoc Amino Acids & Derivatives",Fmoc-D-lle-Aib-OH,,,,76037,,,,
"Working Standards of Short Peptides, Fmoc Amino Acids & Derivatives",Fmoc-L-Tryptophan,,35737-15-6,,76082,,,,
"Working Standards of Short Peptides, Fmoc Amino Acids & Derivatives",Fmoc-D-Lys(Alloc)-OH,,214750-75-1,,76038,,,,
"Working Standards of Short Peptides, Fmoc Amino Acids & Derivatives",Fmoc-L-Tyr(tBu)-OH,,71989-38-3,,76083,,,,
"Working Standards of Short Peptides, Fmoc Amino Acids & Derivatives",Fmoc-D-Lys(Mtt)-OH,,198544-94-4,,76039,,,,
"Working Standards of Short Peptides, Fmoc Amino Acids & Derivatives",Fmoc-Lys(Alloc)-Lys(Alloc)-OH,,,,76084,,,,
"Working Standards of Short Peptides, Fmoc Amino Acids & Derivatives",Fmoc-D-Phe-OH,,86123-10-6,,76040,,,,
"Working Standards of Short Peptides, Fmoc Amino Acids & Derivatives",Fmoc-Lys(Alloc)-OH,,146982-27-6,,76085,,,,
"Working Standards of Short Peptides, Fmoc Amino Acids & Derivatives",Fmoc-D-Pro-OH,,101555-62-8,,76041,,,,
"Working Standards of Short Peptides, Fmoc Amino Acids & Derivatives",Fmoc-Lys(Boc)-OH,,71989-26-9,,76086,,,,
"Working Standards of Short Peptides, Fmoc Amino Acids & Derivatives",Fmoc-D-Pro-Pro-OH,,,,76042,,,,
"Working Standards of Short Peptides, Fmoc Amino Acids & Derivatives",Fmoc-Lys(Fmoc)-OH,,78081-87-5,,76087,,,,
"Working Standards of Short Peptides, Fmoc Amino Acids & Derivatives",Fmoc-D-Ser(tBu)-OH,,128107-47-1,,76043,,,,
"Working Standards of Short Peptides, Fmoc Amino Acids & Derivatives",Fmoc-Lys-OH,,105047-45-8,,76088,,,,
"Working Standards of Short Peptides, Fmoc Amino Acids & Derivatives",Fmoc-D-Ser(Trt)-OH,,212688-51-2,,76044,,,,
"Working Standards of Short Peptides, Fmoc Amino Acids & Derivatives",Fmoc-NH2 (Fmoc-amide),,84418-43-9,,76089,,,,
"Working Standards of Short Peptides, Fmoc Amino Acids & Derivatives",Fmoc-D-Ser-OH,,116861-26-8,,76045,,,,
"Working Standards of Short Peptides, Fmoc Amino Acids & Derivatives",Fmoc-Osu,,82911-69-1,,76090,,,,
"Working Standards of Short Peptides, Fmoc Amino Acids & Derivatives",Fmoc-D-Thr(tBu)-OH,,138797-71-4,,76046,,,,
"Working Standards of Short Peptides, Fmoc Amino Acids & Derivatives",Fmoc-Phe-Phe-OH,,84889-09-8,,76091,,,,
"Working Standards of Short Peptides, Fmoc Amino Acids & Derivatives",Fmoc-Pro-OH,,71989-31-6,,76092,,,,
"Working Standards of Short Peptides, Fmoc Amino Acids & Derivatives",4-Hydroxy-D-(-)-2-phenylglycine [H-D-Phg(4-OH)-OH],,22828-40-2,,76809,,,,
"Working Standards of Short Peptides, Fmoc Amino Acids & Derivatives",Fmoc-Pro-Pro-Pro-OH,,134303-96-1,,76093,,,,
"Working Standards of Short Peptides, Fmoc Amino Acids & Derivatives",Fmoc-Ser(Trt)-OH,,111061-56-4,,76094,,,,
"Working Standards of Short Peptides, Fmoc Amino Acids & Derivatives",4-Hydroxy-L-(+)-2-phenylglycine,,32462-30-9,,76810,,,,
"Working Standards of Short Peptides, Fmoc Amino Acids & Derivatives",Fmoc-Ser-OH,,73724-45-5,,76095,,,,
"Working Standards of Short Peptides, Fmoc Amino Acids & Derivatives",5-Benzyl-D-glutamate,,2578-33-8,,76811,,,,
"Working Standards of Short Peptides, Fmoc Amino Acids & Derivatives",Fmoc-Thr(tBu)-Ol,,189337-28-8,,76096,,,,
"Working Standards of Short Peptides, Fmoc Amino Acids & Derivatives",5-Benzyl-L-glutamate,,1676-73-9,,76812,,,,
"Working Standards of Short Peptides, Fmoc Amino Acids & Derivatives",Fmoc-Thr(tBu)-Thr(tBu)-Ol,,,,76097,,,,
"Working Standards of Short Peptides, Fmoc Amino Acids & Derivatives",b-Alanine {3-aminopropionic acid},,107-95-9,,76813,,,,
"Working Standards of Short Peptides, Fmoc Amino Acids & Derivatives",Fmoc-Thr-OH,,73731-37-0,,76098,,,,
"Working Standards of Short Peptides, Fmoc Amino Acids & Derivatives",Boc-Ala-Ala-OH,,27317-69-7,,77001,,,,
"Working Standards of Short Peptides, Fmoc Amino Acids & Derivatives",Fmoc-Trp(Boc)-OH,,143824-78-6,,76099,,,,
"Working Standards of Short Peptides, Fmoc Amino Acids & Derivatives",Boc-Asn-OH,,7536-55-2,,77002,,,,
"Working Standards of Short Peptides, Fmoc Amino Acids & Derivatives",Fmoc-Tyr(tBu)-Gly-OH,,,,76100,,,,
"Working Standards of Short Peptides, Fmoc Amino Acids & Derivatives",Boc-Cys(Acm)-OH,,19746-37-3,,77003,,,,
"Working Standards of Short Peptides, Fmoc Amino Acids & Derivatives",Fmoc-Tyr(tBu)-OH,,71989-38-3,,76101,,,,
"Working Standards of Short Peptides, Fmoc Amino Acids & Derivatives",Boc-Cys(Trt)-OH,,21947-98-8,,77004,,,,
"Working Standards of Short Peptides, Fmoc Amino Acids & Derivatives",Fmoc-Tyr(Me)-OH,,77128-72-4,,76102,,,,
"Working Standards of Short Peptides, Fmoc Amino Acids & Derivatives",Boc-D-Ala-OH,,7764-95-6,,77005,,,,
"Working Standards of Short Peptides, Fmoc Amino Acids & Derivatives",Fmoc-Tyr-OH,,92954-90-0,,76103,,,,
"Working Standards of Short Peptides, Fmoc Amino Acids & Derivatives",Boc-D-Aph(Cbm-tBu)-OH,,324017-19-8,,77006,,,,
"Working Standards of Short Peptides, Fmoc Amino Acids & Derivatives",Fmoc-Val-OH,,68858-20-8,,76104,,,,
"Working Standards of Short Peptides, Fmoc Amino Acids & Derivatives",Boc-D-Arg-OH,,13726-76-6,,77007,,,,
"Working Standards of Short Peptides, Fmoc Amino Acids & Derivatives","Fmoc-Val-Ser-(psi(Me,Me)pro)-OH",,186023-49-4,,76105,,,,
"Working Standards of Short Peptides, Fmoc Amino Acids & Derivatives",Boc-D-His(Boc)-OH,,75498-93-0,,77008,,,,
"Working Standards of Short Peptides, Fmoc Amino Acids & Derivatives",Fmoc-b-Ala-(Gly)3-OH,,,,76106,,,,
"Working Standards of Short Peptides, Fmoc Amino Acids & Derivatives",Boc-D-His(Trt)-OH,,393568-74-6,,77009,,,,
"Working Standards of Short Peptides, Fmoc Amino Acids & Derivatives",Fmoc-b-Ala-AEEA-OH,,,,76107,,,,
"Working Standards of Short Peptides, Fmoc Amino Acids & Derivatives",Boc-D-His-OH,,50654-94-9,,77010,,,,
"Working Standards of Short Peptides, Fmoc Amino Acids & Derivatives",Fmoc-b-Ala-Aib-OH,,107076-70-0,,76108,,,,
"Working Standards of Short Peptides, Fmoc Amino Acids & Derivatives",Boc-D-Phe-OH,,18942-49-9,,77011,,,,
"Working Standards of Short Peptides, Fmoc Amino Acids & Derivatives",Fmoc-b-Ala-Asn-OH,,,,76109,,,,
"Working Standards of Short Peptides, Fmoc Amino Acids & Derivatives",Boc-D-Pro-OH,,37784-17-1,,77012,,,,
"Working Standards of Short Peptides, Fmoc Amino Acids & Derivatives",Fmoc-b-Ala-Cys(Trt)-OH,,,,76110,,,,
"Working Standards of Short Peptides, Fmoc Amino Acids & Derivatives",Boc-D-Tyr(tBu)-OH,,507276-74-6,,77013,,,,
"Working Standards of Short Peptides, Fmoc Amino Acids & Derivatives",Fmoc-b-Ala-D-Leu-OH,,,,76111,,,,
"Working Standards of Short Peptides, Fmoc Amino Acids & Derivatives",Boc-Gly-OH,,4530-20-5,,77014,,,,
"Working Standards of Short Peptides, Fmoc Amino Acids & Derivatives",Fmoc-b-Ala-D-Ser(tBu)-OH,,,,76112,,,,
"Working Standards of Short Peptides, Fmoc Amino Acids & Derivatives",Boc-Gly-Gly-OH,,31972-52-8,,77015,,,,
"Working Standards of Short Peptides, Fmoc Amino Acids & Derivatives",Fmoc-b-Ala-Gln-OH,,,,76113,,,,
"Working Standards of Short Peptides, Fmoc Amino Acids & Derivatives",Boc-Gly-Gly-Gly-Gly-OH,,174308-47-5,,77016,,,,
"Working Standards of Short Peptides, Fmoc Amino Acids & Derivatives",Fmoc-b-Ala-Glu(OtBu),,,,76114,,,,
"Working Standards of Short Peptides, Fmoc Amino Acids & Derivatives",Boc-His(Boc)-OH,,20866-46-0,,77017,,,,
"Working Standards of Short Peptides, Fmoc Amino Acids & Derivatives",Fmoc-b-Ala-Gly-Gly-OH,,,,76115,,,,
"Working Standards of Short Peptides, Fmoc Amino Acids & Derivatives",Boc-His(Boc)-OH.DCHA,,31687-58-8,,77018,,,,
"Working Standards of Short Peptides, Fmoc Amino Acids & Derivatives",Fmoc-b-Ala-Gly-OH,,,,76116,,,,
"Working Standards of Short Peptides, Fmoc Amino Acids & Derivatives",Boc-L-Aph(Cbm-tBu)-OH,,,,77019,,,,
"Working Standards of Short Peptides, Fmoc Amino Acids & Derivatives",Fmoc-b-Ala-His(Mmt)-OH,,,,76117,,,,
"Working Standards of Short Peptides, Fmoc Amino Acids & Derivatives",Boc-L-isoleucine,,13139-16-7,,77020,,,,
"Working Standards of Short Peptides, Fmoc Amino Acids & Derivatives",Fmoc-b-Ala-Leu-OH,,,,76118,,,,
"Working Standards of Short Peptides, Fmoc Amino Acids & Derivatives",Boc-Orn(Z)-OH,,2480-93-5,,77021,,,,
"Working Standards of Short Peptides, Fmoc Amino Acids & Derivatives",Fmoc-b-Ala-Lys(Alloc)-OH,,,,76119,,,,
"Working Standards of Short Peptides, Fmoc Amino Acids & Derivatives",Boc-Trp(Boc)-OH,,144599-95-1,,77022,,,,
"Working Standards of Short Peptides, Fmoc Amino Acids & Derivatives",Fmoc-b-Ala-Lys(Boc)-OH,,,,76120,,,,
"Working Standards of Short Peptides, Fmoc Amino Acids & Derivatives",Boc-Tyr(Boc)-OH,,20866-48-2,,77023,,,,
"Working Standards of Short Peptides, Fmoc Amino Acids & Derivatives",Fmoc-b-Ala-OH,,35737-10-1,,76121,,,,
"Working Standards of Short Peptides, Fmoc Amino Acids & Derivatives",Boc-Tyr(Boc)-Tyr(Boc)-OH,,,,77024,,,,
"Working Standards of Short Peptides, Fmoc Amino Acids & Derivatives",Fmoc-b-Ala-Phe-OH,,,,76122,,,,
"Working Standards of Short Peptides, Fmoc Amino Acids & Derivatives",Boc-Tyr(Clt)-OH,,,,77025,,,,
"Working Standards of Short Peptides, Fmoc Amino Acids & Derivatives",Fmoc-b-Ala-Pro-OH,,,,76123,,,,
"Working Standards of Short Peptides, Fmoc Amino Acids & Derivatives",Boc-Tyr(tBu)-OH,,47375-34-8,,77026,,,,
"Working Standards of Short Peptides, Fmoc Amino Acids & Derivatives",Fmoc-b-Ala-Ser(trt)-OH,,,,76124,,,,
"Working Standards of Short Peptides, Fmoc Amino Acids & Derivatives",Boc-Tyr(tBu)-Tyr(tBu)-OH,,,,77027,,,,
"Working Standards of Short Peptides, Fmoc Amino Acids & Derivatives",Fmoc-b-Ala-Thr(tBu)-Ol,,,,76125,,,,
"Working Standards of Short Peptides, Fmoc Amino Acids & Derivatives",Boc-Tyr-OH,,3978-80-1,,77028,,,,
"Working Standards of Short Peptides, Fmoc Amino Acids & Derivatives",Fmoc-b-Ala-Trp-OH,,,,76126,,,,
"Working Standards of Short Peptides, Fmoc Amino Acids & Derivatives",D-(+)-Cystine,,349-46-2,,77401,,,,
"Working Standards of Short Peptides, Fmoc Amino Acids & Derivatives",Fmoc-b-Ala-Tyr(Clt)-OH,,,,76127,,,,
"Working Standards of Short Peptides, Fmoc Amino Acids & Derivatives",D-(+)-Lysine,,923-27-3,,77402,,,,
"Working Standards of Short Peptides, Fmoc Amino Acids & Derivatives",Fmoc-b-Ala-Tyr(tBu)-OH,,,,76128,,,,
"Working Standards of Short Peptides, Fmoc Amino Acids & Derivatives",D-(+)-Threonine,,632-20-2,,77403,,,,
"Working Standards of Short Peptides, Fmoc Amino Acids & Derivatives",Fmoc-b-Ala-Tyr-OH,,,,76129,,,,
"Working Standards of Short Peptides, Fmoc Amino Acids & Derivatives",D-2-Aminobutyric acid,,2623-91-8,,77404,,,,
"Working Standards of Short Peptides, Fmoc Amino Acids & Derivatives",Fmoc-b-Ala-Val-OH,,2171152-91-1,,76130,,,,
"Working Standards of Short Peptides, Fmoc Amino Acids & Derivatives",D-Alanine,,338-69-2,,77405,,,,
"Working Standards of Short Peptides, Fmoc Amino Acids & Derivatives",3-(2-Naphthyl)-D-alanine,,76985-09-6,,76801,,,,
"Working Standards of Short Peptides, Fmoc Amino Acids & Derivatives",D-Arginine,,157-06-2,,77406,,,,
"Working Standards of Short Peptides, Fmoc Amino Acids & Derivatives","3-(3,4-Dimethoxy)-L-phenylalanine",,32161-30-1,,76802,,,,
"Working Standards of Short Peptides, Fmoc Amino Acids & Derivatives",D-Aspartic acid,,1783-96-6,,77407,,,,
"Working Standards of Short Peptides, Fmoc Amino Acids & Derivatives",3-(Tritylthio)propionic acid,,27144-18-9,,76803,,,,
"Working Standards of Short Peptides, Fmoc Amino Acids & Derivatives",D-Glutamic acid,,6893-26-1,,77408,,,,
"Working Standards of Short Peptides, Fmoc Amino Acids & Derivatives","3,4-Dihydroxy-D-phenylalanine",,5796-17-8,,76804,,,,
"Working Standards of Short Peptides, Fmoc Amino Acids & Derivatives",D-Glutamine,,5959-95-5,,77409,,,,
"Working Standards of Short Peptides, Fmoc Amino Acids & Derivatives","3,4-Dihydroxy-L-phenylalanine",,59-92-7,,76805,,,,
"Working Standards of Short Peptides, Fmoc Amino Acids & Derivatives",D-Histidine,,351-50-8,,77410,,,,
"Working Standards of Short Peptides, Fmoc Amino Acids & Derivatives","3,3-Diphenyl-D-alanine",,149597-91-1,,76806,,,,
"Working Standards of Short Peptides, Fmoc Amino Acids & Derivatives",D-Isoleucine,,319-78-8,,77411,,,,
"Working Standards of Short Peptides, Fmoc Amino Acids & Derivatives","3,5-Dibromo-L-tyrosine",,300-38-9,,76807,,,,
"Working Standards of Short Peptides, Fmoc Amino Acids & Derivatives",D-Leucine,,328-38-1,,77412,,,,
"Working Standards of Short Peptides, Fmoc Amino Acids & Derivatives",3-Bromo-L-tyrosine,,38739-13-8,,76808,,,,
"Working Standards of Short Peptides, Fmoc Amino Acids & Derivatives",H-D-Leu-OtBu.HCl,,13081-32-8,,77413,,,,
"Working Standards of Short Peptides, Fmoc Amino Acids & Derivatives",DL-Norleucine,,616-06-8,,77414,,,,
"Working Standards of Short Peptides, Fmoc Amino Acids & Derivatives",L-Isoleucine L-Isoleucine methyl ester,,73-32-5,,77635,,,,
"Working Standards of Short Peptides, Fmoc Amino Acids & Derivatives",D-Methionine,,348-67-4,,77415,,,,
"Working Standards of Short Peptides, Fmoc Amino Acids & Derivatives",hydrochloride,,18598-74-8,,77636,,,,
"Working Standards of Short Peptides, Fmoc Amino Acids & Derivatives",D-Phenylalanine,,673-06-3,,77416,,,,
"Working Standards of Short Peptides, Fmoc Amino Acids & Derivatives",D-Prolinamide,,62937-45-5,,77417,,,,
"Working Standards of Short Peptides, Fmoc Amino Acids & Derivatives",L-Leucine,,61-90-5,,77637,,,,
"Working Standards of Short Peptides, Fmoc Amino Acids & Derivatives",D-Proline,,344-25-2,,77418,,,,
"Working Standards of Short Peptides, Fmoc Amino Acids & Derivatives",L-Lysine,,56-87-1,,77638,,,,
"Working Standards of Short Peptides, Fmoc Amino Acids & Derivatives",D-Pyroglutamic acid,,4042-36-8,,77419,,,,
"Working Standards of Short Peptides, Fmoc Amino Acids & Derivatives",L-Methionine,,63-68-3,,77639,,,,
"Working Standards of Short Peptides, Fmoc Amino Acids & Derivatives",D-Serine,,312-84-5,,77420,,,,
"Working Standards of Short Peptides, Fmoc Amino Acids & Derivatives",L-Ornithine Monohydrochloride,,3184-13-2,,77640,,,,
"Working Standards of Short Peptides, Fmoc Amino Acids & Derivatives",D-Tryptophan,,153-94-6,,77421,,,,
"Working Standards of Short Peptides, Fmoc Amino Acids & Derivatives",L-Phenylalanine,,63-91-2,,77641,,,,
"Working Standards of Short Peptides, Fmoc Amino Acids & Derivatives",D-Tyrosine,,556-02-5,,77422,,,,
"Working Standards of Short Peptides, Fmoc Amino Acids & Derivatives",L-Prolinamide,,7531-52-4,,77642,,,,
"Working Standards of Short Peptides, Fmoc Amino Acids & Derivatives",D-Valine,,640-68-6,,77423,,,,
"Working Standards of Short Peptides, Fmoc Amino Acids & Derivatives",L-Proline,,147-85-3,,77643,,,,
"Working Standards of Short Peptides, Fmoc Amino Acids & Derivatives",H-D-Glu-OtBu,,25456-76-2,,77424,,,,
"Working Standards of Short Peptides, Fmoc Amino Acids & Derivatives",L-Pyroglutamic acid,,98-79-3,,77644,,,,
"Working Standards of Short Peptides, Fmoc Amino Acids & Derivatives",H-AEEA-OH,,134978-97-5,,77601,,,,
"Working Standards of Short Peptides, Fmoc Amino Acids & Derivatives",L-Serine,,56-45-1,,77645,,,,
"Working Standards of Short Peptides, Fmoc Amino Acids & Derivatives",H-Aib-OH,,62-57-7,,77602,,,,
"Working Standards of Short Peptides, Fmoc Amino Acids & Derivatives",L-Threonilol,,3228-51-1,,77646,,,,
"Working Standards of Short Peptides, Fmoc Amino Acids & Derivatives",H-Asn(Trt)-OH,,132388-58-0,,77603,,,,
"Working Standards of Short Peptides, Fmoc Amino Acids & Derivatives",L-Threonine,,72-19-5,,77647,,,,
"Working Standards of Short Peptides, Fmoc Amino Acids & Derivatives",H-Cys(Trt)-NH2 H-Cys(Trt)-OH [(+)-S-Trityl-,,166737-85-5,,77604,,,,
"Working Standards of Short Peptides, Fmoc Amino Acids & Derivatives",L-Tryptophan,,73-22-3,,77648,,,,
"Working Standards of Short Peptides, Fmoc Amino Acids & Derivatives",L-Tyrosine,,60-18-4,,77649,,,,
"Working Standards of Short Peptides, Fmoc Amino Acids & Derivatives",L-Cysteine],,2799-07-7,,77605,,,,
"Working Standards of Short Peptides, Fmoc Amino Acids & Derivatives",L-Tyrosine ethyl ester,,949-67-7,,77650,,,,
"Working Standards of Short Peptides, Fmoc Amino Acids & Derivatives",H-Glu-OtBu,,45120-30-7,,77606,,,,
"Working Standards of Short Peptides, Fmoc Amino Acids & Derivatives",L-Valine,,72-18-4,,77651,,,,
"Working Standards of Short Peptides, Fmoc Amino Acids & Derivatives",H-Gly-OH [Glycine] H-Gly-OEt.HCl [Glycine ethyl,,56-40-6,,77607,,,,
"Working Standards of Short Peptides, Fmoc Amino Acids & Derivatives",Cbz-Arg(Pbf)-OH [Z-Arg(Pbf)-OH],,,,77851,,,,
"Working Standards of Short Peptides, Fmoc Amino Acids & Derivatives",Z-Asn-ONp,,3256-57-3,,77852,,,,
"Working Standards of Short Peptides, Fmoc Amino Acids & Derivatives",ester hydrochloride],,623-33-6,,77608,,,,
"Working Standards of Short Peptides, Fmoc Amino Acids & Derivatives",Z-Cys(Bzl)-OH,,3257-18-9,,77853,,,,
"Working Standards of Short Peptides, Fmoc Amino Acids & Derivatives",H-Gly-Gly-OH,,556-50-3,,77609,,,,
"Working Standards of Short Peptides, Fmoc Amino Acids & Derivatives",Z-Gln-ONp,,7763-16-8,,77854,,,,
"Working Standards of Short Peptides, Fmoc Amino Acids & Derivatives",H-His(Mmt)-OH,,,,77610,,,,
"Working Standards of Short Peptides, Fmoc Amino Acids & Derivatives",Z-Glu-OtBu,,5891-45-2,,77855,,,,
"Working Standards of Short Peptides, Fmoc Amino Acids & Derivatives",H-Hyp-OH,,51-35-4,,77611,,,,
"Working Standards of Short Peptides, Fmoc Amino Acids & Derivatives",Z-L-Leucine {N-Cbz-Leucine},,2018-66-8,,77856,,,,
"Working Standards of Short Peptides, Fmoc Amino Acids & Derivatives",H-Ile-Aib-OH,,,,77612,,,,
"Working Standards of Short Peptides, Fmoc Amino Acids & Derivatives",Z-Lys(Boc)-OH.DCHA,,2212-76-2,,77857,,,,
"Working Standards of Short Peptides, Fmoc Amino Acids & Derivatives",H-L-Ser(Trt)-OH,,25840-83-9,,77613,,,,
"Working Standards of Short Peptides, Fmoc Amino Acids & Derivatives",Z-Tyr(tBu)-OH.DCHA,,16879-90-6,,77858,,,,
"Working Standards of Short Peptides, Fmoc Amino Acids & Derivatives",H-Lys(Alloc)-OH,,6298-03-9.,,77614,,,,
"Working Standards of Short Peptides, Fmoc Amino Acids & Derivatives",N-Acetyl-D-alanine,,19436-52-3,,77951,,,,
"Working Standards of Short Peptides, Fmoc Amino Acids & Derivatives",H-Lys-OH. HCl,,657-27-2,,77615,,,,
"Working Standards of Short Peptides, Fmoc Amino Acids & Derivatives",N-Acetyl-DL-methionine,,1115-47-5,,77952,,,,
"Working Standards of Short Peptides, Fmoc Amino Acids & Derivatives",H-Oic-OH,,80828-13-3,,77616,,,,
"Working Standards of Short Peptides, Fmoc Amino Acids & Derivatives",N2-Acetyl-N5-trityl-L-glutamine,,163277-79-0,,77953,,,,
"Working Standards of Short Peptides, Fmoc Amino Acids & Derivatives",H-Pro-Pro-OH,,76932-06-4,,77617,,,,
"Working Standards of Short Peptides, Fmoc Amino Acids & Derivatives",N-Acetyl-L-tyrosine,,537-55-3,,77954,,,,
"Working Standards of Short Peptides, Fmoc Amino Acids & Derivatives",H-Thi-OH,,22951-96-8,,77618,,,,
"Working Standards of Short Peptides, Fmoc Amino Acids & Derivatives",Alloc-Lys(Alloc)-OH,,,,77981,,,,
"Working Standards of Short Peptides, Fmoc Amino Acids & Derivatives",H-Thr(tBu)-Ol,,379670-16-3,,77619,,,,
"Working Standards of Short Peptides, Fmoc Amino Acids & Derivatives",Alloc-Lys(Fmoc)-OH,,186350-56-1,,77982,,,,
"Working Standards of Short Peptides, Fmoc Amino Acids & Derivatives",H-Trp(Boc)-OH,,146645-63-8,,77620,,,,
"Working Standards of Short Peptides, Fmoc Amino Acids & Derivatives",H-Tyr(Clt)-OH,,,,77621,,,,
"Working Standards of Short Peptides, Fmoc Amino Acids & Derivatives",H-Tyr(OMe)-OH,,6230-11-1,,77622,,,,
"Working Standards of Short Peptides, Fmoc Amino Acids & Derivatives",H-Tyr(tBu)-OH,,18822-59-8,,77623,,,,
"Working Standards of Short Peptides, Fmoc Amino Acids & Derivatives",L-Alanine,,56-41-7,,77624,,,,
"Working Standards of Short Peptides, Fmoc Amino Acids & Derivatives",L-Alanyl-L-glutamic acid,,13187-90-1,,77625,,,,
"Working Standards of Short Peptides, Fmoc Amino Acids & Derivatives",L-Arginine,,74-79-3,,77626,,,,
"Working Standards of Short Peptides, Fmoc Amino Acids & Derivatives",L-Asparagine (anhydrous),,70-47-3,,77627,,,,
"Working Standards of Short Peptides, Fmoc Amino Acids & Derivatives",L-Aspartic Acid,,56-84-8,,77628,,,,
"Working Standards of Short Peptides, Fmoc Amino Acids & Derivatives",L-Aspartyl-L-phenylalanine,,13433-09-5,,77629,,,,
"Working Standards of Short Peptides, Fmoc Amino Acids & Derivatives",L-Cysteine,,52-90-4,,77630,,,,
"Working Standards of Short Peptides, Fmoc Amino Acids & Derivatives",L-Cysteine HCl monohydrate,,7048-04-6.,,77631,,,,
"Working Standards of Short Peptides, Fmoc Amino Acids & Derivatives",L-Glutamine,,56-85-9,,77632,,,,
"Working Standards of Short Peptides, Fmoc Amino Acids & Derivatives",L-Glutamic acid,,56-86-0,,77633,,,,
"Working Standards of Short Peptides, Fmoc Amino Acids & Derivatives",L-Histidine,,71-00-1,,77634,,,,
Aqua Products,Formaldehyde solution 37-41% W/V LR,,,,90413,30 LTR,,,
Aqua Products,Ferric chloride anhydrous LR,,,,90409,1 KG,,,
Aqua Products,Hydrogen peroxide 50% LR,,,,90425,25 LTR,,,
Aqua Products,Edta disodium salt dihydrate aqua GR,,,,90600,25 KG-1KG,,,
Aqua Products,Sodium hypochlorite solution,,,,90551,100 L,,,
Aqua Products,Hydrogen peroxide 30% LR,,,,90424,25 LTR,,,
Aqua Products,Sodium percarbonate LR (Powder),,,,90630,50 KG,,,
Aqua Products,Acriflavine hydrochloride,,,,91854,100 G,,,
Aqua Products,Sodium percarbonate tablet,,,,90672,1 KG,,,
Aqua Products,Benzalkonium chloride 50%,,,,90752,5 LTR,,,
Aqua Products,Copper sulphate pentahydrate,,,,90382,50 KG,,,
Aqua Products,Potassium permanganate LR,,,,90513,50 KG,,,
Aqua Products,Potassium chloride (Aqua),,,,90499,50 KG,,,
Aqua Products,Malachite green oxalate,,,,90775,100 G,,,
Aqua Products,1KG Zinc sulphate LR(Aqua),,,,90609,50 KG,,,
Aqua Products,Calcium chloride fused (Aqua),,,,90354,50 KG,,,
Aqua Products,Magnesium chloride hexahydrate (Aqua),,,,90445,50 KG,,,
Fmoc Amino Acids (intro list),Fmoc-Gly-OH,,29022-11-5,,,,,,
Fmoc Amino Acids (intro list),Fmoc-Ala-OH,,35661-39-3,,,,,,
Fmoc Amino Acids (intro list),Fmoc-ß-Ala-OH,,35737-10-1,,,,,,
Fmoc Amino Acids (intro list),Fmoc-Cys(Trt)-OH,,103213-32-7,,,,,,
Fmoc Amino Acids (intro list),Fmoc-Gly-Gly-OH,,35665-38-4,,,,,,
Fmoc Amino Acids (intro list),Fmoc-ß-Ala-Gly-OH,,,,,,,,
Fmoc Amino Acids (intro list),Fmoc-ß-Ala-Cys(Trt)-OH,,,,,,,,
Fmoc Amino Acids (intro list),Fmoc-Gly-Gly-Gly-OH,,170941-79-4,,,,,,
Fmoc Amino Acids (intro list),*The list is,,not exhaustive and new Fmoc & other substituted,,,,,,
Fmoc Amino Acids (intro list),Amino Acids,,& Short Peptides are being added to the ever-,,,,,,
Fmoc Amino Acids (intro list),expanding,,basket continually. Kindly send your queries to,,,,,,
Fmoc Amino Acids (intro list),Customised,,combinations,,,,,,
Chemicals for Diagnostic Labs,Below are the range of stains and reagents,,for diagnostic lab from,the basket of,Advent :,,,,
Chemicals for Diagnostic Labs,Orange G (Biological Stain),,1936-15-8,Stain,94201,25 G,,,
Chemicals for Diagnostic Labs,Fuchsin basic,,632-99-5,LR,94190,25 G,,,
Chemicals for Diagnostic Labs,Grams safranine O (Biological Stain),,477-73-6,Stain,94210,25 G,,,
Chemicals for Diagnostic Labs,Grams safranine solution,,,Stain,94211,125 ML,,,
Chemicals for Diagnostic Labs,Giemsa stain powder for microscopy,,51811-82-6,MolBio,91786,25 G,,,
Chemicals for Diagnostic Labs,Geimsa stain solution,,,Stain,94212,125 ML,,,
Chemicals for Diagnostic Labs,Leishman stain powder,,12627-53-1,Indicator,90774,25 G,,,
Chemicals for Diagnostic Labs,Leishman stain solution,,,,91729,250 ML,,,
Chemicals for Diagnostic Labs,Methylene blue (Aqueous) stain solution,,,Stain,94202,125 ML,,,
Chemicals for Diagnostic Labs,Papanicolaou’s stain 1A solution,,,Stain,94213,125 ML,,,
Chemicals for Diagnostic Labs,Papanicolaou’s stain 2B solution,,,Stain,94214,125 ML,,,
Chemicals for Diagnostic Labs,Papanicolaou’s stain 3B solution,,,Stain,94215,125 ML,,,
Chemicals for Diagnostic Labs,Acetocarmine solution,,,Stain,94209,100 ML,,,
Chemicals for Diagnostic Labs,Crystal violet solution,,,Stain,94219,125 ML,,,
Chemicals for Diagnostic Labs,Hematoxylin solution,,,Stain,94204,125 ML,,,
Chemicals for Diagnostic Labs,Nigrosin water soluble,,8005-03-6,Stain,94196,25 G,,,
Chemicals for Diagnostic Labs,Wright’s stain powder,,,Stain,94206,25 G,,,
Chemicals for Diagnostic Labs,Wright’s stain solution,,,Stain,94207,125 ML,,,
LCN Grade Solvents,Acetone,,67-64-1,LCN TM (NMR Tested),94355,2.5 L,,,
LCN Grade Solvents,Acetonitrile,,75-05-8,LCN TM (NMR Tested),94352,2.5 L,,,
LCN Grade Solvents,Chloroform,,67-66-3,LCN TM (NMR Tested),94359,2.5 L,,,
LCN Grade Solvents,Cyclohexane,,110-82-7,LCN TM (NMR Tested),94358,2.5 L,,,
LCN Grade Solvents,Dichloromethane,,75-09-2,LCN TM (NMR Tested),94356,2.5 L,,,
LCN Grade Solvents,Ethyl acetate,,141-78-6,LCN TM (NMR Tested),94357,2.5 L,,,
LCN Grade Solvents,Methanol,,67-56-1,LCN TM (NMR Tested),94353,2.5 L,,,
LCN Grade Solvents,n-Hexane,,110-54-3,LCN TM (NMR Tested),90035,2.5 L,,,
Products for Peptide Industry,"Acetic acid Glacial, 99.8%",,64-19-7,DRYSOLV,90729,,,,
Products for Peptide Industry,"N,N’-Dicyclohexylcarbodiimide, 99%",,538-75-0,SG,90975,,,,
Products for Peptide Industry,"N,N’-Diisopropylcarbodiimide, 99%",,693-13-0,SG,92057,,,,
Products for Peptide Industry,"N,N-Diisopropylethylamine, 99%",,108-20-3,SG,90952,,,,
Products for Peptide Industry,"Orthophosphoric acid HPLC, 85%",,7664-38-2,HPLC,90039,,,,
Products for Peptide Industry,"Thioanisole, 99%",,100-68-5,SG,92032,,,,
Products for Peptide Industry,"Triethylamine HPLC, 99.8%",,121-44-8,HPLC,90051,,,,
Products for Peptide Industry,"Trifluoroacetic acid HPLC, 99.8%",,76-05-1,HPLC,92433,,,,
Products for Peptide Industry,"Acetonitrile HPLC, 99.9%",,75-05-8,HPLC,90003,,,,
Products for Peptide Industry,"Dichloromethane, 99.0%",,75-09-2,LR,90389,,,,
Products for Peptide Industry,"Diethyl ether, 99.8%",,60-29-7,DRYSOLV,90722,,,,
Products for Peptide Industry,"N,N-Dimethylacetamide HPLC, 99.8%",,127-19-5,HPLC,90032,,,,
Products for Peptide Industry,"N,N-Dimethylformamide, 99.5%",,68-12-2,LR,90464,,,,
Products for Peptide Industry,"Ethyl acetate, 99%",,141-78-6,LR,90406,,,,
Products for Peptide Industry,"Methanol, 99.5%",,67-56-1,AR,90188,,,,
Products for Peptide Industry,"Tetrahydrofuran (Stabilized), 99.7%",,109-99-9,DRYSOLV,90726,,,,
AnalytiChem Reference Materials,Multi Element ICP QC Standard sol. (QCS-04) (19E),,,,CL01.13604.0100,100 ML,,,
AnalytiChem Reference Materials,Multi Element ICP ASL QC Standard sol. (QCS-ASL-21) (21E),,,,CL01.13609.0100,100 ML,,,
AnalytiChem Reference Materials,Multi Element ICP Standard sol. WPTM-01 (15E),,,,CL01.13841.0100,100 ML,,,
AnalytiChem Reference Materials,Multi Element ICP Standard sol. WPTM-01 (15E),,,,CL01.13841.0500,500 ML,,,
AnalytiChem Reference Materials,Multi Element ICP Standard sol. (9E) - Calibration Standard 1,,,,CL01.39418.0100,100 ML,,,
AnalytiChem Reference Materials,Multi Element ICP Standard sol. (30E) - Calibration Standard 3,,,,CL01.39419.0100,100 ML,,,
AnalytiChem Reference Materials,Multi Element ICP Standard sol. (12E) - UV Wavecal Solution,,,,CL01.39420.0500,500 ML,,,
AnalytiChem Reference Materials,Multi Element ICP Standard sol. (10E) - Calibration Mix,,,,CL01.39595.0500,500 ML,,,
AnalytiChem Reference Materials,"Water, High Purity ICP-MS grade (Pico-Pure Plus)",,,,CL02.2107.1000,1 L,,,
AnalytiChem Reference Materials,Multi Element ICP-MS Calibration Standard sol. (17E),,,,CL13.13501.0100,100 ML,,,
AnalytiChem Reference Materials,Multi Element ICP-MS Calibration Standard sol. (10E),,,,CL13.13503.0100,100 ML,,,
AnalytiChem Reference Materials,Multi Element ICP-MS Calibration Standard sol. (12E),,,,CL13.13504.0100,100 ML,,,
AnalytiChem Reference Materials,Cadmium standard solution 1000 µg/ml (Spectro ECON),,,,CL01.0306.0250,250 ML,,,
AnalytiChem Reference Materials,Lead standard solution 1000 µg/ml (Spectro ECON),,,,CL01.1225.0500,500 ML,,,
AnalytiChem Reference Materials,Arsenicum standard solution 1000 µg/ml (SpectroECON),,,,CL01.0135.0500,500 ML,,,
Quaternary Salt Solutions,Tetrabutylammonium hydroxide 0.1 M solution in water,,2052-49-5,AR,91758,500 ML,,,
Quaternary Salt Solutions,Tetrabutylammonium hydroxide 0.1 N solution in water,,2052-49-5,AR,91742,100 ML/500 ML,,,
Quaternary Salt Solutions,Tetrabutylammonium hydroxide 1 wt.% solution in water,,2052-49-5,AR,91714,100 ML,,,
Quaternary Salt Solutions,Tetrabutylammonium hydroxide 10 wt.% solution in water,,2052-49-5,AR,91750,100 ML/500 ML,,,
Quaternary Salt Solutions,Tetrabutylammonium hydroxide 20 wt.% solution in water,,2052-49-5,AR,91749,100 ML/500 ML,,,
Quaternary Salt Solutions,Tetrabutylammonium hydroxide 25 wt.% solution in water,,2052-49-5,AR,91748,100 ML/500 ML,,,
Quaternary Salt Solutions,Tetrabutylammonium hydroxide 40 wt.% solution in water,,2052-49-5,AR,91747,100 ML/500 ML,,,
Quaternary Salt Solutions,Tetrabutylammonium hydroxide 0.1 N solution in Methanol,,2052-49-5,AR,91754,500 ML,,,
Quaternary Salt Solutions,Tetrabutylammonium hydroxide 1.0 N solution in Methanol,,2052-49-5,AR,91737,100 ML/500 ML,,,
Quaternary Salt Solutions,Tetrabutylammonium hydroxide 10 wt.% solution in Methanol,,2052-49-5,AR,91753,100 ML/500 ML,,,
Quaternary Salt Solutions,Tetrabutylammonium hydroxide 20 wt.% solution in Methanol,,2052-49-5,AR,91752,100 ML/500 ML,,,
Quaternary Salt Solutions,Tetrabutylammonium hydroxide 25 wt.% solution in Methanol,,2052-49-5,AR,91751,100 ML/500 ML,,,
Quaternary Salt Solutions,"Tetrabutylammonium hydroxide, 40 wt% in Methanol",,2052-49-5,AR,93088,100 ML/500 ML,,,
Ion Pairing Reagents / KBr,1-Decane sulphonic acid sodium salt anhydrous,,13419-61-9,HPLC,90015,,,,
Ion Pairing Reagents / KBr,1-Decane sulphonic acid sodium salt monohydrate,,26942-26-1,HPLC,90016,,,,
Ion Pairing Reagents / KBr,"Heptafluorobutyric acid, 98%",,375-22-4,Synthesis,90908,,,,
Ion Pairing Reagents / KBr,1-Heptane sulfonic acid sodium salt monohydrate,,207300-90-1,HPLC,90024,,,,
Ion Pairing Reagents / KBr,1-Heptane sulphonic acid sodium salt anhydrous,,22767-50-6,HPLC,90023,,,,
Ion Pairing Reagents / KBr,1-Hexane sulphonic acid sodium salt anhydrous,,2832-45-3,HPLC,90025,,,,
Ion Pairing Reagents / KBr,1-Hexane sulphonic acid sodium salt monohydrate,,207300-91-2,HPLC,90026,,,,
Ion Pairing Reagents / KBr,1-Octane sulphonic acid sodium salt anhydrous,,5324-84-5,HPLC,90037,,,,
Ion Pairing Reagents / KBr,1-Octane sulphonic acid sodium salt monohydrate,,207596-29-0,HPLC,90038,,,,
Ion Pairing Reagents / KBr,1-Pentane sulphonic acid sodium salt anhydrous,,22767-49-3,HPLC,90040,,,,
Ion Pairing Reagents / KBr,1-Pentane sulphonic acid sodium salt monohydrate,,207605-40-1,HPLC,90041,,,,
Ion Pairing Reagents / KBr,Tetrabutylammonium dihydrogenphosphate,,5574-97-0,HPLC,90079,,,,
Ion Pairing Reagents / KBr,"Tetrabutylammonium hydrogensulphate, 99%",,32503-27-8,UHPLC,90082,,,,
Ion Pairing Reagents / KBr,Triethylamine,,121-44-8,HPLC,90051,,,,
Conjugated Bile Salts,"Sodium chenodeoxycholate, 97%",,2646-38-0,,18006,,,,
Conjugated Bile Salts,"Sodium glycochenodeoxycholate, 98%",,16564-43-5,,19002,,,,
Conjugated Bile Salts,"Sodium glycocholate hydrate, 99%",,338950-81-5,,19001,,,,
Conjugated Bile Salts,"Sodium glycodeoxycholate, 97%",,16409-34-0,,19040,,,,
Conjugated Bile Salts,"Sodium taurochenodeoxycholate, 95%",,6009-98-9,,19030,,,,
Conjugated Bile Salts,"Sodium taurocholate hydrate, 98%",,345909-26-4,,10019,,,,
Conjugated Bile Salts,"Sodium taurodeoxycholate hydrate, 98%",,207737-97-1,,19010,,,,
HPLC Grade Solvents,Acetonitrile,,75-05-8,HPLC,90003,,,,
HPLC Grade Solvents,Acetonitrile,,75-05-8,HPLC (GRADIENT),90004,,,,
HPLC Grade Solvents,Acetonitrile,,75-05-8,LC-MS,90005,,,,
HPLC Grade Solvents,Acetonitrile,,75-05-8,ULC-MS,97801,,,,
HPLC Grade Solvents,Acetonitrile,,75-05-8,Premium,90099,,,,
AD TRACE High Pure Acids,Nitric acid 67-70%,,,AD TRACE,97604,500 ML,,,
AD TRACE High Pure Acids,Nitric acid 67-70%,,,AD TRACE+,97605,500 ML,,,
AD TRACE High Pure Acids,Hydrochloric acid 34-37%,,,AD TRACE,97601,500 ML,,,
AD TRACE High Pure Acids,Hydrochloric acid 34-37%,,,AD TRACE+,97602,500 ML,,,
AD TRACE High Pure Acids,Sulphuric acid 95-98%,,,AD TRACE,97607,500 ML,,,
AD TRACE High Pure Acids,Sulphuric acid 95-98%,,,AD TRACE+,97608,500 ML,,,
AD TRACE High Pure Acids,Hydrogen Peroxide-30%,,,AD TRACE,97614,500 ML,,,
AD TRACE High Pure Acids,Hydrogen Peroxide-30%,,,AD TRACE+,97615,500 ML,,,
AD TRACE High Pure Acids,Hydrofluoric Acid-48%,,,AD TRACE,97610,500 ML,,,
AD TRACE High Pure Acids,Hydrofluoric Acid-48%,,,AD TRACE+,97611,500 ML,,,
Calibration Standards,Standard Buffer Borate pH 9.225,,,,,500 ML,,,
Calibration Standards,Standard Buffer Calcium hydroxide pH 12.627,,,,,500 ML,,,
Calibration Standards,Standard Buffer Potassium tetraoxalate pH 1.675 (colored),,,,,500 ML,,,
Calibration Standards,Buffer pH 4.00 (colored),,,,,500 ML,,,
Calibration Standards,Buffer pH 7.00 (colored),,,,,500 ML,,,
Calibration Standards,Buffer pH 2.00 (colored),,,,,500 ML,,,
Calibration Standards,Buffer pH 10.00 (colored),,,,,500 ML,,,
Calibration Standards,Calibration standard for HPLC of ADVENT make,,,,,100 g,,,
Calibration Standards,"Hydralyt® di-Sodium tartrate.2aq, 99.5+%",Secondary standard for volumetric Karl Fisher titration; traceability NIST SRM 2890,,,,100 g,,,
Calibration Standards,"Saccharose, D(+) a.r., 99,5+%",Traceable to NIST primary standard; NIST SRM 171,,,,100 g,,,
Calibration Standards,Standard Buffer,"For pH measurements; traceability NIST SRM 189c, 188, 185i, 186Ig, 186IIg, 187e",,,,50 g,,,
Calibration Standards,Chromate calibration solution,,,,UV-VIS Standard 1,10 ML ampoule,,,
Calibration Standards,Chromate calibration solution,,,,UV-VIS Standard 1A,1 ML ampoule,,,
Calibration Standards,Holmium(III) oxide calibration solution,,,,UV-VIS Standard 6,100 ML glass bottle,,,
Calibration Standards,Potassium chloride solution,,,,UV-VIS Standard 4,10 ML ampoule,,,
Calibration Standards,Sodium iodide 10 g/L H2O solution,,,,UV-VIS Standard 3,10 ML ampoule,,,
Calibration Standards,Sodium nitrite 50 g/L H2O solution,,,,UV-VIS Standard 2,10 ML ampoule,,,
Calibration Standards,Toluene standard solution,,,,UV-VIS Standard 5,10 ML ampoule,,,
Calibration Standards,Caffeine,,,,,,,,Melting point calibration standard
Calibration Standards,Vanillin,,,,,,,,Melting point calibration standard
Calibration Standards,Acetanilide,,,,,,,,Melting point calibration standard
Calibration Standards,Sulphanilamide,,,,,,,,Melting point calibration standard
